Job_ID,Job_Title,Experience_Level,Years_Experience_Required,Company,Industry,Location,Remote,Employment_Type,Required_Skills,Company_Size,Salary_USD,Applicants_Count,Date_Posted
JOB00001,Junior Data Scientist,Entry,0.0,Fusion Analytics,Telecommunications,Remote,Yes,Full-time,"Tableau, Python, SQL",1001-5000,76000.0,84,2026-03-01
JOB00002,Computer Vision Engineer,Mid,3.0,Zenith Data Group,Healthcare,"Sydney, Australia",Yes,Full-time,"Power BI, Python, TensorFlow",201-1000,109000.0,27,2025-07-08
JOB00003,Director of Data Science,Manager,10.0,Silverline AI,Telecommunications,"San Francisco, USA",No,Full-time,"Generative AI, AWS, A/B Testing",201-1000,286500.0,9,2025-10-28
JOB00004,AI Research Scientist,Senior,6.0,Vertex Analytics,Telecommunications,"Bengaluru, India",No,Full-time,"Azure, Generative AI, AWS, GCP",5000+,82500.0,49,2026-04-03
JOB00005,Staff AI Engineer,Senior,6.0,DataForge,Consulting,"New York, USA",No,Full-time,"AWS, Deep Learning, Computer Vision, Generative AI",1001-5000,185500.0,64,2025-09-02
JOB00006,Senior Data Scientist,Senior,6.0,Horizon Cloud,Healthcare,"Sydney, Australia",No,Full-time,"MLOps, Machine Learning, Azure, Computer Vision",1-50,172000.0,87,2025-09-16
JOB00008,Computer Vision Engineer,Mid,3.0,Silverline AI,Finance,"San Francisco, USA",No,Contract,"Power BI, Deep Learning, SQL, TensorFlow",1-50,121500.0,23,2026-01-15
JOB00009,Junior Data Scientist,Entry,0.0,Pulse Robotics,Healthcare,"Sydney, Australia",No,Contract,"SQL, Python, Statistics, Excel, Kubernetes",1-50,65500.0,33,2026-03-14
JOB00010,AI Engineer,Mid,3.0,Pulse Robotics,Automotive,"Bengaluru, India",No,Full-time,"Python, NLP, Machine Learning, Deep Learning",1001-5000,41500.0,53,2025-09-20
JOB00012,Senior ML Engineer,Senior,6.0,Silverline AI,Gaming,"Toronto, Canada",Yes,Full-time,"NLP, Azure, AWS, Generative AI, MLOps",51-200,144500.0,19,2025-10-01
JOB00013,BI Analyst,Entry,0.0,Quantum Insight,Consulting,"Toronto, Canada",Yes,Full-time,"Excel, Data Visualization, Tableau, Statistics, Python",5000+,60000.0,121,2025-12-04
JOB00014,Junior Data Scientist,Entry,0.0,DataForge,Healthcare,"San Francisco, USA",No,Full-time,"Data Visualization, Tableau, SQL, Excel, Docker",1-50,115500.0,50,2026-01-08
JOB00015,Head of AI,Manager,10.0,Vertex Analytics,Education,Remote,Yes,Full-time,"GCP, Statistics, MLOps",51-200,276500.0,45,2025-09-22
JOB00016,Analytics Engineer,Mid,3.0,Silverline AI,Technology,"Toronto, Canada",No,Full-time,"Spark, NLP, Python, Computer Vision",51-200,117500.0,31,2025-11-03
JOB00017,Junior Data Scientist,Entry,0.0,Ironpeak Tech,Finance,Singapore,No,Full-time,"SQL, Data Visualization, Statistics, Python, Tableau",51-200,79500.0,65,2026-03-05
JOB00018,Data Scientist,Mid,3.0,Skyline Data Co,Technology,"Berlin, Germany",Yes,Full-time,"Machine Learning, SQL, Power BI, NLP, Computer Vision",201-1000,98000.0,25,2025-09-26
JOB00019,AI Engineer,Mid,3.0,Bluewave Tech,Consulting,Remote,Yes,Full-time,"PyTorch, SQL, TensorFlow",5000+,100000.0,42,2026-07-08
JOB00020,VP of Machine Learning,Manager,10.0,Vertex Analytics,Manufacturing,"Austin, USA",No,Contract,"Statistics, GCP, LLMs, AWS, A/B Testing",1001-5000,302000.0,40,2026-07-09
JOB00021,AI Research Assistant,Entry,0.0,Nexora AI,E-commerce,"Toronto, Canada",No,Full-time,"Statistics, Data Visualization, Tableau, SQL, Python",1-50,80500.0,25,2026-05-04
JOB00022,Computer Vision Engineer,Mid,3.0,Fusion Analytics,Automotive,"Dublin, Ireland",No,Full-time,"Deep Learning, Power BI, PyTorch, Machine Learning, AWS",1-50,116000.0,72,2025-09-10
JOB00023,NLP Engineer,Mid,3.0,Silverline AI,Manufacturing,"Austin, USA",No,Full-time,"PyTorch, Python, Spark, Power BI, Machine Learning, Generative AI",201-1000,102500.0,46,2025-09-03
JOB00024,Analytics Engineer,Mid,3.0,Nexora AI,Manufacturing,"Dublin, Ireland",No,Full-time,"Deep Learning, Python, TensorFlow, R",1001-5000,103000.0,104,2026-02-01
JOB00025,Data Engineer,Mid,3.0,Atlas Intelligence,Healthcare,"Austin, USA",No,Full-time,"Spark, TensorFlow, PyTorch",1001-5000,127500.0,61,2025-07-13
JOB00026,Analytics Engineer,Mid,3.0,Horizon Cloud,Healthcare,"San Francisco, USA",No,Full-time,"Python, Power BI, TensorFlow",5000+,143500.0,34,2025-09-03
JOB00027,Director of Data Science,Manager,10.0,Ironpeak Tech,Consulting,"Bengaluru, India",Yes,Full-time,"A/B Testing, GCP, Generative AI, PyTorch",1-50,143500.0,97,2025-10-01
JOB00028,Junior Data Scientist,Entry,0.0,Atlas Intelligence,E-commerce,"Sydney, Australia",Yes,Part-time,"Python, Statistics, Data Visualization, SQL",51-200,66000.0,8,2026-03-16
JOB00029,Computer Vision Engineer,Mid,3.0,Vertex Analytics,Technology,"Bengaluru, India",No,Contract,"Machine Learning, Spark, Python, Excel",5000+,50500.0,22,2026-04-17
JOB00030,Machine Learning Engineer,Mid,3.0,Bright Path AI,Manufacturing,"Dublin, Ireland",Yes,Full-time,"AWS, NLP, Machine Learning, Airflow",51-200,95500.0,24,2025-09-18
JOB00031,Data Engineer,Mid,3.0,Skyline Data Co,Education,"Sydney, Australia",No,Full-time,"Machine Learning, PyTorch, SQL, Deep Learning, Power BI",51-200,139000.0,11,2026-04-06
JOB00032,NLP Engineer,Mid,3.0,Vertex Analytics,Education,"Dublin, Ireland",Yes,Full-time,"Spark, Deep Learning, SQL, Machine Learning, Power BI",51-200,108000.0,36,2025-12-06
JOB00033,ML Engineer I,Entry,0.0,Orbital Systems,Education,"Sydney, Australia",No,Full-time,"Statistics, Excel, Python",51-200,87500.0,29,2025-12-14
JOB00034,Senior ML Engineer,Senior,6.0,Meridian Software,Finance,"Toronto, Canada",Yes,Full-time,"GCP, Azure, Machine Learning, AWS, Computer Vision",51-200,141000.0,96,2025-08-08
JOB00035,Analytics Engineer,Mid,3.0,Bluewave Tech,Automotive,"Sydney, Australia",Yes,Full-time,"SQL, Deep Learning, AWS, LLMs",1-50,129000.0,7,2026-06-27
JOB00036,AI Engineer,Mid,3.0,Novacore AI,Education,"Sydney, Australia",No,Full-time,"Deep Learning, AWS, Python",201-1000,109000.0,144,2025-10-24
JOB00037,Data Analyst,Entry,0.0,Vertex Analytics,Telecommunications,"New York, USA",No,Full-time,"SQL, Data Visualization, Excel",5000+,71000.0,15,2026-01-24
JOB00038,AI Research Scientist,Senior,6.0,Fusion Analytics,Automotive,"London, UK",Yes,Full-time,"Machine Learning, LLMs, AWS, NLP, Kubernetes, Computer Vision",201-1000,161000.0,11,2026-05-20
JOB00039,BI Analyst,Entry,0.0,Bluewave Tech,Technology,Singapore,No,Full-time,"SQL, Python, Excel, Tableau, MLOps",1-50,64500.0,88,2025-10-19
JOB00040,Computer Vision Engineer,Mid,3.0,Horizon Cloud,Gaming,Remote,Yes,Full-time,"SQL, Deep Learning, PyTorch, Machine Learning, Python",201-1000,120000.0,29,2026-06-15
JOB00041,Data Engineer,Mid,3.0,Bright Path AI,Automotive,Singapore,Yes,Full-time,"AWS, Deep Learning, Spark, Python",201-1000,102500.0,86,2026-03-26
JOB00042,BI Analyst,Entry,0.0,Nexora AI,Healthcare,"Toronto, Canada",No,Full-time,"Tableau, Statistics, Python, SQL",51-200,78000.0,18,2026-07-02
JOB00044,Data Science Manager,Manager,10.0,Quantum Insight,Telecommunications,"London, UK",Yes,Full-time,"MLOps, Statistics, GCP, R",201-1000,329000.0,20,2026-06-14
JOB00045,Junior Data Scientist,Entry,0.0,Corelytics,Finance,"New York, USA",No,Full-time,"Excel, Tableau, SQL, Python, TensorFlow",5000+,72000.0,37,2026-06-14
JOB00046,Data Engineer I,Entry,0.0,Clearline Systems,E-commerce,"Dublin, Ireland",Yes,Full-time,"Python, Tableau, SQL",1-50,55000.0,71,2025-09-19
JOB00047,AI Engineer,Mid,3.0,Horizon Cloud,Telecommunications,"Bengaluru, India",Yes,Full-time,"Spark, Machine Learning, AWS",201-1000,44000.0,68,2026-06-08
JOB00048,Machine Learning Engineer,Mid,3.0,Atlas Intelligence,Gaming,"Berlin, Germany",No,Full-time,"NLP, AWS, Python",1001-5000,81500.0,94,2025-10-19
JOB00050,NLP Engineer,Mid,3.0,Horizon Cloud,Automotive,"London, UK",No,Full-time,"AWS, PyTorch, Power BI, Deep Learning",201-1000,133500.0,38,2025-09-14
JOB00051,Data Analyst,Entry,0.0,Skyline Data Co,E-commerce,Singapore,No,Full-time,"Data Visualization, Statistics, SQL, Excel, PyTorch",51-200,88500.0,32,2025-09-08
JOB00052,Head of Analytics,Manager,10.0,Fusion Analytics,Education,"New York, USA",Yes,Full-time,"Generative AI, Statistics, GCP, LLMs, MLOps",5000+,236500.0,27,2026-04-09
JOB00053,Junior Data Scientist,Entry,0.0,Bright Path AI,Gaming,"Dublin, Ireland",No,Full-time,"Excel, Statistics, Data Visualization, Tableau, SQL",201-1000,57500.0,66,2025-07-10
JOB00054,AI Research Scientist,Senior,6.0,Silverline AI,Finance,"San Francisco, USA",Yes,Full-time,"NLP, Kubernetes, Machine Learning, Computer Vision",5000+,183000.0,12,2026-06-02
JOB00055,Machine Learning Engineer,Mid,3.0,Northstar Labs,Technology,Singapore,Yes,Full-time,"PyTorch, Machine Learning, Spark, Deep Learning",51-200,140000.0,20,2026-05-14
JOB00056,AI Engineer,Mid,3.0,Novacore AI,Consulting,"Austin, USA",No,Full-time,"Deep Learning, Machine Learning, NLP, PyTorch, SQL, Azure",1-50,142000.0,91,2026-05-24
JOB00058,Computer Vision Engineer,Mid,3.0,Clearline Systems,Consulting,"Berlin, Germany",No,Full-time,"Deep Learning, AWS, NLP, Power BI, Machine Learning, R",201-1000,100000.0,83,2026-03-11
JOB00059,Lead Data Engineer,Senior,6.0,Atlas Intelligence,Healthcare,"New York, USA",Yes,Full-time,"Generative AI, Computer Vision, Machine Learning, NLP, GCP",5000+,168500.0,39,2026-04-02
JOB00060,Data Engineer,Mid,3.0,Fusion Analytics,E-commerce,"London, UK",No,Full-time,"Python, NLP, TensorFlow",5000+,115000.0,44,2025-08-10
JOB00062,AI Research Scientist,Senior,6.0,Quantum Insight,Technology,"Toronto, Canada",No,Full-time,"Kubernetes, Deep Learning, Azure",1-50,165000.0,4,2025-07-10
JOB00063,ML Engineer I,Entry,0.0,Vertex Analytics,E-commerce,Remote,Yes,Full-time,"SQL, Excel, Python, Statistics, Data Visualization",51-200,66000.0,6,2026-03-31
JOB00064,NLP Engineer,Mid,3.0,DataForge,Manufacturing,"Bengaluru, India",Yes,Full-time,"NLP, TensorFlow, PyTorch, AWS, Spark",51-200,61000.0,75,2026-06-22
JOB00065,Computer Vision Engineer,Mid,3.0,Meridian Software,Technology,"Toronto, Canada",Yes,Full-time,"SQL, AWS, TensorFlow, Python",1-50,115500.0,31,2026-01-09
JOB00066,Analytics Engineer,Mid,3.0,Quantum Insight,Healthcare,"Sydney, Australia",No,Full-time,"PyTorch, Machine Learning, TensorFlow, Power BI",1001-5000,112000.0,5,2025-10-24
JOB00067,Principal Data Scientist,Senior,6.0,Ironpeak Tech,Manufacturing,Singapore,No,Full-time,"Kubernetes, Deep Learning, Generative AI",51-200,179000.0,39,2026-01-02
JOB00068,Data Analyst,Entry,0.0,Bright Path AI,Telecommunications,"Dublin, Ireland",Yes,Full-time,"Data Visualization, Tableau, Python",51-200,79500.0,125,2026-01-02
JOB00069,NLP Engineer,Mid,3.0,Northstar Labs,Technology,"Bengaluru, India",Yes,Contract,"AWS, Power BI, NLP",1001-5000,56500.0,33,2026-06-06
JOB00070,Head of AI,Manager,10.0,DataForge,E-commerce,"Sydney, Australia",No,Full-time,"Statistics, MLOps, AWS",51-200,266000.0,54,2026-03-21
JOB00071,ML Engineer I,Entry,0.0,DataForge,Healthcare,"London, UK",Yes,Contract,"Python, Data Visualization, SQL, Statistics",201-1000,61500.0,116,2026-02-23
JOB00072,Staff AI Engineer,Senior,6.0,Clearline Systems,E-commerce,"Berlin, Germany",No,Full-time,"MLOps, Kubernetes, Generative AI, AWS",201-1000,132000.0,49,2025-10-22
JOB00073,AI Engineer,Mid,3.0,Novacore AI,Manufacturing,"New York, USA",No,Full-time,"SQL, TensorFlow, Python, Power BI, Machine Learning",1-50,148000.0,70,2025-07-19
JOB00074,Computer Vision Engineer,Mid,3.0,Pulse Robotics,Gaming,Singapore,No,Part-time,"Spark, Power BI, Deep Learning",1001-5000,125500.0,27,2026-07-10
JOB00075,Senior ML Engineer,Senior,6.0,Quantum Insight,Telecommunications,"Austin, USA",No,Full-time,"NLP, Machine Learning, AWS, Azure, Generative AI",1001-5000,176000.0,95,2026-04-24
JOB00076,Lead Data Engineer,Senior,6.0,Silverline AI,Automotive,"London, UK",No,Full-time,"Azure, AWS, Deep Learning, MLOps",51-200,166000.0,44,2026-04-10
JOB00077,Computer Vision Engineer,Mid,3.0,Novacore AI,Technology,"New York, USA",No,Full-time,"AWS, Power BI, Python",201-1000,112500.0,81,2026-03-13
JOB00078,ML Engineer I,Entry,0.0,Horizon Cloud,Consulting,"Bengaluru, India",No,Full-time,"Excel, SQL, Data Visualization, Python, Statistics",5000+,26500.0,43,2026-07-03
JOB00079,Analytics Engineer,Mid,3.0,Bluewave Tech,Manufacturing,"San Francisco, USA",Yes,Full-time,"Power BI, SQL, Deep Learning, Machine Learning, PyTorch, Kubernetes",5000+,177500.0,10,2025-09-02
JOB00080,Machine Learning Engineer,Mid,3.0,Orbital Systems,Consulting,"San Francisco, USA",Yes,Full-time,"AWS, Machine Learning, NLP, TensorFlow",201-1000,173500.0,84,2025-09-13
JOB00081,ML Engineer I,Entry,0.0,DataForge,Gaming,"Berlin, Germany",No,Contract,"Excel, SQL, Tableau",1001-5000,61000.0,2,2025-09-07
JOB00082,AI Research Assistant,Entry,0.0,Novacore AI,E-commerce,"New York, USA",Yes,Full-time,"SQL, Python, Statistics, Tableau, Excel, LLMs",1001-5000,102000.0,11,2026-03-25
JOB00083,Lead Data Engineer,Senior,6.0,Nexora AI,E-commerce,"Austin, USA",No,Full-time,"Azure, Generative AI, NLP, MLOps, Deep Learning, Docker",201-1000,188500.0,15,2025-07-31
JOB00084,Senior Data Scientist,Senior,6.0,Orbital Systems,Education,"New York, USA",No,Full-time,"NLP, MLOps, Kubernetes, Data Visualization",1-50,227000.0,59,2026-02-13
JOB00085,AI Research Assistant,Entry,0.0,Zenith Data Group,Education,"Sydney, Australia",Yes,Full-time,"Data Visualization, Statistics, Tableau",5000+,83000.0,33,2026-05-22
JOB00086,Data Engineer,Mid,3.0,Northstar Labs,Consulting,"Bengaluru, India",Yes,Full-time,"NLP, Power BI, Machine Learning, Spark",1001-5000,45000.0,40,2026-02-19
JOB00087,AI Research Scientist,Senior,6.0,Zenith Data Group,Gaming,"London, UK",No,Full-time,"AWS, Kubernetes, Computer Vision, Generative AI, Azure, LLMs",1001-5000,177000.0,51,2026-02-18
JOB00088,Junior Data Scientist,Entry,0.0,Silverline AI,Gaming,"San Francisco, USA",No,Full-time,"Python, Excel, Statistics, Data Visualization",1001-5000,103500.0,31,2025-11-16
JOB00089,ML Engineer I,Entry,0.0,Pulse Robotics,Manufacturing,"London, UK",No,Full-time,"Excel, Statistics, Data Visualization",1001-5000,91500.0,9,2025-10-12
JOB00090,Junior Data Scientist,Entry,0.0,Nexora AI,Gaming,"Austin, USA",Yes,Full-time,"Statistics, Data Visualization, Python, Excel, Deep Learning",5000+,76000.0,25,2025-09-24
JOB00091,Head of Analytics,Manager,10.0,DataForge,Telecommunications,"San Francisco, USA",Yes,Full-time,"LLMs, Statistics, GCP, Generative AI, Data Visualization",51-200,247500.0,7,2025-10-15
JOB00092,NLP Engineer,Mid,3.0,Nexora AI,Finance,"London, UK",No,Full-time,"NLP, Machine Learning, Power BI, TensorFlow, SQL",5000+,103000.0,141,2025-11-03
JOB00093,Junior Data Scientist,Entry,0.0,Fusion Analytics,Gaming,"Sydney, Australia",Yes,Full-time,"Excel, Data Visualization, SQL, Statistics, Tableau",1-50,79500.0,58,2026-01-21
JOB00096,AI Research Assistant,Entry,0.0,Corelytics,Education,"Austin, USA",No,Full-time,"Statistics, Tableau, SQL, Excel",1-50,58500.0,46,2026-06-01
JOB00097,ML Engineer I,Entry,0.0,Atlas Intelligence,Manufacturing,"New York, USA",No,Full-time,"Excel, Tableau, Statistics",5000+,70500.0,17,2026-03-07
JOB00098,Data Engineer,Mid,3.0,Northstar Labs,Healthcare,"Berlin, Germany",Yes,Full-time,"PyTorch, TensorFlow, SQL, Generative AI",5000+,107500.0,46,2026-06-12
JOB00099,AI Engineer,Mid,3.0,Bright Path AI,Technology,"Toronto, Canada",Yes,Full-time,"AWS, Spark, Power BI, Machine Learning",201-1000,99500.0,154,2026-03-20
JOB00100,Analytics Engineer,Mid,3.0,DataForge,Automotive,"London, UK",No,Full-time,"Power BI, PyTorch, Deep Learning, NLP",5000+,107000.0,60,2025-07-24
JOB00101,AI Research Assistant,Entry,0.0,Skyline Data Co,Gaming,"Toronto, Canada",No,Full-time,"Data Visualization, Python, Tableau, Statistics",51-200,73000.0,92,2025-07-10
JOB00103,Analytics Engineer,Mid,3.0,Bright Path AI,Automotive,"London, UK",No,Full-time,"AWS, Spark, Python, SQL, Deep Learning",1-50,116500.0,76,2026-01-09
JOB00104,Junior Data Scientist,Entry,0.0,Corelytics,Gaming,"Austin, USA",Yes,Full-time,"Python, Tableau, SQL",51-200,63500.0,69,2025-12-16
JOB00105,Director of Data Science,Manager,10.0,Northstar Labs,Manufacturing,Remote,Yes,Full-time,"MLOps, AWS, LLMs, A/B Testing",51-200,195500.0,39,2026-07-12
JOB00106,Data Analyst,Entry,0.0,Vertex Analytics,E-commerce,"Berlin, Germany",No,Contract,"Tableau, SQL, Statistics, Python, PyTorch",1-50,48000.0,26,2026-07-05
JOB00107,AI Engineer,Mid,3.0,Nexora AI,Gaming,"Berlin, Germany",Yes,Full-time,"Deep Learning, Spark, NLP, Power BI, TensorFlow, MLOps",51-200,114500.0,50,2025-10-27
JOB00108,Computer Vision Engineer,Mid,3.0,DataForge,Technology,"London, UK",Yes,Full-time,"Spark, PyTorch, AWS, NLP",201-1000,114000.0,24,2026-03-13
JOB00109,Analytics Engineer,Mid,3.0,Zenith Data Group,E-commerce,"Austin, USA",Yes,Full-time,"Power BI, Python, SQL, NLP",201-1000,106500.0,137,2026-06-05
JOB00112,Junior Data Scientist,Entry,0.0,Zenith Data Group,Gaming,"Berlin, Germany",No,Full-time,"SQL, Tableau, Python, Data Visualization",201-1000,72500.0,41,2025-11-27
JOB00113,VP of Machine Learning,Manager,10.0,Atlas Intelligence,Education,"San Francisco, USA",No,Full-time,"AWS, Generative AI, Statistics, MLOps, Docker",201-1000,260500.0,67,2025-11-09
JOB00114,AI Research Assistant,Entry,0.0,Pulse Robotics,Manufacturing,"Toronto, Canada",No,Full-time,"Python, Statistics, Data Visualization, LLMs",5000+,58500.0,27,2025-12-28
JOB00115,Head of AI,Manager,10.0,Quantum Insight,Finance,"Berlin, Germany",Yes,Full-time,"AWS, Generative AI, GCP",201-1000,192500.0,51,2025-07-23
JOB00117,Data Engineer,Mid,3.0,Silverline AI,Education,"London, UK",No,Full-time,"AWS, TensorFlow, SQL, Spark",201-1000,127500.0,100,2026-05-15
JOB00118,BI Analyst,Entry,0.0,Quantum Insight,Gaming,"London, UK",Yes,Full-time,"Excel, Statistics, Tableau, SQL, Python",201-1000,83500.0,24,2025-12-05
JOB00119,AI Engineer,Mid,3.0,Corelytics,Consulting,"London, UK",No,Full-time,"NLP, Deep Learning, Machine Learning, Azure",5000+,135500.0,121,2026-07-09
JOB00120,Senior Data Scientist,Senior,6.0,Bright Path AI,Manufacturing,"Toronto, Canada",No,Full-time,"NLP, Deep Learning, Computer Vision",51-200,136000.0,24,2025-10-05
JOB00121,Senior Data Scientist,Senior,6.0,Orbital Systems,Automotive,Singapore,Yes,Full-time,"Deep Learning, Machine Learning, LLMs, Computer Vision",201-1000,177500.0,34,2025-10-02
JOB00122,Machine Learning Engineer,Mid,3.0,Orbital Systems,Automotive,"New York, USA",Yes,Full-time,"Python, Power BI, Spark, PyTorch, NLP",201-1000,123500.0,5,2025-08-13
JOB00123,Analytics Engineer,Mid,3.0,Ironpeak Tech,Automotive,"Austin, USA",Yes,Full-time,"AWS, Python, Deep Learning",1-50,146500.0,21,2026-05-12
JOB00124,Data Analyst,Entry,0.0,Nexora AI,Manufacturing,"Sydney, Australia",No,Contract,"Data Visualization, SQL, Tableau, Python, Excel",5000+,81000.0,7,2026-05-19
JOB00125,Data Scientist,Mid,3.0,Horizon Cloud,Finance,"Dublin, Ireland",Yes,Full-time,"Python, Spark, Machine Learning, Power BI",201-1000,103500.0,70,2026-01-20
JOB00126,Computer Vision Engineer,Mid,3.0,Horizon Cloud,Automotive,"Berlin, Germany",No,Full-time,"Python, AWS, Spark, Excel",51-200,82000.0,110,2025-10-24
JOB00127,Director of Data Science,Manager,10.0,Bluewave Tech,Healthcare,"Austin, USA",Yes,Full-time,"LLMs, MLOps, Statistics",1001-5000,230000.0,19,2026-04-12
JOB00128,Lead Data Engineer,Senior,6.0,Meridian Software,Telecommunications,"Sydney, Australia",Yes,Part-time,"MLOps, Deep Learning, NLP, AWS, Generative AI, Power BI",1001-5000,188000.0,89,2025-07-27
JOB00129,Data Scientist,Mid,3.0,Clearline Systems,E-commerce,Singapore,No,Full-time,"PyTorch, AWS, SQL, Deep Learning, Computer Vision",1-50,136500.0,48,2026-06-02
JOB00130,NLP Engineer,Mid,3.0,Novacore AI,Manufacturing,"London, UK",No,Full-time,"SQL, PyTorch, Python, MLOps",1001-5000,125000.0,26,2026-04-28
JOB00131,Analytics Engineer,Mid,3.0,Novacore AI,Education,"Bengaluru, India",No,Full-time,"Power BI, Machine Learning, TensorFlow, SQL",51-200,50500.0,31,2025-11-13
JOB00132,Machine Learning Engineer,Mid,3.0,Quantum Insight,Education,"Sydney, Australia",Yes,Full-time,"TensorFlow, Python, Power BI, AWS, Machine Learning, A/B Testing",201-1000,94500.0,60,2025-10-03
JOB00133,Data Engineer,Mid,3.0,Novacore AI,Telecommunications,"Dublin, Ireland",Yes,Part-time,"TensorFlow, Deep Learning, NLP, Spark, AWS",51-200,88000.0,53,2025-08-14
JOB00134,Computer Vision Engineer,Mid,3.0,Orbital Systems,Finance,"Berlin, Germany",No,Contract,"SQL, NLP, Python, Power BI, Statistics",51-200,103500.0,55,2025-09-26
JOB00135,AI Research Scientist,Senior,6.0,Nexora AI,Education,"Sydney, Australia",No,Full-time,"MLOps, Deep Learning, Azure, Kubernetes",1001-5000,145000.0,16,2026-05-23
JOB00136,Senior ML Engineer,Senior,6.0,Fusion Analytics,Telecommunications,Remote,Yes,Full-time,"Azure, Deep Learning, Kubernetes, Computer Vision, MLOps",51-200,151500.0,11,2026-06-20
JOB00137,Machine Learning Engineer,Mid,3.0,Fusion Analytics,E-commerce,"New York, USA",No,Full-time,"SQL, Python, Power BI, PyTorch",5000+,152500.0,6,2026-01-30
JOB00138,Machine Learning Engineer,Mid,3.0,Corelytics,Telecommunications,Singapore,Yes,Full-time,"Deep Learning, Machine Learning, AWS, NLP, Python",201-1000,91500.0,36,2025-10-27
JOB00139,Data Scientist,Mid,3.0,Meridian Software,Manufacturing,"Toronto, Canada",Yes,Full-time,"Deep Learning, SQL, Spark, Power BI",51-200,121500.0,42,2026-03-20
JOB00140,Senior Data Scientist,Senior,6.0,Corelytics,Healthcare,"London, UK",No,Full-time,"Generative AI, Machine Learning, LLMs",1001-5000,177000.0,20,2025-10-24
JOB00141,Machine Learning Engineer,Mid,3.0,Silverline AI,Healthcare,"Toronto, Canada",Yes,Full-time,"AWS, Power BI, PyTorch, Machine Learning, Python",1001-5000,103000.0,74,2026-06-11
JOB00142,Principal Data Scientist,Senior,6.0,Bluewave Tech,Technology,"New York, USA",No,Full-time,"Deep Learning, MLOps, Generative AI",5000+,180500.0,86,2026-04-17
JOB00143,Data Engineer I,Entry,0.0,Quantum Insight,Healthcare,"Bengaluru, India",No,Full-time,"SQL, Tableau, Python, Statistics, Data Visualization",201-1000,37500.0,75,2025-09-23
JOB00144,Machine Learning Engineer,Mid,3.0,Quantum Insight,Gaming,"Bengaluru, India",No,Full-time,"Machine Learning, PyTorch, NLP, SQL, Deep Learning",1-50,57000.0,76,2026-01-23
JOB00145,Computer Vision Engineer,Mid,3.0,Atlas Intelligence,Consulting,"San Francisco, USA",No,Full-time,"PyTorch, Spark, Power BI, TensorFlow",1001-5000,161000.0,16,2025-09-30
JOB00146,Data Analyst,Entry,0.0,DataForge,Consulting,"New York, USA",No,Full-time,"Data Visualization, Tableau, Statistics, LLMs",51-200,97500.0,17,2025-12-20
JOB00147,NLP Engineer,Mid,3.0,Atlas Intelligence,Automotive,"Berlin, Germany",No,Full-time,"AWS, PyTorch, Machine Learning, NLP, TensorFlow",1-50,89000.0,43,2026-01-22
JOB00148,Data Science Manager,Manager,10.0,Zenith Data Group,Gaming,"Berlin, Germany",No,Full-time,"Statistics, MLOps, AWS, Generative AI, GCP",51-200,270500.0,49,2025-08-15
JOB00149,Director of Data Science,Manager,10.0,DataForge,Automotive,"Bengaluru, India",No,Contract,"AWS, LLMs, GCP",1-50,103500.0,52,2026-03-03
JOB00150,Computer Vision Engineer,Mid,3.0,Skyline Data Co,Gaming,"New York, USA",No,Full-time,"NLP, Deep Learning, PyTorch, Power BI, Machine Learning",201-1000,147000.0,34,2025-07-28
JOB00151,BI Analyst,Entry,0.0,Silverline AI,Manufacturing,"London, UK",No,Full-time,"Data Visualization, Statistics, Excel, Tableau",5000+,76500.0,48,2026-02-04
JOB00152,Junior Data Scientist,Entry,0.0,Fusion Analytics,Telecommunications,"Toronto, Canada",No,Full-time,"Python, Statistics, Data Visualization, SQL",1-50,80000.0,33,2025-10-06
JOB00153,Data Engineer,Mid,3.0,Meridian Software,Manufacturing,"Berlin, Germany",No,Full-time,"SQL, Machine Learning, Python, AWS, LLMs",1-50,81000.0,4,2025-08-16
JOB00154,Data Engineer,Mid,3.0,Bluewave Tech,Finance,Singapore,Yes,Full-time,"Spark, NLP, SQL, Deep Learning, Python",51-200,129000.0,28,2026-02-02
JOB00155,ML Engineer I,Entry,0.0,Atlas Intelligence,E-commerce,"Sydney, Australia",No,Full-time,"Statistics, Python, Excel, Data Visualization, Tableau",1-50,65000.0,10,2025-09-10
JOB00156,Senior ML Engineer,Senior,6.0,Ironpeak Tech,Finance,"London, UK",No,Full-time,"Kubernetes, Computer Vision, AWS, Deep Learning",201-1000,148500.0,45,2026-04-07
JOB00157,NLP Engineer,Mid,3.0,Atlas Intelligence,Automotive,"San Francisco, USA",Yes,Part-time,"Deep Learning, AWS, Power BI, Machine Learning",201-1000,151500.0,120,2025-09-13
JOB00158,Data Analyst,Entry,0.0,Orbital Systems,Telecommunications,Singapore,Yes,Full-time,"SQL, Excel, Data Visualization",201-1000,55500.0,9,2025-10-25
JOB00159,Data Engineer,Mid,3.0,Clearline Systems,Technology,"Austin, USA",Yes,Full-time,"SQL, AWS, Power BI, GCP",5000+,140500.0,2,2026-05-03
JOB00160,Staff AI Engineer,Senior,6.0,Orbital Systems,E-commerce,"Dublin, Ireland",No,Full-time,"Generative AI, LLMs, Deep Learning",5000+,156000.0,34,2025-08-17
JOB00161,Computer Vision Engineer,Mid,3.0,Silverline AI,Manufacturing,"New York, USA",No,Full-time,"Python, Deep Learning, SQL, AWS",51-200,142500.0,52,2025-11-03
JOB00163,ML Engineer I,Entry,0.0,Nexora AI,Technology,"Sydney, Australia",No,Full-time,"Python, SQL, Data Visualization, Tableau",5000+,89500.0,112,2026-04-09
JOB00164,NLP Engineer,Mid,3.0,Atlas Intelligence,Consulting,Singapore,Yes,Full-time,"Spark, Deep Learning, SQL",5000+,105500.0,22,2026-04-24
JOB00165,ML Engineer I,Entry,0.0,Vertex Analytics,Manufacturing,"Toronto, Canada",No,Full-time,"Statistics, Python, Data Visualization, Tableau, SQL",51-200,78000.0,32,2025-09-06
JOB00166,Data Engineer I,Entry,0.0,Quantum Insight,Gaming,"New York, USA",No,Full-time,"Data Visualization, Statistics, Excel, Python, Tableau",51-200,89500.0,102,2025-09-21
JOB00167,AI Engineer,Mid,3.0,Orbital Systems,Education,"London, UK",No,Full-time,"Deep Learning, NLP, Spark, TensorFlow",51-200,125500.0,76,2025-11-10
JOB00168,AI Research Assistant,Entry,0.0,Bluewave Tech,Education,"Toronto, Canada",No,Full-time,"Tableau, SQL, Excel, Python, Statistics",201-1000,71500.0,7,2025-11-06
JOB00169,Data Analyst,Entry,0.0,Novacore AI,Consulting,"London, UK",No,Full-time,"Tableau, Python, SQL",1-50,70500.0,70,2025-09-19
JOB00171,Machine Learning Engineer,Mid,3.0,Quantum Insight,Manufacturing,"New York, USA",No,Full-time,"Python, Machine Learning, AWS",5000+,133000.0,62,2026-04-21
JOB00172,Senior ML Engineer,Senior,6.0,Novacore AI,E-commerce,"London, UK",No,Contract,"NLP, Azure, Generative AI",5000+,196000.0,41,2025-12-08
JOB00173,Data Analyst,Entry,0.0,Northstar Labs,Healthcare,Remote,Yes,Full-time,"Statistics, Tableau, Data Visualization, Python",51-200,73000.0,77,2025-11-21
JOB00174,Data Engineer,Mid,3.0,Meridian Software,Telecommunications,"Toronto, Canada",No,Full-time,"PyTorch, Machine Learning, TensorFlow, Spark, Power BI",5000+,97500.0,51,2025-10-02
JOB00175,ML Engineer I,Entry,0.0,Ironpeak Tech,Technology,"Berlin, Germany",Yes,Full-time,"Data Visualization, Statistics, Excel",5000+,50500.0,20,2026-04-22
JOB00176,Computer Vision Engineer,Mid,3.0,Fusion Analytics,E-commerce,Remote,Yes,Full-time,"Spark, Machine Learning, Power BI, Statistics",51-200,110000.0,70,2025-07-05
JOB00177,Head of Analytics,Manager,10.0,Vertex Analytics,Gaming,"New York, USA",No,Full-time,"Statistics, Generative AI, GCP, A/B Testing",1001-5000,288000.0,25,2026-02-02
JOB00178,AI Engineer,Mid,3.0,Zenith Data Group,Healthcare,"Sydney, Australia",No,Full-time,"Power BI, TensorFlow, SQL, NLP",201-1000,135500.0,10,2025-10-25
JOB00180,Principal Data Scientist,Senior,6.0,Fusion Analytics,Consulting,"Berlin, Germany",No,Full-time,"NLP, Machine Learning, GCP, Python",5000+,169000.0,41,2025-11-12
JOB00181,Junior Data Scientist,Entry,0.0,Skyline Data Co,Automotive,Remote,Yes,Full-time,"Excel, Data Visualization, Python, Statistics, Tableau, Kubernetes",201-1000,55000.0,7,2026-07-08
JOB00182,Analytics Engineer,Mid,3.0,Meridian Software,Automotive,"Austin, USA",No,Full-time,"Deep Learning, Python, AWS",1001-5000,120000.0,24,2025-12-31
JOB00183,AI Research Scientist,Senior,6.0,Novacore AI,E-commerce,Remote,Yes,Full-time,"Computer Vision, Azure, Machine Learning, Generative AI, GCP",201-1000,183000.0,42,2025-11-02
JOB00185,AI Research Assistant,Entry,0.0,Silverline AI,Manufacturing,"Sydney, Australia",No,Full-time,"Data Visualization, Excel, Statistics",51-200,68000.0,19,2026-01-13
JOB00186,Data Engineer,Mid,3.0,Bluewave Tech,E-commerce,"Bengaluru, India",Yes,Full-time,"Power BI, NLP, Deep Learning, PyTorch",51-200,60000.0,106,2025-10-23
JOB00187,Principal Data Scientist,Senior,6.0,Vertex Analytics,Consulting,"Toronto, Canada",Yes,Full-time,"AWS, Computer Vision, GCP, Machine Learning",51-200,144500.0,4,2025-12-13
JOB00188,Data Engineer I,Entry,0.0,Nexora AI,Healthcare,Remote,Yes,Contract,"Statistics, Excel, Tableau, SQL, Python, Kubernetes",1001-5000,79500.0,90,2025-08-28
JOB00189,Senior ML Engineer,Senior,6.0,Bluewave Tech,Technology,"London, UK",No,Full-time,"Kubernetes, Machine Learning, AWS, GCP",1-50,197500.0,72,2026-02-06
JOB00190,Data Science Manager,Manager,10.0,Orbital Systems,Telecommunications,"Austin, USA",No,Full-time,"A/B Testing, Statistics, LLMs, Python",1-50,335500.0,77,2026-04-18
JOB00192,NLP Engineer,Mid,3.0,Clearline Systems,Healthcare,Remote,Yes,Full-time,"Deep Learning, AWS, Python, Power BI",201-1000,97000.0,86,2026-04-16
JOB00193,Director of Data Science,Manager,10.0,Northstar Labs,E-commerce,"Berlin, Germany",Yes,Full-time,"Statistics, GCP, LLMs, Generative AI, MLOps",51-200,266000.0,32,2026-03-21
JOB00194,Data Analyst,Entry,0.0,Skyline Data Co,Healthcare,"Bengaluru, India",No,Full-time,"Excel, Tableau, SQL, Data Visualization",1001-5000,29500.0,16,2026-04-29
JOB00195,Lead Data Engineer,Senior,6.0,Ironpeak Tech,Education,Singapore,No,Full-time,"Azure, GCP, Kubernetes, AWS, Computer Vision",5000+,151500.0,14,2025-07-21
JOB00196,AI Research Assistant,Entry,0.0,Bright Path AI,Technology,"Austin, USA",No,Full-time,"SQL, Python, Data Visualization",5000+,83000.0,113,2026-06-19
JOB00197,AI Engineer,Mid,3.0,Bluewave Tech,Manufacturing,Remote,Yes,Full-time,"SQL, TensorFlow, Deep Learning, AWS",51-200,124500.0,58,2026-01-13
JOB00198,Analytics Engineer,Mid,3.0,Ironpeak Tech,Finance,"Dublin, Ireland",No,Full-time,"Spark, Machine Learning, Power BI, Python, NLP, Tableau",51-200,125000.0,37,2025-11-12
JOB00200,Principal Data Scientist,Senior,6.0,Fusion Analytics,Technology,Remote,Yes,Contract,"Azure, NLP, MLOps, Deep Learning, GCP",201-1000,188000.0,91,2026-02-13
JOB00202,AI Engineer,Mid,3.0,Orbital Systems,Automotive,"Sydney, Australia",No,Contract,"Python, Deep Learning, NLP, PyTorch",1001-5000,134000.0,64,2026-04-15
JOB00204,Data Engineer,Mid,3.0,Bluewave Tech,E-commerce,"Toronto, Canada",No,Full-time,"Python, TensorFlow, Machine Learning",1001-5000,93000.0,7,2025-12-14
JOB00205,Machine Learning Engineer,Mid,3.0,Novacore AI,Manufacturing,"San Francisco, USA",No,Full-time,"Spark, TensorFlow, Deep Learning, Machine Learning, Excel",51-200,180000.0,17,2025-09-16
JOB00206,AI Research Assistant,Entry,0.0,Orbital Systems,Telecommunications,"New York, USA",Yes,Full-time,"Statistics, Data Visualization, Excel",51-200,96500.0,240,2025-11-15
JOB00207,Junior Data Scientist,Entry,0.0,Atlas Intelligence,Gaming,"Bengaluru, India",Yes,Full-time,"Excel, Statistics, Data Visualization, Tableau",1001-5000,34500.0,46,2026-05-19
JOB00208,Computer Vision Engineer,Mid,3.0,Bright Path AI,Finance,Singapore,No,Part-time,"Python, Machine Learning, PyTorch, SQL",5000+,91500.0,65,2025-09-02
JOB00209,NLP Engineer,Mid,3.0,Skyline Data Co,Gaming,"San Francisco, USA",Yes,Full-time,"PyTorch, TensorFlow, SQL, NLP, LLMs",1001-5000,128000.0,64,2026-06-25
JOB00210,Data Analyst,Entry,0.0,Bluewave Tech,E-commerce,"New York, USA",No,Full-time,"Data Visualization, Statistics, Excel",5000+,100500.0,46,2025-07-22
JOB00211,Staff AI Engineer,Senior,6.0,DataForge,Education,"Toronto, Canada",No,Full-time,"AWS, Deep Learning, GCP, MLOps",1-50,156500.0,112,2025-09-02
JOB00212,Computer Vision Engineer,Mid,3.0,Clearline Systems,Manufacturing,"Dublin, Ireland",No,Full-time,"Deep Learning, Spark, SQL, Machine Learning, AWS, A/B Testing",5000+,129000.0,52,2026-05-14
JOB00214,Data Engineer I,Entry,0.0,Zenith Data Group,Automotive,"London, UK",No,Full-time,"Python, Data Visualization, SQL, Excel, Tableau, NLP",5000+,76500.0,61,2025-09-10
JOB00215,Junior Data Scientist,Entry,0.0,Northstar Labs,Healthcare,"Berlin, Germany",No,Full-time,"Data Visualization, SQL, Excel, Tableau, Statistics",1-50,58500.0,5,2026-04-16
JOB00216,Staff AI Engineer,Senior,6.0,Zenith Data Group,Automotive,"New York, USA",Yes,Full-time,"GCP, Machine Learning, Azure, Computer Vision",1-50,175500.0,16,2026-01-27
JOB00217,NLP Engineer,Mid,3.0,Bluewave Tech,Automotive,"San Francisco, USA",No,Contract,"Power BI, AWS, SQL, PyTorch, NLP, Computer Vision",1-50,166500.0,156,2026-03-14
JOB00218,NLP Engineer,Mid,3.0,Silverline AI,Automotive,"Austin, USA",No,Full-time,"AWS, Power BI, SQL, PyTorch, NLP",1-50,145500.0,102,2026-01-13
JOB00220,Data Engineer,Mid,3.0,Corelytics,Manufacturing,"Toronto, Canada",No,Full-time,"SQL, AWS, Spark, TensorFlow",1-50,124500.0,50,2025-09-13
JOB00221,Analytics Engineer,Mid,3.0,Bright Path AI,Education,"Berlin, Germany",No,Full-time,"Spark, TensorFlow, SQL, Python, PyTorch, Power BI",1001-5000,86500.0,69,2025-07-01
JOB00222,ML Engineer I,Entry,0.0,Nexora AI,Gaming,"Bengaluru, India",No,Contract,"Python, Data Visualization, Excel, Tableau, Statistics, Power BI",1-50,31000.0,127,2025-11-29
JOB00223,Data Scientist,Mid,3.0,Pulse Robotics,Consulting,"New York, USA",Yes,Full-time,"Machine Learning, Power BI, Spark, SQL, TensorFlow",201-1000,123500.0,16,2026-06-26
JOB00225,Data Analyst,Entry,0.0,Novacore AI,Automotive,Remote,Yes,Full-time,"Excel, Data Visualization, Statistics, SQL, Tableau, Airflow",51-200,53500.0,25,2026-01-30
JOB00226,Staff AI Engineer,Senior,6.0,Fusion Analytics,Healthcare,"Austin, USA",No,Full-time,"LLMs, Deep Learning, Kubernetes",5000+,162000.0,25,2026-04-17
JOB00227,Machine Learning Engineer,Mid,3.0,Ironpeak Tech,Gaming,"San Francisco, USA",Yes,Full-time,"SQL, Spark, NLP",1001-5000,176500.0,18,2025-11-02
JOB00228,Junior Data Scientist,Entry,0.0,Bluewave Tech,Technology,"San Francisco, USA",No,Full-time,"Excel, Tableau, Data Visualization",51-200,93500.0,128,2026-01-17
JOB00229,Data Science Manager,Manager,10.0,Bright Path AI,Consulting,"Sydney, Australia",No,Part-time,"A/B Testing, GCP, Generative AI, Statistics, MLOps",1001-5000,243500.0,6,2025-09-05
JOB00230,Machine Learning Engineer,Mid,3.0,Ironpeak Tech,Finance,Singapore,No,Contract,"Spark, Machine Learning, Deep Learning",201-1000,128500.0,36,2025-07-06
JOB00231,NLP Engineer,Mid,3.0,Northstar Labs,Finance,"San Francisco, USA",No,Part-time,"AWS, TensorFlow, Machine Learning, Power BI, NLP",1001-5000,161500.0,20,2026-02-15
JOB00233,Senior ML Engineer,Senior,6.0,DataForge,E-commerce,"Dublin, Ireland",No,Full-time,"AWS, MLOps, Computer Vision, LLMs",1-50,141500.0,38,2026-07-12
JOB00234,Data Engineer I,Entry,0.0,Skyline Data Co,Manufacturing,Remote,Yes,Full-time,"Tableau, Excel, Statistics, SQL",51-200,65500.0,22,2025-10-31
JOB00235,Data Analyst,Entry,0.0,Nexora AI,Gaming,"Bengaluru, India",No,Contract,"SQL, Statistics, Tableau, Python, Excel",51-200,29000.0,33,2026-05-07
JOB00236,VP of Machine Learning,Manager,10.0,Horizon Cloud,Education,"London, UK",No,Full-time,"AWS, MLOps, Generative AI",1-50,239000.0,30,2026-05-08
JOB00237,Principal Data Scientist,Senior,6.0,Silverline AI,Consulting,Remote,Yes,Contract,"Kubernetes, Machine Learning, Generative AI, AWS, NLP, Tableau",51-200,142000.0,39,2025-12-23
JOB00238,BI Analyst,Entry,0.0,Silverline AI,Education,Singapore,Yes,Contract,"Tableau, Data Visualization, Excel, SQL, Python",1-50,77500.0,4,2025-09-13
JOB00239,Machine Learning Engineer,Mid,3.0,Silverline AI,Consulting,"Sydney, Australia",No,Full-time,"Power BI, TensorFlow, AWS, NLP, PyTorch",201-1000,116000.0,117,2026-01-24
JOB00240,Data Engineer,Mid,3.0,Zenith Data Group,Education,"San Francisco, USA",Yes,Full-time,"AWS, Spark, TensorFlow",1001-5000,161000.0,11,2026-01-16
JOB00241,Junior Data Scientist,Entry,0.0,Skyline Data Co,Automotive,Singapore,No,Full-time,"Python, Excel, Tableau, SQL",1001-5000,85000.0,99,2026-04-28
JOB00242,Data Analyst,Entry,0.0,Quantum Insight,Finance,"Austin, USA",Yes,Full-time,"SQL, Statistics, Excel, Data Visualization, Airflow",1-50,66000.0,42,2025-10-04
JOB00243,Data Analyst,Entry,0.0,Novacore AI,Consulting,"Dublin, Ireland",No,Full-time,"Statistics, Excel, Tableau, Python, Data Visualization",5000+,69500.0,26,2026-01-29
JOB00244,Machine Learning Engineer,Mid,3.0,Horizon Cloud,Technology,"San Francisco, USA",Yes,Full-time,"TensorFlow, Python, Machine Learning, Spark, SQL, Airflow",1-50,121500.0,64,2025-10-22
JOB00245,Lead Data Engineer,Senior,6.0,Pulse Robotics,Finance,"London, UK",No,Full-time,"Machine Learning, Computer Vision, Generative AI, Deep Learning, GCP, PyTorch",51-200,215000.0,31,2025-07-28
JOB00246,Senior Data Scientist,Senior,6.0,Clearline Systems,Automotive,"Dublin, Ireland",Yes,Contract,"Machine Learning, NLP, MLOps, AWS",201-1000,176000.0,15,2025-11-15
JOB00247,BI Analyst,Entry,0.0,Meridian Software,Finance,"Austin, USA",No,Full-time,"Tableau, Excel, Python, Data Visualization",201-1000,71500.0,88,2025-09-23
JOB00248,Data Engineer I,Entry,0.0,Bluewave Tech,Manufacturing,"Bengaluru, India",No,Full-time,"Python, Excel, Tableau, A/B Testing",1001-5000,35000.0,79,2025-09-09
JOB00249,VP of Machine Learning,Manager,10.0,Vertex Analytics,Automotive,"New York, USA",No,Contract,"GCP, MLOps, A/B Testing, Generative AI",51-200,334000.0,90,2025-11-24
JOB00250,Data Analyst,Entry,0.0,Vertex Analytics,Automotive,"London, UK",No,Full-time,"Excel, Data Visualization, Statistics, SQL",1-50,59000.0,59,2025-09-19
JOB00251,Machine Learning Engineer,Mid,3.0,Atlas Intelligence,Gaming,Remote,Yes,Full-time,"PyTorch, SQL, AWS, TensorFlow, NLP, Statistics",201-1000,120500.0,45,2026-01-11
JOB00252,Lead Data Engineer,Senior,6.0,Nexora AI,Technology,"San Francisco, USA",Yes,Full-time,"MLOps, AWS, Machine Learning, Kubernetes, GCP, Docker",201-1000,246500.0,81,2025-11-27
JOB00253,AI Research Assistant,Entry,0.0,Ironpeak Tech,Healthcare,"Bengaluru, India",Yes,Full-time,"Python, Statistics, Excel, SQL, Tableau",5000+,39000.0,55,2025-07-07
JOB00254,AI Research Assistant,Entry,0.0,Quantum Insight,Education,Singapore,No,Full-time,"Excel, Data Visualization, Statistics, Tableau",51-200,83500.0,29,2025-12-31
JOB00255,NLP Engineer,Mid,3.0,Horizon Cloud,Consulting,Remote,Yes,Full-time,"Spark, Power BI, SQL, AWS",1001-5000,119500.0,39,2026-02-25
JOB00256,Analytics Engineer,Mid,3.0,Silverline AI,Telecommunications,Remote,Yes,Full-time,"NLP, Machine Learning, Python, AWS",201-1000,124000.0,80,2025-08-28
JOB00257,Machine Learning Engineer,Mid,3.0,Corelytics,Finance,"Dublin, Ireland",Yes,Contract,"Deep Learning, SQL, PyTorch, Power BI",1-50,108500.0,23,2026-05-25
JOB00258,NLP Engineer,Mid,3.0,Corelytics,Telecommunications,"San Francisco, USA",No,Full-time,"PyTorch, NLP, TensorFlow, Python, Deep Learning",51-200,136500.0,27,2025-12-24
JOB00259,Senior ML Engineer,Senior,6.0,Quantum Insight,Consulting,"San Francisco, USA",Yes,Full-time,"Computer Vision, Generative AI, GCP",1001-5000,196000.0,26,2026-05-23
JOB00260,NLP Engineer,Mid,3.0,Meridian Software,Technology,"Dublin, Ireland",Yes,Full-time,"SQL, Spark, AWS",1001-5000,111500.0,33,2025-08-30
JOB00261,ML Engineer I,Entry,0.0,Orbital Systems,Gaming,"Toronto, Canada",Yes,Full-time,"Data Visualization, Python, Statistics, Excel, Docker",201-1000,67000.0,73,2026-02-11
JOB00262,Computer Vision Engineer,Mid,3.0,Zenith Data Group,Manufacturing,"New York, USA",No,Full-time,"SQL, Power BI, Spark",1-50,143500.0,49,2026-07-14
JOB00263,BI Analyst,Entry,0.0,Clearline Systems,Finance,"Austin, USA",Yes,Full-time,"Python, Statistics, Excel, Data Visualization",201-1000,87500.0,20,2025-10-05
JOB00264,AI Engineer,Mid,3.0,Quantum Insight,Consulting,Remote,Yes,Full-time,"SQL, Power BI, Machine Learning, Spark, AWS",201-1000,108500.0,63,2026-01-12
JOB00265,Data Engineer,Mid,3.0,Northstar Labs,Gaming,"Bengaluru, India",No,Full-time,"Machine Learning, Power BI, Python, Spark, AWS, MLOps",201-1000,46500.0,19,2025-08-18
JOB00266,Data Engineer,Mid,3.0,Meridian Software,Automotive,"Dublin, Ireland",No,Full-time,"AWS, Python, Machine Learning",51-200,97500.0,81,2025-09-05
JOB00268,Analytics Engineer,Mid,3.0,Bright Path AI,E-commerce,"London, UK",Yes,Full-time,"TensorFlow, Python, Power BI, PyTorch, SQL",201-1000,136000.0,30,2025-08-07
JOB00269,Data Engineer I,Entry,0.0,Silverline AI,Finance,"New York, USA",Yes,Full-time,"Python, Excel, SQL, Tableau, Data Visualization",51-200,75500.0,55,2026-02-16
JOB00270,Senior ML Engineer,Senior,6.0,Northstar Labs,E-commerce,"Bengaluru, India",Yes,Full-time,"AWS, Azure, Generative AI, MLOps, GCP",201-1000,74500.0,104,2026-01-20
JOB00271,Data Scientist,Mid,3.0,Bright Path AI,Education,Remote,Yes,Full-time,"Python, PyTorch, AWS, Docker",1-50,115500.0,35,2025-11-13
JOB00272,Data Engineer,Mid,3.0,Silverline AI,Gaming,"London, UK",No,Full-time,"Spark, Machine Learning, AWS, Python",1001-5000,117000.0,8,2025-09-15
JOB00273,NLP Engineer,Mid,3.0,Horizon Cloud,Finance,"San Francisco, USA",Yes,Full-time,"Python, Deep Learning, Machine Learning, AWS",1-50,137500.0,27,2026-03-24
JOB00274,ML Engineer I,Entry,0.0,Quantum Insight,Automotive,"Sydney, Australia",Yes,Full-time,"Python, SQL, Data Visualization, Statistics",5000+,68000.0,102,2026-04-01
JOB00275,NLP Engineer,Mid,3.0,Clearline Systems,Education,"Berlin, Germany",No,Full-time,"Python, NLP, Spark, TensorFlow, Kubernetes",201-1000,82500.0,32,2026-04-22
JOB00276,Data Engineer,Mid,3.0,DataForge,Education,"Toronto, Canada",No,Full-time,"Deep Learning, AWS, Python, Machine Learning, TensorFlow",51-200,121000.0,68,2026-04-21
JOB00277,AI Research Scientist,Senior,6.0,Ironpeak Tech,Technology,"London, UK",Yes,Full-time,"Azure, AWS, Machine Learning, LLMs, Computer Vision",1001-5000,191500.0,16,2026-05-12
JOB00278,Lead Data Engineer,Senior,6.0,Corelytics,Technology,Singapore,No,Full-time,"MLOps, Azure, AWS",201-1000,206500.0,65,2025-07-26
JOB00280,Data Analyst,Entry,0.0,Pulse Robotics,Education,"Sydney, Australia",Yes,Contract,"Python, Tableau, Statistics, Data Visualization, SQL, Machine Learning",201-1000,65500.0,71,2026-07-08
JOB00281,VP of Machine Learning,Manager,10.0,Zenith Data Group,Automotive,"Bengaluru, India",No,Full-time,"Generative AI, GCP, Statistics, MLOps",1001-5000,95000.0,42,2025-07-24
JOB00282,Senior Data Scientist,Senior,6.0,Quantum Insight,Technology,"Berlin, Germany",No,Full-time,"LLMs, Deep Learning, Generative AI, Azure, GCP, Spark",1-50,123000.0,41,2026-03-12
JOB00283,Data Engineer,Mid,3.0,Pulse Robotics,Healthcare,"Bengaluru, India",No,Full-time,"SQL, Deep Learning, PyTorch, Machine Learning, TensorFlow",201-1000,62500.0,40,2025-09-11
JOB00284,Analytics Engineer,Mid,3.0,Skyline Data Co,Finance,"Sydney, Australia",Yes,Full-time,"PyTorch, NLP, AWS, Machine Learning",1001-5000,114000.0,8,2026-05-09
JOB00285,AI Research Assistant,Entry,0.0,Zenith Data Group,Healthcare,"Austin, USA",Yes,Part-time,"Statistics, Data Visualization, SQL, Excel, Python",1001-5000,68500.0,151,2025-10-06
JOB00286,Data Engineer,Mid,3.0,Orbital Systems,Finance,Singapore,No,Part-time,"AWS, SQL, PyTorch",51-200,119500.0,3,2025-08-01
JOB00287,Data Engineer,Mid,3.0,Skyline Data Co,Telecommunications,Singapore,Yes,Part-time,"Deep Learning, SQL, Machine Learning, Power BI, TensorFlow, AWS",51-200,108000.0,27,2026-04-06
JOB00288,BI Analyst,Entry,0.0,Skyline Data Co,Automotive,"San Francisco, USA",No,Full-time,"SQL, Excel, Python, Data Visualization, Tableau",1001-5000,86000.0,21,2025-09-11
JOB00290,Data Engineer I,Entry,0.0,Bright Path AI,Finance,Singapore,Yes,Full-time,"Statistics, Data Visualization, SQL",201-1000,75000.0,34,2026-03-27
JOB00291,Data Engineer,Mid,3.0,Bright Path AI,Education,"London, UK",Yes,Contract,"AWS, Deep Learning, SQL, PyTorch, Power BI",51-200,137500.0,19,2025-10-01
JOB00292,Analytics Engineer,Mid,3.0,Skyline Data Co,Telecommunications,"Bengaluru, India",No,Full-time,"Spark, Power BI, AWS, Machine Learning, Data Visualization",201-1000,54000.0,46,2026-05-04
JOB00293,Data Scientist,Mid,3.0,Novacore AI,E-commerce,"Sydney, Australia",No,Full-time,"Machine Learning, Spark, SQL, TensorFlow, AWS",201-1000,120500.0,48,2026-02-03
JOB00294,Junior Data Scientist,Entry,0.0,Meridian Software,Education,"San Francisco, USA",No,Full-time,"Data Visualization, Tableau, SQL, Excel",5000+,88000.0,19,2025-11-05
JOB00296,BI Analyst,Entry,0.0,Nexora AI,Consulting,"Dublin, Ireland",No,Full-time,"Python, Statistics, Tableau, Excel, SQL",1-50,53000.0,73,2026-02-20
JOB00297,Data Engineer I,Entry,0.0,Fusion Analytics,E-commerce,"Austin, USA",Yes,Part-time,"Data Visualization, SQL, Tableau, Excel, Python, Computer Vision",51-200,92500.0,32,2025-12-20
JOB00298,Lead Data Engineer,Senior,6.0,Northstar Labs,Healthcare,Singapore,No,Full-time,"AWS, Generative AI, Kubernetes, Machine Learning, Azure",1-50,175000.0,37,2025-08-13
JOB00299,AI Engineer,Mid,3.0,DataForge,Telecommunications,Remote,Yes,Contract,"TensorFlow, Machine Learning, Deep Learning",201-1000,99500.0,48,2026-02-18
JOB00300,BI Analyst,Entry,0.0,DataForge,Technology,"Berlin, Germany",Yes,Part-time,"Excel, Tableau, Statistics, SQL",1-50,57000.0,66,2026-05-28
JOB00301,ML Engineer I,Entry,0.0,Bluewave Tech,Consulting,"Toronto, Canada",No,Full-time,"Excel, Tableau, SQL",201-1000,65500.0,71,2025-12-09
JOB00302,AI Research Scientist,Senior,6.0,Nexora AI,Technology,"San Francisco, USA",Yes,Contract,"GCP, NLP, LLMs, Machine Learning, MLOps",5000+,233500.0,39,2026-03-03
JOB00303,Data Engineer,Mid,3.0,Clearline Systems,E-commerce,"Sydney, Australia",No,Full-time,"AWS, SQL, Power BI, Python, Statistics",1-50,107500.0,41,2026-05-28
JOB00304,Data Analyst,Entry,0.0,Ironpeak Tech,Gaming,"Dublin, Ireland",No,Contract,"SQL, Statistics, Python, A/B Testing",201-1000,57000.0,87,2025-11-24
JOB00305,Lead Data Engineer,Senior,6.0,Vertex Analytics,E-commerce,Singapore,No,Contract,"GCP, Machine Learning, Kubernetes, Deep Learning, TensorFlow",201-1000,185000.0,77,2025-11-19
JOB00306,ML Engineer I,Entry,0.0,Skyline Data Co,Finance,"Sydney, Australia",No,Full-time,"Tableau, Data Visualization, Statistics, Python, Excel",51-200,71500.0,79,2026-06-22
JOB00307,Analytics Engineer,Mid,3.0,Quantum Insight,Education,"San Francisco, USA",Yes,Contract,"Machine Learning, SQL, Python, AWS",1001-5000,157500.0,11,2026-02-09
JOB00308,AI Research Assistant,Entry,0.0,Vertex Analytics,Automotive,"Austin, USA",No,Full-time,"Tableau, SQL, Excel, Python, Data Visualization",51-200,92000.0,36,2026-06-08
JOB00309,Computer Vision Engineer,Mid,3.0,Fusion Analytics,Gaming,"San Francisco, USA",No,Full-time,"NLP, Python, Deep Learning",1001-5000,156500.0,226,2025-11-11
JOB00310,Analytics Engineer,Mid,3.0,Horizon Cloud,Education,"Bengaluru, India",No,Full-time,"Power BI, Python, Deep Learning",201-1000,49000.0,78,2025-07-19
JOB00311,NLP Engineer,Mid,3.0,DataForge,Gaming,Remote,Yes,Part-time,"AWS, Deep Learning, TensorFlow, SQL, Docker",1001-5000,128000.0,109,2026-03-05
JOB00312,Analytics Engineer,Mid,3.0,Vertex Analytics,Finance,"London, UK",No,Full-time,"Machine Learning, Python, Deep Learning, Spark, AWS",1001-5000,131000.0,61,2025-10-29
JOB00313,Computer Vision Engineer,Mid,3.0,Corelytics,Healthcare,"San Francisco, USA",Yes,Full-time,"AWS, Spark, Machine Learning",1001-5000,163500.0,97,2025-11-18
JOB00314,NLP Engineer,Mid,3.0,Vertex Analytics,Manufacturing,"Sydney, Australia",No,Full-time,"AWS, SQL, NLP, Spark, PyTorch, R",201-1000,98500.0,23,2026-02-16
JOB00315,AI Engineer,Mid,3.0,DataForge,Gaming,"San Francisco, USA",Yes,Full-time,"Spark, Deep Learning, Python, Machine Learning",201-1000,133500.0,125,2025-07-14
JOB00316,BI Analyst,Entry,0.0,Fusion Analytics,E-commerce,"New York, USA",No,Full-time,"Data Visualization, Statistics, SQL, Python, Excel",1001-5000,88500.0,29,2026-05-20
JOB00317,Data Engineer I,Entry,0.0,Silverline AI,Telecommunications,"San Francisco, USA",Yes,Full-time,"Tableau, Statistics, Excel, SQL, Data Visualization, AWS",201-1000,80000.0,21,2025-08-08
JOB00318,Data Analyst,Entry,0.0,Corelytics,Telecommunications,"San Francisco, USA",No,Full-time,"Tableau, Statistics, Python",201-1000,102000.0,24,2026-05-04
JOB00319,Machine Learning Engineer,Mid,3.0,Corelytics,Healthcare,"San Francisco, USA",No,Full-time,"NLP, Python, AWS, Machine Learning, PyTorch, Tableau",51-200,154000.0,11,2025-11-11
JOB00320,Computer Vision Engineer,Mid,3.0,Bright Path AI,Manufacturing,"New York, USA",Yes,Full-time,"NLP, AWS, Spark, SQL, Deep Learning",51-200,126000.0,20,2025-07-24
JOB00322,Analytics Engineer,Mid,3.0,Atlas Intelligence,E-commerce,"Toronto, Canada",No,Full-time,"AWS, SQL, PyTorch, Machine Learning, Excel",5000+,93000.0,23,2026-05-04
JOB00323,Principal Data Scientist,Senior,6.0,Silverline AI,Manufacturing,"Bengaluru, India",No,Full-time,"Deep Learning, Computer Vision, Kubernetes",1001-5000,70000.0,55,2026-01-18
JOB00324,NLP Engineer,Mid,3.0,Novacore AI,Telecommunications,"New York, USA",Yes,Full-time,"Machine Learning, PyTorch, TensorFlow",5000+,104500.0,18,2026-04-12
JOB00325,Junior Data Scientist,Entry,0.0,DataForge,Manufacturing,"Dublin, Ireland",No,Full-time,"Statistics, Python, Excel, Data Visualization",51-200,59000.0,88,2026-03-03
JOB00326,Computer Vision Engineer,Mid,3.0,Zenith Data Group,Healthcare,"San Francisco, USA",No,Full-time,"Python, SQL, Spark",1001-5000,123500.0,34,2025-10-03
JOB00327,Junior Data Scientist,Entry,0.0,Atlas Intelligence,Finance,"Sydney, Australia",No,Full-time,"Statistics, Data Visualization, Python, Excel, Deep Learning",1001-5000,67500.0,24,2026-03-19
JOB00328,NLP Engineer,Mid,3.0,Clearline Systems,Manufacturing,"Dublin, Ireland",Yes,Full-time,"AWS, Deep Learning, Machine Learning, PyTorch",5000+,101000.0,7,2026-04-17
JOB00329,Principal Data Scientist,Senior,6.0,Novacore AI,Finance,Remote,Yes,Full-time,"AWS, Machine Learning, Generative AI, Deep Learning, LLMs",51-200,189500.0,76,2025-07-22
JOB00330,Analytics Engineer,Mid,3.0,Pulse Robotics,Telecommunications,"Sydney, Australia",Yes,Full-time,"PyTorch, SQL, Deep Learning, Power BI, Spark, LLMs",1001-5000,103500.0,18,2026-01-09
JOB00331,Junior Data Scientist,Entry,0.0,Horizon Cloud,Consulting,"San Francisco, USA",No,Full-time,"Data Visualization, Python, Excel, SQL",1001-5000,85000.0,33,2026-01-01
JOB00332,Data Analyst,Entry,0.0,DataForge,Automotive,"London, UK",No,Full-time,"Tableau, Excel, SQL, Deep Learning",5000+,67000.0,8,2025-11-26
JOB00333,Junior Data Scientist,Entry,0.0,Horizon Cloud,Healthcare,Singapore,No,Full-time,"SQL, Excel, Statistics, Data Visualization, Python, Spark",1001-5000,87500.0,33,2025-08-11
JOB00334,Director of Data Science,Manager,10.0,Atlas Intelligence,Automotive,"Bengaluru, India",No,Full-time,"GCP, LLMs, MLOps, Generative AI",51-200,105500.0,18,2025-10-29
JOB00335,Senior ML Engineer,Senior,6.0,Vertex Analytics,Automotive,"London, UK",No,Full-time,"MLOps, Machine Learning, AWS",201-1000,209000.0,43,2025-09-29
JOB00336,Machine Learning Engineer,Mid,3.0,Atlas Intelligence,Manufacturing,Remote,Yes,Full-time,"Machine Learning, NLP, TensorFlow, Airflow",1001-5000,95000.0,41,2026-07-10
JOB00337,Computer Vision Engineer,Mid,3.0,Horizon Cloud,Gaming,"Sydney, Australia",No,Full-time,"TensorFlow, NLP, Power BI",51-200,102000.0,48,2026-07-02
JOB00338,Data Engineer,Mid,3.0,Nexora AI,E-commerce,"London, UK",No,Full-time,"SQL, Power BI, Machine Learning, TensorFlow, Deep Learning",201-1000,138500.0,24,2026-05-18
JOB00339,NLP Engineer,Mid,3.0,Pulse Robotics,Finance,Remote,Yes,Full-time,"Python, Power BI, NLP, Excel",51-200,114000.0,82,2026-03-24
JOB00340,Junior Data Scientist,Entry,0.0,Novacore AI,Consulting,Remote,Yes,Full-time,"Excel, Statistics, Data Visualization, SQL, Tableau",51-200,75500.0,53,2026-05-27
JOB00341,Principal Data Scientist,Senior,6.0,Horizon Cloud,Technology,"San Francisco, USA",Yes,Contract,"Computer Vision, Azure, LLMs, Generative AI, NLP, AWS",201-1000,189500.0,93,2025-07-10
JOB00342,Director of Data Science,Manager,10.0,Pulse Robotics,Consulting,"Bengaluru, India",No,Full-time,"Generative AI, LLMs, Statistics, GCP, Kubernetes",5000+,130500.0,26,2025-07-17
JOB00343,ML Engineer I,Entry,0.0,Horizon Cloud,Consulting,"London, UK",Yes,Full-time,"Python, Statistics, Tableau",201-1000,74000.0,28,2025-08-16
JOB00344,Lead Data Engineer,Senior,6.0,Novacore AI,Automotive,"Toronto, Canada",Yes,Full-time,"LLMs, Generative AI, AWS, Azure",5000+,135500.0,15,2025-08-24
JOB00345,Principal Data Scientist,Senior,6.0,Meridian Software,Finance,"Austin, USA",No,Full-time,"GCP, Generative AI, NLP, Kubernetes, Computer Vision",201-1000,214500.0,62,2025-12-11
JOB00346,Head of Analytics,Manager,10.0,Pulse Robotics,Automotive,"Berlin, Germany",Yes,Full-time,"Generative AI, AWS, LLMs, GCP, MLOps, Tableau",201-1000,243000.0,190,2025-07-11
JOB00347,Senior ML Engineer,Senior,6.0,Bright Path AI,Education,"Dublin, Ireland",Yes,Full-time,"Kubernetes, AWS, MLOps",1-50,162500.0,45,2026-07-11
JOB00348,AI Engineer,Mid,3.0,Pulse Robotics,Gaming,"Sydney, Australia",Yes,Full-time,"Deep Learning, Python, Power BI, SQL, Spark",1001-5000,124500.0,34,2026-03-15
JOB00349,ML Engineer I,Entry,0.0,Skyline Data Co,Automotive,"San Francisco, USA",Yes,Full-time,"Python, Data Visualization, Statistics, Power BI",5000+,87000.0,19,2026-05-31
JOB00350,Computer Vision Engineer,Mid,3.0,Silverline AI,Education,"San Francisco, USA",Yes,Full-time,"AWS, Spark, Machine Learning, Python",51-200,124000.0,87,2025-12-21
JOB00351,AI Research Assistant,Entry,0.0,Ironpeak Tech,Gaming,"Sydney, Australia",No,Full-time,"Statistics, Data Visualization, Excel, SQL, Tableau",5000+,62500.0,71,2025-12-02
JOB00352,BI Analyst,Entry,0.0,Silverline AI,Automotive,"Austin, USA",No,Full-time,"Data Visualization, Statistics, SQL, Tableau",201-1000,81500.0,237,2025-07-22
JOB00353,Staff AI Engineer,Senior,6.0,Vertex Analytics,Finance,"Toronto, Canada",Yes,Full-time,"Kubernetes, Machine Learning, MLOps, Deep Learning",201-1000,174000.0,19,2026-04-10
JOB00354,Principal Data Scientist,Senior,6.0,Clearline Systems,Technology,"Sydney, Australia",No,Full-time,"Generative AI, Deep Learning, Machine Learning",51-200,171000.0,6,2025-07-25
JOB00355,Data Engineer,Mid,3.0,Corelytics,Healthcare,"Austin, USA",No,Full-time,"Deep Learning, Spark, TensorFlow, NLP",1-50,136000.0,45,2025-08-27
JOB00356,BI Analyst,Entry,0.0,Pulse Robotics,Manufacturing,"San Francisco, USA",No,Full-time,"Python, Data Visualization, Statistics, Excel, Tableau, Deep Learning",201-1000,94000.0,19,2025-09-11
JOB00357,Senior ML Engineer,Senior,6.0,Bright Path AI,Gaming,"London, UK",No,Full-time,"Azure, Kubernetes, Deep Learning, AWS",1001-5000,178500.0,15,2025-09-14
JOB00358,Machine Learning Engineer,Mid,3.0,Bluewave Tech,Gaming,Singapore,Yes,Contract,"Python, Deep Learning, AWS",201-1000,90500.0,28,2025-09-11
JOB00359,Director of Data Science,Manager,10.0,Meridian Software,Finance,"Berlin, Germany",No,Full-time,"LLMs, GCP, A/B Testing, Statistics, MLOps",51-200,165000.0,18,2026-06-21
JOB00360,Head of Analytics,Manager,10.0,Corelytics,Manufacturing,"Sydney, Australia",Yes,Contract,"MLOps, A/B Testing, Generative AI, AWS, GCP",51-200,300000.0,56,2025-11-05
JOB00361,AI Research Assistant,Entry,0.0,Vertex Analytics,Education,Remote,Yes,Full-time,"Data Visualization, Excel, Tableau, Python, SQL",51-200,73500.0,30,2025-12-03
JOB00362,Senior Data Scientist,Senior,6.0,Novacore AI,Technology,"Bengaluru, India",Yes,Full-time,"Computer Vision, Machine Learning, NLP, MLOps",201-1000,84500.0,68,2026-04-19
JOB00363,Senior Data Scientist,Senior,6.0,Orbital Systems,Automotive,"Bengaluru, India",Yes,Full-time,"Generative AI, NLP, Deep Learning, MLOps",51-200,75000.0,188,2025-09-13
JOB00364,Analytics Engineer,Mid,3.0,DataForge,Automotive,"San Francisco, USA",Yes,Part-time,"PyTorch, Power BI, SQL, Python",201-1000,142500.0,38,2025-08-30
JOB00365,Data Engineer,Mid,3.0,Bluewave Tech,Automotive,"London, UK",No,Full-time,"Power BI, Python, Spark",51-200,107000.0,56,2026-07-03
JOB00366,AI Research Scientist,Senior,6.0,Nexora AI,Telecommunications,"Bengaluru, India",No,Full-time,"LLMs, Kubernetes, Deep Learning, PyTorch",201-1000,83000.0,105,2026-02-19
JOB00367,BI Analyst,Entry,0.0,Ironpeak Tech,Manufacturing,"Toronto, Canada",No,Full-time,"Python, SQL, Tableau, Data Visualization, Statistics, R",1001-5000,75500.0,73,2025-12-28
JOB00368,Data Scientist,Mid,3.0,Ironpeak Tech,Education,"Toronto, Canada",No,Full-time,"PyTorch, SQL, Power BI",51-200,109000.0,39,2026-01-07
JOB00370,ML Engineer I,Entry,0.0,Clearline Systems,Telecommunications,Singapore,No,Full-time,"Python, SQL, Data Visualization, Tableau",1001-5000,67500.0,45,2026-03-20
JOB00371,Analytics Engineer,Mid,3.0,Skyline Data Co,Telecommunications,"New York, USA",No,Full-time,"AWS, Spark, Machine Learning, TensorFlow, NLP",201-1000,121000.0,119,2025-12-22
JOB00372,NLP Engineer,Mid,3.0,Northstar Labs,Technology,"San Francisco, USA",No,Full-time,"TensorFlow, SQL, NLP, Spark, Machine Learning",201-1000,124500.0,21,2026-02-10
JOB00373,Principal Data Scientist,Senior,6.0,Zenith Data Group,Healthcare,"Dublin, Ireland",No,Full-time,"LLMs, Computer Vision, GCP, Deep Learning, NLP",1-50,142000.0,12,2026-01-01
JOB00374,Analytics Engineer,Mid,3.0,Clearline Systems,Gaming,"Sydney, Australia",No,Full-time,"Python, Power BI, NLP",1001-5000,135500.0,66,2026-04-12
JOB00375,Senior Data Scientist,Senior,6.0,Northstar Labs,Technology,"New York, USA",No,Full-time,"Deep Learning, Computer Vision, AWS, NLP, MLOps, Python",1001-5000,183500.0,37,2025-07-26
JOB00376,BI Analyst,Entry,0.0,Nexora AI,Consulting,"Dublin, Ireland",No,Full-time,"Python, SQL, Tableau, Data Visualization, Excel, A/B Testing",1-50,77500.0,20,2026-04-06
JOB00377,VP of Machine Learning,Manager,10.0,Novacore AI,Technology,"Bengaluru, India",No,Full-time,"Statistics, GCP, MLOps",51-200,88000.0,34,2025-12-13
JOB00378,ML Engineer I,Entry,0.0,Bright Path AI,E-commerce,"London, UK",No,Full-time,"Excel, SQL, Python, Data Visualization, Tableau",201-1000,59500.0,38,2026-04-14
JOB00379,ML Engineer I,Entry,0.0,Quantum Insight,Automotive,Remote,Yes,Full-time,"Excel, Statistics, Tableau",51-200,78500.0,57,2026-07-09
JOB00380,NLP Engineer,Mid,3.0,Fusion Analytics,Technology,"Toronto, Canada",No,Full-time,"SQL, Machine Learning, Power BI, Data Visualization",1001-5000,97500.0,72,2026-01-15
JOB00382,Principal Data Scientist,Senior,6.0,Ironpeak Tech,Consulting,Remote,Yes,Full-time,"MLOps, Azure, Computer Vision, NLP",201-1000,178000.0,15,2025-12-18
JOB00384,Computer Vision Engineer,Mid,3.0,Clearline Systems,Automotive,"Austin, USA",No,Full-time,"Python, Power BI, Deep Learning, PyTorch, MLOps",1-50,142000.0,93,2026-02-25
JOB00385,BI Analyst,Entry,0.0,Vertex Analytics,Finance,Singapore,Yes,Full-time,"SQL, Statistics, Excel, Python",5000+,83500.0,18,2025-07-13
JOB00386,Senior ML Engineer,Senior,6.0,Nexora AI,Education,"Dublin, Ireland",No,Full-time,"Generative AI, NLP, Machine Learning, AWS, Airflow",201-1000,185500.0,27,2025-08-04
JOB00387,Staff AI Engineer,Senior,6.0,Silverline AI,Finance,"San Francisco, USA",Yes,Full-time,"GCP, AWS, Azure",51-200,189000.0,104,2026-02-08
JOB00388,Data Engineer I,Entry,0.0,Fusion Analytics,Telecommunications,"Sydney, Australia",No,Full-time,"Python, Data Visualization, Statistics, Tableau, Excel",1001-5000,77000.0,21,2026-02-28
JOB00389,Staff AI Engineer,Senior,6.0,Atlas Intelligence,Healthcare,"Sydney, Australia",No,Full-time,"MLOps, Azure, Kubernetes",51-200,142000.0,5,2026-05-21
JOB00390,Head of Analytics,Manager,10.0,Horizon Cloud,Healthcare,"Bengaluru, India",No,Full-time,"A/B Testing, GCP, MLOps, AWS",1001-5000,136000.0,41,2026-03-02
JOB00391,Data Engineer,Mid,3.0,Bluewave Tech,Manufacturing,"Berlin, Germany",Yes,Full-time,"Machine Learning, AWS, Deep Learning, SQL, Data Visualization",201-1000,116500.0,19,2025-07-21
JOB00392,Data Engineer I,Entry,0.0,Silverline AI,Consulting,"Dublin, Ireland",No,Full-time,"Excel, Tableau, Statistics",201-1000,58000.0,167,2026-04-28
JOB00393,Staff AI Engineer,Senior,6.0,Ironpeak Tech,Manufacturing,Singapore,Yes,Full-time,"Deep Learning, NLP, Generative AI, R",1-50,188500.0,114,2026-01-10
JOB00394,Machine Learning Engineer,Mid,3.0,Silverline AI,Healthcare,Remote,Yes,Full-time,"PyTorch, Deep Learning, AWS",201-1000,97000.0,79,2026-02-09
JOB00395,NLP Engineer,Mid,3.0,Nexora AI,E-commerce,Singapore,Yes,Contract,"TensorFlow, PyTorch, Spark, SQL",1001-5000,100500.0,81,2026-06-09
JOB00396,BI Analyst,Entry,0.0,Clearline Systems,Finance,"Austin, USA",Yes,Full-time,"Excel, SQL, Statistics, Python, Data Visualization, Airflow",201-1000,81500.0,77,2025-09-28
JOB00397,Data Analyst,Entry,0.0,Skyline Data Co,Consulting,"London, UK",No,Full-time,"SQL, Statistics, Excel, Tableau",51-200,71000.0,111,2025-11-06
JOB00399,Data Engineer,Mid,3.0,Clearline Systems,Finance,Remote,Yes,Full-time,"Power BI, SQL, AWS, A/B Testing",5000+,111500.0,83,2026-01-12
JOB00400,Senior Data Scientist,Senior,6.0,Nexora AI,Education,Remote,Yes,Full-time,"Computer Vision, LLMs, AWS, MLOps",51-200,140000.0,12,2026-04-26
JOB00401,Junior Data Scientist,Entry,0.0,Quantum Insight,Telecommunications,"Berlin, Germany",No,Contract,"Data Visualization, Statistics, Python, SQL, Excel",1-50,73500.0,41,2026-04-09
JOB00402,AI Engineer,Mid,3.0,Orbital Systems,Consulting,"London, UK",No,Full-time,"TensorFlow, NLP, AWS, Tableau",5000+,106000.0,120,2025-11-24
JOB00403,Lead Data Engineer,Senior,6.0,Corelytics,Technology,"Sydney, Australia",No,Full-time,"Computer Vision, Azure, Deep Learning",51-200,196000.0,20,2025-12-25
JOB00404,NLP Engineer,Mid,3.0,Corelytics,E-commerce,Remote,Yes,Full-time,"TensorFlow, Spark, Machine Learning, Power BI",201-1000,95500.0,58,2026-02-13
JOB00405,NLP Engineer,Mid,3.0,Atlas Intelligence,Consulting,"London, UK",No,Full-time,"TensorFlow, Power BI, NLP, Python, Spark",201-1000,129000.0,15,2026-01-19
JOB00406,Data Engineer I,Entry,0.0,Fusion Analytics,Telecommunications,"Dublin, Ireland",No,Full-time,"Statistics, Tableau, SQL, Excel, Data Visualization",201-1000,68000.0,11,2025-12-16
JOB00408,AI Research Assistant,Entry,0.0,Atlas Intelligence,Consulting,"Toronto, Canada",No,Full-time,"Python, Statistics, SQL, Tableau, Excel, MLOps",1001-5000,59000.0,11,2026-06-11
JOB00409,Senior Data Scientist,Senior,6.0,Vertex Analytics,Education,"Dublin, Ireland",No,Full-time,"Kubernetes, MLOps, Azure, Machine Learning, SQL",201-1000,149500.0,43,2026-05-28
JOB00410,Data Engineer,Mid,3.0,Zenith Data Group,Consulting,"Toronto, Canada",No,Full-time,"Spark, Deep Learning, Machine Learning, NLP",1-50,99500.0,129,2026-03-03
JOB00411,Head of AI,Manager,10.0,Bright Path AI,Telecommunications,Remote,Yes,Full-time,"A/B Testing, MLOps, Generative AI",51-200,293500.0,39,2025-10-14
JOB00412,Data Scientist,Mid,3.0,Atlas Intelligence,Manufacturing,Singapore,Yes,Full-time,"NLP, Machine Learning, AWS, R",1-50,92500.0,113,2025-12-27
JOB00413,Staff AI Engineer,Senior,6.0,Zenith Data Group,Automotive,"Dublin, Ireland",Yes,Full-time,"Azure, Machine Learning, Kubernetes",201-1000,140500.0,8,2026-03-13
JOB00414,AI Research Assistant,Entry,0.0,Quantum Insight,Automotive,"Berlin, Germany",No,Part-time,"Data Visualization, Excel, Tableau, Airflow",51-200,75500.0,23,2025-10-22
JOB00415,Machine Learning Engineer,Mid,3.0,Bright Path AI,Technology,"London, UK",Yes,Full-time,"TensorFlow, NLP, PyTorch, Machine Learning",51-200,126500.0,121,2025-10-06
JOB00416,AI Engineer,Mid,3.0,Clearline Systems,Consulting,"New York, USA",No,Full-time,"Python, TensorFlow, AWS, PyTorch, NLP",1001-5000,118000.0,42,2026-04-13
JOB00417,Junior Data Scientist,Entry,0.0,Orbital Systems,Education,"San Francisco, USA",No,Full-time,"Tableau, Excel, SQL",51-200,100500.0,165,2026-05-08
JOB00418,AI Research Scientist,Senior,6.0,Ironpeak Tech,Telecommunications,"Berlin, Germany",Yes,Full-time,"LLMs, Machine Learning, Generative AI, Computer Vision",201-1000,119000.0,70,2025-09-19
JOB00419,Machine Learning Engineer,Mid,3.0,Silverline AI,Automotive,"Toronto, Canada",No,Full-time,"Power BI, AWS, Machine Learning, Docker",5000+,94500.0,38,2026-02-02
JOB00420,AI Research Assistant,Entry,0.0,Pulse Robotics,Automotive,"Berlin, Germany",No,Full-time,"SQL, Data Visualization, Excel, Statistics, Kubernetes",1-50,48000.0,12,2026-01-07
JOB00421,VP of Machine Learning,Manager,10.0,Silverline AI,Manufacturing,"Austin, USA",Yes,Contract,"Generative AI, MLOps, Statistics, A/B Testing, LLMs",51-200,204500.0,63,2025-07-07
JOB00422,BI Analyst,Entry,0.0,Nexora AI,Technology,"Berlin, Germany",Yes,Full-time,"Statistics, SQL, Data Visualization, Tableau",51-200,52500.0,28,2026-05-22
JOB00423,Senior ML Engineer,Senior,6.0,Atlas Intelligence,Telecommunications,"Berlin, Germany",Yes,Contract,"AWS, Azure, GCP",1001-5000,163000.0,8,2026-03-02
JOB00424,Computer Vision Engineer,Mid,3.0,Pulse Robotics,Consulting,"London, UK",Yes,Full-time,"NLP, Machine Learning, Deep Learning",51-200,121000.0,19,2025-08-08
JOB00425,Data Engineer I,Entry,0.0,Horizon Cloud,Finance,"Bengaluru, India",No,Full-time,"Data Visualization, Excel, Python",1001-5000,39000.0,84,2026-03-22
JOB00426,ML Engineer I,Entry,0.0,Zenith Data Group,Education,"Dublin, Ireland",Yes,Full-time,"Python, Excel, SQL",1-50,76000.0,96,2026-02-04
JOB00427,Analytics Engineer,Mid,3.0,Quantum Insight,Technology,"San Francisco, USA",No,Full-time,"NLP, Power BI, PyTorch",1-50,174500.0,35,2026-06-16
JOB00428,AI Engineer,Mid,3.0,Nexora AI,Gaming,"Dublin, Ireland",No,Contract,"PyTorch, Machine Learning, Deep Learning, SQL, Power BI",51-200,115500.0,54,2025-10-02
JOB00429,Head of AI,Manager,10.0,Nexora AI,Consulting,"Dublin, Ireland",Yes,Full-time,"Generative AI, LLMs, GCP, A/B Testing, AWS",201-1000,241500.0,36,2026-02-26
JOB00430,Machine Learning Engineer,Mid,3.0,Bluewave Tech,Manufacturing,"Austin, USA",No,Full-time,"AWS, TensorFlow, Spark",201-1000,130500.0,89,2025-07-02
JOB00431,Staff AI Engineer,Senior,6.0,Pulse Robotics,E-commerce,"Berlin, Germany",Yes,Full-time,"Kubernetes, LLMs, MLOps",51-200,148500.0,61,2025-09-28
JOB00432,AI Engineer,Mid,3.0,Skyline Data Co,Automotive,"Berlin, Germany",Yes,Full-time,"NLP, Spark, Python, Machine Learning",1001-5000,92000.0,29,2026-05-21
JOB00433,Analytics Engineer,Mid,3.0,Orbital Systems,Telecommunications,"New York, USA",Yes,Full-time,"TensorFlow, Python, Power BI, PyTorch, Excel",51-200,143500.0,10,2026-02-13
JOB00434,Junior Data Scientist,Entry,0.0,Northstar Labs,Finance,Singapore,No,Contract,"Tableau, Excel, SQL, Python, Computer Vision",1-50,70000.0,18,2025-10-10
JOB00435,Machine Learning Engineer,Mid,3.0,Vertex Analytics,Finance,"Toronto, Canada",Yes,Full-time,"Power BI, Spark, Python, SQL, AWS",51-200,103500.0,42,2026-05-07
JOB00436,Junior Data Scientist,Entry,0.0,Vertex Analytics,Gaming,Singapore,Yes,Full-time,"SQL, Data Visualization, Statistics",1001-5000,78000.0,11,2026-04-11
JOB00437,Analytics Engineer,Mid,3.0,Bright Path AI,Education,"London, UK",Yes,Full-time,"TensorFlow, Deep Learning, Power BI, AWS, Python",1-50,141000.0,36,2025-09-19
JOB00439,Data Engineer,Mid,3.0,Clearline Systems,Automotive,"Bengaluru, India",Yes,Full-time,"SQL, Power BI, PyTorch, Deep Learning, NLP",51-200,54500.0,21,2025-07-08
JOB00440,BI Analyst,Entry,0.0,Corelytics,E-commerce,Singapore,No,Full-time,"Statistics, Data Visualization, Python",51-200,73000.0,54,2026-03-08
JOB00441,Head of Analytics,Manager,10.0,Corelytics,Technology,Remote,Yes,Full-time,"MLOps, AWS, LLMs, GCP, Statistics",51-200,248500.0,14,2026-03-01
JOB00442,Senior Data Scientist,Senior,6.0,Nexora AI,Education,"New York, USA",No,Contract,"Deep Learning, LLMs, Machine Learning, Generative AI, Computer Vision, Airflow",1001-5000,161500.0,48,2025-12-17
JOB00444,BI Analyst,Entry,0.0,Nexora AI,Healthcare,Singapore,Yes,Part-time,"Excel, Tableau, Python, Statistics",5000+,60500.0,21,2025-11-29
JOB00445,AI Research Scientist,Senior,6.0,Clearline Systems,Gaming,"Sydney, Australia",No,Full-time,"Azure, Computer Vision, Deep Learning, MLOps",51-200,169500.0,53,2025-09-09
JOB00446,Data Science Manager,Manager,10.0,Clearline Systems,Manufacturing,"San Francisco, USA",Yes,Full-time,"AWS, GCP, MLOps, Statistics",201-1000,292500.0,50,2026-04-24
JOB00447,Data Scientist,Mid,3.0,DataForge,Consulting,"Berlin, Germany",No,Full-time,"SQL, TensorFlow, AWS, PyTorch, Machine Learning",1-50,91000.0,60,2025-07-05
JOB00448,Senior Data Scientist,Senior,6.0,Silverline AI,Technology,"San Francisco, USA",No,Full-time,"NLP, Kubernetes, AWS, Machine Learning, LLMs, Airflow",1001-5000,225000.0,11,2026-05-01
JOB00449,VP of Machine Learning,Manager,10.0,Meridian Software,Gaming,Singapore,Yes,Full-time,"LLMs, GCP, A/B Testing, Generative AI, AWS, Data Visualization",51-200,277000.0,64,2026-07-06
JOB00450,Computer Vision Engineer,Mid,3.0,Northstar Labs,Education,"Berlin, Germany",Yes,Full-time,"SQL, PyTorch, AWS",5000+,105500.0,64,2026-03-12
JOB00451,Machine Learning Engineer,Mid,3.0,Nexora AI,Healthcare,Remote,Yes,Full-time,"Python, SQL, PyTorch, TensorFlow",5000+,99500.0,41,2025-10-14
JOB00452,Head of AI,Manager,10.0,Skyline Data Co,Automotive,Remote,Yes,Part-time,"Statistics, Generative AI, MLOps, GCP",51-200,247000.0,36,2026-07-04
JOB00453,Senior ML Engineer,Senior,6.0,Bright Path AI,Automotive,"New York, USA",No,Full-time,"LLMs, NLP, Kubernetes, Machine Learning",1-50,192500.0,34,2026-06-03
JOB00454,Data Engineer,Mid,3.0,Orbital Systems,Consulting,"Dublin, Ireland",No,Full-time,"Python, Deep Learning, SQL, NLP, PyTorch",201-1000,102500.0,14,2026-02-09
JOB00455,AI Engineer,Mid,3.0,Silverline AI,Education,"London, UK",No,Full-time,"Machine Learning, SQL, Power BI, TensorFlow, Spark",5000+,125500.0,11,2026-06-28
JOB00456,Data Analyst,Entry,0.0,Silverline AI,Consulting,"Austin, USA",No,Full-time,"Excel, Tableau, Statistics, Python",1-50,93500.0,53,2025-08-26
JOB00457,Machine Learning Engineer,Mid,3.0,Orbital Systems,Telecommunications,"New York, USA",No,Full-time,"Machine Learning, AWS, TensorFlow, Spark",51-200,106500.0,129,2025-11-16
JOB00458,AI Research Assistant,Entry,0.0,Atlas Intelligence,Gaming,"Berlin, Germany",No,Part-time,"Tableau, Statistics, Excel",1001-5000,72000.0,62,2026-01-04
JOB00459,Junior Data Scientist,Entry,0.0,Clearline Systems,Consulting,"Austin, USA",No,Part-time,"Data Visualization, Tableau, Statistics, Python, SQL, Computer Vision",5000+,73000.0,48,2026-06-10
JOB00460,Machine Learning Engineer,Mid,3.0,Meridian Software,Gaming,"Dublin, Ireland",Yes,Full-time,"Python, TensorFlow, NLP",51-200,121000.0,16,2026-01-31
JOB00461,Analytics Engineer,Mid,3.0,Northstar Labs,Healthcare,Remote,Yes,Full-time,"AWS, SQL, PyTorch, Spark, Machine Learning, Docker",201-1000,118000.0,74,2026-01-30
JOB00462,Computer Vision Engineer,Mid,3.0,DataForge,Gaming,"Bengaluru, India",No,Full-time,"TensorFlow, AWS, PyTorch, Power BI",51-200,46000.0,75,2025-12-01
JOB00464,AI Engineer,Mid,3.0,Bright Path AI,Manufacturing,"Dublin, Ireland",No,Contract,"Deep Learning, AWS, Python, Machine Learning, Power BI, GCP",5000+,87500.0,39,2026-04-11
JOB00465,Analytics Engineer,Mid,3.0,Clearline Systems,Education,"New York, USA",No,Full-time,"Power BI, NLP, Machine Learning, TensorFlow, Deep Learning",51-200,133000.0,62,2025-11-22
JOB00466,Computer Vision Engineer,Mid,3.0,Silverline AI,Technology,"Sydney, Australia",No,Full-time,"NLP, SQL, Power BI, Python, Data Visualization",1001-5000,107000.0,27,2026-06-07
JOB00468,Principal Data Scientist,Senior,6.0,Quantum Insight,Education,Remote,Yes,Full-time,"LLMs, Computer Vision, Generative AI, Machine Learning, AWS, NLP",1001-5000,195500.0,47,2025-10-08
JOB00469,Data Scientist,Mid,3.0,Meridian Software,Telecommunications,"San Francisco, USA",No,Full-time,"Power BI, NLP, Deep Learning, SQL, Data Visualization",1001-5000,148000.0,31,2025-11-22
JOB00470,Senior Data Scientist,Senior,6.0,DataForge,Automotive,"San Francisco, USA",No,Full-time,"MLOps, Azure, AWS, LLMs, Kubernetes",1-50,261500.0,47,2026-07-08
JOB00471,Machine Learning Engineer,Mid,3.0,Ironpeak Tech,Consulting,"Toronto, Canada",No,Full-time,"Power BI, PyTorch, Machine Learning, Deep Learning, Python, TensorFlow",1-50,117500.0,41,2026-01-06
JOB00472,Data Scientist,Mid,3.0,Ironpeak Tech,Finance,"Sydney, Australia",Yes,Contract,"PyTorch, Python, Power BI, Deep Learning",1-50,111000.0,50,2026-01-16
JOB00473,ML Engineer I,Entry,0.0,Zenith Data Group,Manufacturing,Singapore,No,Full-time,"SQL, Data Visualization, Python, Statistics, Tableau",51-200,69500.0,35,2026-01-15
JOB00474,Data Scientist,Mid,3.0,Clearline Systems,Gaming,"Toronto, Canada",No,Full-time,"NLP, PyTorch, TensorFlow, Deep Learning, SQL",1-50,82500.0,95,2026-03-07
JOB00475,Machine Learning Engineer,Mid,3.0,Ironpeak Tech,Telecommunications,"Berlin, Germany",No,Full-time,"Python, TensorFlow, Machine Learning, PyTorch",201-1000,113500.0,24,2026-01-23
JOB00476,Senior ML Engineer,Senior,6.0,Northstar Labs,Education,"Berlin, Germany",No,Full-time,"Kubernetes, Deep Learning, GCP, Generative AI, Computer Vision",51-200,134000.0,30,2026-03-17
JOB00477,ML Engineer I,Entry,0.0,DataForge,Automotive,"New York, USA",Yes,Full-time,"Statistics, SQL, Excel",51-200,68500.0,13,2025-07-29
JOB00478,Data Engineer I,Entry,0.0,Northstar Labs,Finance,"London, UK",Yes,Full-time,"SQL, Tableau, Data Visualization, Python, Generative AI",5000+,70500.0,131,2025-12-03
JOB00479,BI Analyst,Entry,0.0,DataForge,Education,"Berlin, Germany",Yes,Full-time,"Statistics, Tableau, SQL",1001-5000,64000.0,100,2025-07-16
JOB00480,NLP Engineer,Mid,3.0,Bluewave Tech,Finance,"Dublin, Ireland",No,Contract,"Power BI, SQL, AWS, PyTorch",51-200,106000.0,46,2025-08-30
JOB00481,Principal Data Scientist,Senior,6.0,Meridian Software,E-commerce,"Sydney, Australia",No,Full-time,"GCP, Kubernetes, Generative AI, Deep Learning, Machine Learning, Excel",1-50,185500.0,37,2026-06-07
JOB00482,Analytics Engineer,Mid,3.0,Ironpeak Tech,Consulting,"London, UK",No,Contract,"Deep Learning, NLP, PyTorch, Spark",1001-5000,101000.0,51,2025-12-19
JOB00483,AI Engineer,Mid,3.0,Horizon Cloud,Finance,"New York, USA",No,Full-time,"Spark, PyTorch, Power BI, TensorFlow",1-50,145500.0,54,2026-03-11
JOB00484,Data Engineer,Mid,3.0,Ironpeak Tech,Telecommunications,"Sydney, Australia",No,Full-time,"SQL, TensorFlow, AWS, PyTorch, Machine Learning",5000+,101000.0,23,2025-12-06
JOB00485,Computer Vision Engineer,Mid,3.0,Bright Path AI,Consulting,"Sydney, Australia",No,Full-time,"Deep Learning, Power BI, AWS, NLP, Azure",1-50,140000.0,29,2026-07-06
JOB00486,Data Analyst,Entry,0.0,Corelytics,Manufacturing,"Toronto, Canada",Yes,Full-time,"Excel, Statistics, Python, Tableau, SQL",51-200,62500.0,66,2026-02-09
JOB00487,Analytics Engineer,Mid,3.0,Silverline AI,Technology,"Toronto, Canada",No,Full-time,"NLP, Power BI, Machine Learning, SQL, R",1-50,94500.0,23,2025-10-28
JOB00488,Head of AI,Manager,10.0,Horizon Cloud,Education,"Toronto, Canada",No,Full-time,"Generative AI, A/B Testing, MLOps, Statistics, GCP, LLMs",201-1000,172500.0,44,2026-03-28
JOB00489,Director of Data Science,Manager,10.0,Bluewave Tech,Technology,"Bengaluru, India",No,Contract,"Generative AI, GCP, LLMs",1001-5000,124500.0,53,2026-06-18
JOB00490,AI Research Scientist,Senior,6.0,Bluewave Tech,Telecommunications,"Toronto, Canada",No,Full-time,"GCP, Computer Vision, NLP, Azure, LLMs",5000+,134500.0,72,2026-01-31
JOB00491,Computer Vision Engineer,Mid,3.0,Ironpeak Tech,Gaming,"Toronto, Canada",No,Full-time,"PyTorch, Deep Learning, SQL, TensorFlow",1-50,111000.0,14,2025-08-01
JOB00492,Staff AI Engineer,Senior,6.0,Clearline Systems,Finance,"San Francisco, USA",No,Full-time,"Computer Vision, LLMs, Kubernetes, Deep Learning, Azure",51-200,265000.0,13,2025-07-26
JOB00495,Senior Data Scientist,Senior,6.0,Zenith Data Group,Healthcare,"San Francisco, USA",No,Full-time,"MLOps, Azure, Generative AI, Computer Vision",5000+,245000.0,19,2026-01-08
JOB00496,AI Research Assistant,Entry,0.0,Orbital Systems,Manufacturing,"San Francisco, USA",Yes,Full-time,"Excel, Tableau, SQL, Python, Statistics",5000+,73500.0,33,2025-07-20
JOB00497,Data Analyst,Entry,0.0,Zenith Data Group,Technology,"New York, USA",Yes,Full-time,"Data Visualization, Statistics, Excel, Python, Azure",5000+,71500.0,78,2026-01-11
JOB00498,Data Engineer,Mid,3.0,Silverline AI,Finance,"New York, USA",Yes,Full-time,"Deep Learning, Spark, NLP, Python",201-1000,112000.0,2,2026-04-08
JOB00499,AI Research Assistant,Entry,0.0,Bluewave Tech,E-commerce,Singapore,Yes,Full-time,"Excel, Data Visualization, Tableau, Statistics, Python",51-200,56500.0,158,2025-10-22
JOB00500,BI Analyst,Entry,0.0,Novacore AI,Consulting,"Bengaluru, India",No,Full-time,"Data Visualization, Excel, SQL",201-1000,31000.0,35,2026-06-10
JOB00501,Senior ML Engineer,Senior,6.0,Silverline AI,Finance,"London, UK",No,Part-time,"MLOps, AWS, NLP, Deep Learning, Machine Learning",5000+,199500.0,26,2025-08-16
JOB00502,Computer Vision Engineer,Mid,3.0,Vertex Analytics,Consulting,"Berlin, Germany",No,Full-time,"Machine Learning, TensorFlow, AWS",51-200,107500.0,8,2025-10-03
JOB00503,Computer Vision Engineer,Mid,3.0,Bluewave Tech,Manufacturing,"Berlin, Germany",No,Part-time,"Deep Learning, Machine Learning, SQL, Python, NLP",1-50,94000.0,21,2025-08-11
JOB00505,Staff AI Engineer,Senior,6.0,Vertex Analytics,Manufacturing,Singapore,No,Full-time,"AWS, LLMs, Azure, Kubernetes, SQL",201-1000,147000.0,43,2025-09-23
JOB00506,AI Research Scientist,Senior,6.0,Pulse Robotics,E-commerce,Remote,Yes,Full-time,"Deep Learning, LLMs, NLP",201-1000,175500.0,14,2026-04-14
JOB00507,Senior ML Engineer,Senior,6.0,Bright Path AI,Finance,"Toronto, Canada",No,Full-time,"GCP, Azure, Deep Learning",201-1000,181500.0,28,2026-07-05
JOB00508,Computer Vision Engineer,Mid,3.0,Novacore AI,Telecommunications,"Toronto, Canada",No,Full-time,"PyTorch, Spark, Power BI",1001-5000,102500.0,17,2026-02-13
JOB00509,ML Engineer I,Entry,0.0,Orbital Systems,Gaming,"Dublin, Ireland",Yes,Full-time,"Excel, SQL, Data Visualization, Tableau, A/B Testing",51-200,54500.0,15,2025-12-15
JOB00510,Computer Vision Engineer,Mid,3.0,Corelytics,Consulting,"Bengaluru, India",No,Full-time,"Python, AWS, Spark, Machine Learning",201-1000,46000.0,10,2026-05-01
JOB00511,ML Engineer I,Entry,0.0,Clearline Systems,Telecommunications,"Berlin, Germany",Yes,Full-time,"SQL, Excel, Data Visualization, Python, Machine Learning",201-1000,60500.0,95,2025-10-16
JOB00513,AI Engineer,Mid,3.0,Pulse Robotics,Technology,"Sydney, Australia",Yes,Full-time,"Power BI, TensorFlow, SQL, AWS, Python, Azure",5000+,121000.0,19,2025-10-08
JOB00515,Junior Data Scientist,Entry,0.0,Quantum Insight,E-commerce,"Berlin, Germany",No,Full-time,"SQL, Excel, Tableau, Python, Statistics",201-1000,76000.0,239,2026-03-05
JOB00516,Senior ML Engineer,Senior,6.0,Vertex Analytics,E-commerce,"Dublin, Ireland",Yes,Full-time,"Generative AI, NLP, Deep Learning, Computer Vision",51-200,163500.0,49,2026-05-18
JOB00517,Data Engineer I,Entry,0.0,Bluewave Tech,Technology,Singapore,No,Full-time,"SQL, Excel, Python",201-1000,79000.0,14,2025-08-09
JOB00518,BI Analyst,Entry,0.0,Atlas Intelligence,Telecommunications,"Austin, USA",Yes,Full-time,"Excel, Tableau, Data Visualization",201-1000,60000.0,68,2026-06-16
JOB00519,Junior Data Scientist,Entry,0.0,Zenith Data Group,Automotive,Remote,Yes,Contract,"Data Visualization, Excel, SQL, Tableau, Computer Vision",1001-5000,72500.0,51,2026-06-08
JOB00520,Lead Data Engineer,Senior,6.0,Pulse Robotics,Automotive,"Austin, USA",No,Full-time,"Computer Vision, LLMs, Generative AI, Azure, Data Visualization",5000+,204000.0,62,2025-12-27
JOB00521,AI Engineer,Mid,3.0,Pulse Robotics,Manufacturing,"London, UK",No,Full-time,"AWS, Machine Learning, TensorFlow, PyTorch",201-1000,132500.0,27,2025-12-28
JOB00522,AI Research Scientist,Senior,6.0,Pulse Robotics,Finance,"Dublin, Ireland",No,Contract,"AWS, LLMs, MLOps, Azure, Generative AI, NLP",5000+,182000.0,83,2025-10-07
JOB00523,AI Research Scientist,Senior,6.0,Novacore AI,Telecommunications,"Toronto, Canada",No,Full-time,"Deep Learning, Machine Learning, NLP",201-1000,151000.0,65,2026-05-21
JOB00524,AI Research Scientist,Senior,6.0,Fusion Analytics,Manufacturing,Singapore,Yes,Contract,"LLMs, GCP, Azure, Kubernetes, AWS",5000+,142500.0,54,2026-01-14
JOB00525,Machine Learning Engineer,Mid,3.0,Corelytics,Automotive,Remote,Yes,Full-time,"TensorFlow, PyTorch, Power BI, Machine Learning, Python, LLMs",201-1000,113000.0,7,2025-07-16
JOB00526,Computer Vision Engineer,Mid,3.0,Fusion Analytics,Manufacturing,Remote,Yes,Full-time,"PyTorch, AWS, Power BI, Excel",1-50,97000.0,55,2025-09-13
JOB00527,Senior ML Engineer,Senior,6.0,Horizon Cloud,E-commerce,Singapore,Yes,Full-time,"Generative AI, Azure, Computer Vision",201-1000,200500.0,32,2026-01-26
JOB00528,Head of AI,Manager,10.0,Vertex Analytics,Consulting,"Dublin, Ireland",Yes,Full-time,"GCP, Generative AI, Statistics, A/B Testing, AWS, Azure",1-50,267000.0,55,2026-01-17
JOB00529,ML Engineer I,Entry,0.0,Fusion Analytics,E-commerce,"Dublin, Ireland",No,Full-time,"Tableau, Statistics, SQL, Python",1-50,84000.0,29,2026-07-08
JOB00530,Data Scientist,Mid,3.0,Pulse Robotics,Telecommunications,"New York, USA",Yes,Full-time,"SQL, TensorFlow, NLP",201-1000,142000.0,53,2025-08-10
JOB00531,AI Research Scientist,Senior,6.0,Bluewave Tech,E-commerce,"Austin, USA",No,Full-time,"LLMs, Computer Vision, AWS, Kubernetes, Generative AI, GCP",51-200,181500.0,44,2025-07-13
JOB00532,Lead Data Engineer,Senior,6.0,Clearline Systems,Finance,"Austin, USA",No,Full-time,"Generative AI, LLMs, Azure, GCP, Deep Learning, Airflow",51-200,209500.0,157,2026-04-26
JOB00533,AI Research Assistant,Entry,0.0,Silverline AI,Education,"Austin, USA",No,Full-time,"Data Visualization, Tableau, Statistics, Python, TensorFlow",5000+,70000.0,29,2026-02-13
JOB00534,AI Engineer,Mid,3.0,DataForge,Healthcare,"London, UK",Yes,Full-time,"Deep Learning, PyTorch, Spark, Power BI, Machine Learning, GCP",1-50,112000.0,28,2026-06-17
JOB00535,AI Research Assistant,Entry,0.0,Fusion Analytics,Consulting,"Austin, USA",Yes,Full-time,"Statistics, SQL, Excel",51-200,75000.0,53,2025-11-27
JOB00536,Senior ML Engineer,Senior,6.0,Northstar Labs,Education,"Toronto, Canada",No,Contract,"MLOps, NLP, Kubernetes, Computer Vision, Machine Learning, Statistics",51-200,134500.0,136,2025-10-31
JOB00538,Junior Data Scientist,Entry,0.0,Meridian Software,Automotive,Remote,Yes,Full-time,"SQL, Statistics, Tableau",201-1000,61500.0,49,2026-03-08
JOB00539,Staff AI Engineer,Senior,6.0,Ironpeak Tech,Education,"Sydney, Australia",Yes,Full-time,"AWS, Azure, Deep Learning, LLMs, R",1001-5000,207500.0,138,2025-07-19
JOB00540,Data Engineer I,Entry,0.0,Corelytics,E-commerce,"Sydney, Australia",No,Full-time,"Python, Excel, SQL, Statistics",1001-5000,82500.0,23,2026-06-02
JOB00541,AI Engineer,Mid,3.0,Nexora AI,Automotive,"Bengaluru, India",Yes,Full-time,"Power BI, AWS, SQL, Docker",1001-5000,55500.0,26,2025-12-10
JOB00542,Data Engineer,Mid,3.0,Skyline Data Co,Automotive,Singapore,Yes,Full-time,"AWS, SQL, Machine Learning, Spark, TensorFlow",1001-5000,126000.0,5,2026-03-29
JOB00543,AI Research Assistant,Entry,0.0,Fusion Analytics,Automotive,"Bengaluru, India",No,Full-time,"SQL, Tableau, Statistics, Docker",51-200,26000.0,13,2025-12-23
JOB00544,Head of Analytics,Manager,10.0,Nexora AI,Gaming,"Sydney, Australia",Yes,Full-time,"Generative AI, AWS, GCP, MLOps",1-50,215000.0,31,2026-05-10
JOB00545,Data Engineer,Mid,3.0,Ironpeak Tech,Manufacturing,Singapore,No,Full-time,"NLP, Python, Deep Learning, Machine Learning",1-50,102000.0,23,2025-08-21
JOB00546,AI Research Scientist,Senior,6.0,Horizon Cloud,Manufacturing,"Berlin, Germany",No,Full-time,"Azure, Deep Learning, Generative AI",1001-5000,132000.0,102,2026-05-25
JOB00547,Data Analyst,Entry,0.0,Clearline Systems,Healthcare,"Sydney, Australia",Yes,Contract,"Data Visualization, Python, Excel",51-200,67500.0,11,2025-12-13
JOB00549,Data Scientist,Mid,3.0,Bluewave Tech,Education,"Austin, USA",No,Full-time,"Deep Learning, PyTorch, TensorFlow, SQL, NLP",1001-5000,126000.0,79,2025-07-23
JOB00550,AI Research Assistant,Entry,0.0,Orbital Systems,Automotive,"Sydney, Australia",No,Full-time,"SQL, Python, Tableau, Statistics, Spark",51-200,89000.0,26,2026-04-12
JOB00551,Data Analyst,Entry,0.0,Zenith Data Group,Manufacturing,Remote,Yes,Full-time,"Tableau, Python, Data Visualization, SQL",51-200,56000.0,20,2026-03-04
JOB00552,Head of AI,Manager,10.0,Meridian Software,Education,"Sydney, Australia",Yes,Full-time,"A/B Testing, Statistics, Generative AI, AWS",51-200,319000.0,54,2025-10-31
JOB00553,Lead Data Engineer,Senior,6.0,Clearline Systems,Manufacturing,"New York, USA",No,Full-time,"Azure, Computer Vision, GCP",5000+,226500.0,56,2025-08-30
JOB00554,NLP Engineer,Mid,3.0,Clearline Systems,Technology,"New York, USA",Yes,Full-time,"NLP, Deep Learning, SQL, Machine Learning",1-50,149000.0,5,2026-06-24
JOB00555,Machine Learning Engineer,Mid,3.0,Ironpeak Tech,Technology,"San Francisco, USA",No,Full-time,"Python, Machine Learning, TensorFlow",51-200,163500.0,17,2026-06-29
JOB00556,VP of Machine Learning,Manager,10.0,Meridian Software,E-commerce,"New York, USA",No,Full-time,"MLOps, A/B Testing, Generative AI, LLMs",51-200,366500.0,8,2026-02-22
JOB00557,NLP Engineer,Mid,3.0,Bright Path AI,E-commerce,Remote,Yes,Full-time,"Spark, Power BI, Python, Machine Learning, TensorFlow",51-200,119500.0,101,2026-07-12
JOB00559,NLP Engineer,Mid,3.0,Atlas Intelligence,Consulting,"New York, USA",No,Full-time,"AWS, Machine Learning, TensorFlow",1-50,156500.0,64,2025-09-10
JOB00561,ML Engineer I,Entry,0.0,Bluewave Tech,Technology,"Toronto, Canada",No,Full-time,"Data Visualization, Excel, SQL, Python",5000+,54000.0,8,2025-10-02
JOB00562,NLP Engineer,Mid,3.0,Orbital Systems,Education,Singapore,Yes,Full-time,"NLP, AWS, PyTorch, Power BI, Tableau",201-1000,118500.0,29,2025-12-15
JOB00563,Data Engineer,Mid,3.0,Bluewave Tech,Manufacturing,"London, UK",No,Full-time,"Machine Learning, SQL, NLP, Python, AWS",1001-5000,132000.0,57,2026-02-10
JOB00564,Data Scientist,Mid,3.0,DataForge,Manufacturing,"Berlin, Germany",No,Full-time,"Spark, SQL, Deep Learning, TensorFlow, NLP",201-1000,117000.0,76,2025-11-16
JOB00565,Lead Data Engineer,Senior,6.0,Orbital Systems,Manufacturing,"New York, USA",No,Full-time,"LLMs, Kubernetes, Azure, Generative AI, Power BI",1001-5000,169000.0,63,2026-07-02
JOB00566,Head of Analytics,Manager,10.0,Corelytics,Consulting,"Bengaluru, India",Yes,Contract,"AWS, Statistics, GCP, MLOps",5000+,136500.0,61,2026-01-14
JOB00567,AI Research Assistant,Entry,0.0,Vertex Analytics,Healthcare,"Bengaluru, India",No,Full-time,"Excel, Data Visualization, SQL, Python",201-1000,40500.0,72,2025-08-27
JOB00569,Computer Vision Engineer,Mid,3.0,Novacore AI,Healthcare,Singapore,Yes,Contract,"NLP, AWS, TensorFlow, PyTorch",1-50,106500.0,27,2025-11-19
JOB00570,Data Engineer I,Entry,0.0,Fusion Analytics,Education,Remote,Yes,Part-time,"Python, Tableau, Statistics, Docker",201-1000,62500.0,51,2025-09-06
JOB00571,Lead Data Engineer,Senior,6.0,Northstar Labs,Telecommunications,"Bengaluru, India",Yes,Full-time,"LLMs, Azure, Generative AI, Kubernetes",51-200,63500.0,60,2026-01-26
JOB00572,Data Scientist,Mid,3.0,Nexora AI,Technology,"Dublin, Ireland",Yes,Full-time,"TensorFlow, SQL, Machine Learning, Spark, NLP, Azure",51-200,127000.0,48,2025-11-01
JOB00573,Senior ML Engineer,Senior,6.0,Vertex Analytics,Manufacturing,"Dublin, Ireland",No,Full-time,"LLMs, Generative AI, Deep Learning, Computer Vision, MLOps",201-1000,135000.0,17,2025-08-05
JOB00574,Junior Data Scientist,Entry,0.0,Vertex Analytics,Telecommunications,"Berlin, Germany",No,Contract,"Python, Data Visualization, Tableau",5000+,68500.0,64,2025-08-21
JOB00575,VP of Machine Learning,Manager,10.0,Clearline Systems,Technology,"Sydney, Australia",Yes,Full-time,"A/B Testing, AWS, Generative AI, MLOps, LLMs",1001-5000,311500.0,40,2026-01-07
JOB00576,Senior ML Engineer,Senior,6.0,Pulse Robotics,Finance,"Sydney, Australia",No,Full-time,"Computer Vision, Generative AI, GCP, Machine Learning, MLOps",1-50,203500.0,14,2025-11-24
JOB00577,Principal Data Scientist,Senior,6.0,Silverline AI,Manufacturing,"Toronto, Canada",Yes,Full-time,"AWS, GCP, Generative AI, Computer Vision, Spark",51-200,186500.0,16,2026-01-07
JOB00578,BI Analyst,Entry,0.0,Northstar Labs,Healthcare,Remote,Yes,Part-time,"SQL, Python, Tableau, Statistics",1-50,74500.0,20,2025-09-10
JOB00579,Senior Data Scientist,Senior,6.0,DataForge,E-commerce,"Dublin, Ireland",No,Full-time,"Generative AI, GCP, Deep Learning, Kubernetes, PyTorch",5000+,135500.0,1,2026-06-28
JOB00580,AI Engineer,Mid,3.0,Skyline Data Co,Automotive,Remote,Yes,Full-time,"PyTorch, Spark, TensorFlow, Power BI, Python",51-200,132500.0,84,2025-07-02
JOB00581,Data Scientist,Mid,3.0,Quantum Insight,E-commerce,"Austin, USA",Yes,Full-time,"Python, PyTorch, Machine Learning",51-200,136000.0,26,2025-09-13
JOB00582,AI Research Scientist,Senior,6.0,Nexora AI,Technology,"San Francisco, USA",Yes,Part-time,"Machine Learning, NLP, Generative AI, R",1001-5000,257500.0,10,2026-06-09
JOB00583,Junior Data Scientist,Entry,0.0,Bright Path AI,Technology,"Bengaluru, India",No,Full-time,"Excel, Tableau, SQL, Statistics, AWS",201-1000,39000.0,102,2025-11-18
JOB00584,BI Analyst,Entry,0.0,Bright Path AI,Gaming,Singapore,No,Full-time,"Statistics, Tableau, SQL, Data Visualization, AWS",5000+,58500.0,25,2026-07-15
JOB00585,Staff AI Engineer,Senior,6.0,Skyline Data Co,Finance,Remote,Yes,Full-time,"Generative AI, Kubernetes, Machine Learning, LLMs",201-1000,163000.0,33,2026-05-22
JOB00586,BI Analyst,Entry,0.0,Clearline Systems,Telecommunications,"San Francisco, USA",Yes,Full-time,"Statistics, Python, Tableau, SQL, Data Visualization",51-200,105500.0,39,2025-08-03
JOB00587,Principal Data Scientist,Senior,6.0,Horizon Cloud,Manufacturing,"New York, USA",No,Full-time,"Computer Vision, Deep Learning, Machine Learning, Kubernetes, MLOps",1001-5000,180500.0,11,2025-07-15
JOB00588,Head of Analytics,Manager,10.0,Quantum Insight,Finance,"Dublin, Ireland",No,Full-time,"Generative AI, LLMs, MLOps, GCP",1001-5000,252000.0,108,2026-06-08
JOB00589,Data Analyst,Entry,0.0,Horizon Cloud,Healthcare,"New York, USA",No,Full-time,"Statistics, Excel, Data Visualization, Python",1-50,66000.0,46,2026-07-14
JOB00591,BI Analyst,Entry,0.0,Skyline Data Co,Telecommunications,Remote,Yes,Full-time,"Data Visualization, Python, Excel, Tableau, Azure",201-1000,82000.0,31,2025-10-26
JOB00592,Principal Data Scientist,Senior,6.0,Fusion Analytics,Finance,"Sydney, Australia",No,Full-time,"Deep Learning, Kubernetes, NLP, MLOps",51-200,141000.0,69,2025-11-04
JOB00593,Computer Vision Engineer,Mid,3.0,Meridian Software,Education,"Bengaluru, India",Yes,Full-time,"Machine Learning, Python, TensorFlow, NLP",5000+,56500.0,25,2025-12-19
JOB00594,AI Engineer,Mid,3.0,Bright Path AI,E-commerce,"Sydney, Australia",Yes,Contract,"Power BI, Machine Learning, Deep Learning, Spark, NLP",201-1000,106500.0,16,2025-07-13
JOB00595,AI Engineer,Mid,3.0,Novacore AI,Gaming,Remote,Yes,Full-time,"PyTorch, Python, Spark, SQL, Machine Learning, TensorFlow",201-1000,118000.0,89,2026-06-22
JOB00596,BI Analyst,Entry,0.0,DataForge,E-commerce,"Berlin, Germany",No,Full-time,"Statistics, Python, Excel, Tableau, SQL",201-1000,62500.0,50,2026-04-08
JOB00597,Analytics Engineer,Mid,3.0,Horizon Cloud,Finance,"Sydney, Australia",Yes,Full-time,"PyTorch, SQL, Spark, TensorFlow, Python, Deep Learning",51-200,96500.0,26,2025-07-21
JOB00598,Data Analyst,Entry,0.0,Fusion Analytics,Gaming,Remote,Yes,Full-time,"Tableau, Excel, Python, SQL",201-1000,65000.0,51,2026-05-26
JOB00599,Principal Data Scientist,Senior,6.0,Horizon Cloud,Consulting,"New York, USA",No,Full-time,"AWS, Deep Learning, LLMs",201-1000,211500.0,33,2026-01-13
JOB00601,Data Engineer,Mid,3.0,Novacore AI,Automotive,Singapore,No,Contract,"PyTorch, SQL, AWS, NLP",5000+,126500.0,18,2026-06-23
JOB00602,Data Engineer I,Entry,0.0,Novacore AI,Manufacturing,Singapore,Yes,Part-time,"Tableau, SQL, Excel",201-1000,87000.0,33,2026-05-05
JOB00604,Analytics Engineer,Mid,3.0,Corelytics,E-commerce,"Bengaluru, India",No,Full-time,"TensorFlow, Machine Learning, Deep Learning",201-1000,56500.0,149,2025-10-26
JOB00605,Junior Data Scientist,Entry,0.0,Vertex Analytics,Healthcare,Singapore,Yes,Full-time,"SQL, Python, Statistics",1-50,63000.0,21,2026-04-17
JOB00606,AI Research Assistant,Entry,0.0,Quantum Insight,Consulting,"New York, USA",No,Full-time,"Data Visualization, Tableau, Excel, NLP",1001-5000,76000.0,12,2026-07-15
JOB00607,Machine Learning Engineer,Mid,3.0,Bright Path AI,Finance,"San Francisco, USA",No,Full-time,"Deep Learning, Spark, Power BI, NLP, AWS",201-1000,134500.0,31,2025-08-17
JOB00608,Lead Data Engineer,Senior,6.0,Corelytics,Gaming,Singapore,No,Full-time,"Kubernetes, Deep Learning, GCP, Azure, Computer Vision",1001-5000,180500.0,109,2026-02-03
JOB00609,ML Engineer I,Entry,0.0,Nexora AI,Telecommunications,"New York, USA",No,Full-time,"Python, SQL, Tableau, Statistics, Data Visualization",51-200,79000.0,72,2026-03-19
JOB00610,Director of Data Science,Manager,10.0,Corelytics,Automotive,"San Francisco, USA",No,Full-time,"Generative AI, AWS, LLMs, Statistics, MLOps",1-50,319000.0,36,2025-12-29
JOB00611,Computer Vision Engineer,Mid,3.0,Orbital Systems,Telecommunications,"Berlin, Germany",No,Full-time,"PyTorch, Python, Machine Learning",1001-5000,101000.0,106,2026-06-05
JOB00612,Lead Data Engineer,Senior,6.0,Meridian Software,Technology,"Bengaluru, India",No,Full-time,"Deep Learning, GCP, Azure, AWS",51-200,78000.0,16,2025-12-25
JOB00613,Data Analyst,Entry,0.0,Atlas Intelligence,Healthcare,"Bengaluru, India",No,Full-time,"Python, Data Visualization, Statistics",201-1000,33500.0,24,2026-02-14
JOB00614,Data Scientist,Mid,3.0,Bright Path AI,Finance,"New York, USA",Yes,Full-time,"NLP, Machine Learning, Power BI, TensorFlow, Deep Learning",201-1000,161000.0,27,2026-05-14
JOB00615,Lead Data Engineer,Senior,6.0,Meridian Software,Finance,"Austin, USA",No,Full-time,"GCP, MLOps, LLMs, Deep Learning",51-200,163000.0,29,2026-01-11
JOB00617,Analytics Engineer,Mid,3.0,Nexora AI,E-commerce,"Bengaluru, India",No,Full-time,"Deep Learning, Python, Power BI, GCP",1001-5000,42500.0,86,2026-06-28
JOB00618,VP of Machine Learning,Manager,10.0,Clearline Systems,Technology,"Toronto, Canada",Yes,Full-time,"Statistics, LLMs, A/B Testing",1-50,186500.0,38,2026-04-21
JOB00620,Data Scientist,Mid,3.0,Orbital Systems,Technology,"Berlin, Germany",No,Full-time,"Power BI, SQL, TensorFlow, Data Visualization",51-200,110000.0,8,2026-04-09
JOB00621,Machine Learning Engineer,Mid,3.0,Quantum Insight,Education,"Bengaluru, India",Yes,Full-time,"Deep Learning, PyTorch, SQL",1001-5000,60500.0,49,2026-04-22
JOB00622,Head of AI,Manager,10.0,Corelytics,Finance,"Toronto, Canada",No,Full-time,"GCP, Statistics, AWS, MLOps, Generative AI, LLMs",51-200,202000.0,24,2026-04-11
JOB00623,AI Research Scientist,Senior,6.0,Corelytics,Automotive,"New York, USA",No,Contract,"Generative AI, NLP, LLMs, Deep Learning, Spark",1-50,230000.0,69,2025-10-24
JOB00624,Machine Learning Engineer,Mid,3.0,DataForge,Technology,"London, UK",No,Contract,"SQL, AWS, TensorFlow, Machine Learning",201-1000,108000.0,33,2025-12-30
JOB00625,AI Engineer,Mid,3.0,Pulse Robotics,Automotive,"New York, USA",No,Full-time,"NLP, Python, PyTorch, TensorFlow, AWS",201-1000,152500.0,74,2025-10-23
JOB00626,Data Science Manager,Manager,10.0,Orbital Systems,Telecommunications,"Toronto, Canada",No,Full-time,"Generative AI, Statistics, GCP",201-1000,197500.0,17,2025-12-28
JOB00628,BI Analyst,Entry,0.0,Clearline Systems,Telecommunications,Remote,Yes,Full-time,"Excel, SQL, Statistics, Data Visualization, Python",5000+,70500.0,50,2026-03-07
JOB00629,Data Analyst,Entry,0.0,Corelytics,Healthcare,Singapore,No,Full-time,"Python, SQL, Statistics",1-50,78000.0,55,2025-10-19
JOB00630,Computer Vision Engineer,Mid,3.0,Northstar Labs,Healthcare,Remote,Yes,Full-time,"Deep Learning, AWS, Spark",51-200,106500.0,72,2026-03-27
JOB00631,Head of AI,Manager,10.0,Skyline Data Co,Finance,"Austin, USA",No,Full-time,"GCP, A/B Testing, Statistics, MLOps, Airflow",5000+,268000.0,18,2026-01-19
JOB00632,Staff AI Engineer,Senior,6.0,Nexora AI,Healthcare,"San Francisco, USA",Yes,Full-time,"GCP, Deep Learning, LLMs, Azure, Computer Vision",51-200,229000.0,24,2026-02-10
JOB00633,Data Engineer,Mid,3.0,Bright Path AI,Healthcare,"Bengaluru, India",Yes,Full-time,"Deep Learning, AWS, Machine Learning",201-1000,44000.0,34,2025-12-18
JOB00634,Data Scientist,Mid,3.0,Clearline Systems,Healthcare,"Dublin, Ireland",No,Full-time,"Machine Learning, Deep Learning, PyTorch, Python, TensorFlow",51-200,121500.0,62,2026-04-17
JOB00635,Data Engineer,Mid,3.0,Meridian Software,E-commerce,"Austin, USA",No,Full-time,"Python, Machine Learning, NLP, Spark, PyTorch",201-1000,128500.0,28,2026-01-07
JOB00636,ML Engineer I,Entry,0.0,Novacore AI,Healthcare,"Dublin, Ireland",No,Full-time,"Python, SQL, Tableau, Data Visualization",1-50,80000.0,23,2025-11-17
JOB00637,NLP Engineer,Mid,3.0,Quantum Insight,Technology,"Toronto, Canada",No,Full-time,"Machine Learning, SQL, PyTorch, Spark, NLP",201-1000,114000.0,62,2026-05-26
JOB00638,AI Research Assistant,Entry,0.0,Bluewave Tech,Automotive,"Berlin, Germany",No,Full-time,"Tableau, Statistics, Python, SQL",201-1000,55500.0,62,2025-12-03
JOB00639,Data Scientist,Mid,3.0,Orbital Systems,Consulting,"Toronto, Canada",Yes,Full-time,"Machine Learning, NLP, Deep Learning, Power BI, Spark, Tableau",1001-5000,111500.0,30,2025-10-03
JOB00641,Data Scientist,Mid,3.0,Nexora AI,Finance,"London, UK",Yes,Full-time,"Deep Learning, TensorFlow, PyTorch",51-200,96500.0,21,2025-07-12
JOB00642,Senior ML Engineer,Senior,6.0,Corelytics,Manufacturing,"New York, USA",Yes,Full-time,"Kubernetes, Azure, Machine Learning, LLMs, Computer Vision",5000+,201500.0,46,2025-07-13
JOB00643,Data Scientist,Mid,3.0,Bluewave Tech,Automotive,"Toronto, Canada",Yes,Full-time,"Power BI, TensorFlow, PyTorch, NLP, Python",1001-5000,99000.0,85,2026-03-27
JOB00644,Computer Vision Engineer,Mid,3.0,Horizon Cloud,Telecommunications,"Bengaluru, India",No,Full-time,"Deep Learning, AWS, TensorFlow",201-1000,48000.0,37,2026-04-29
JOB00645,Data Science Manager,Manager,10.0,Fusion Analytics,Gaming,"San Francisco, USA",No,Full-time,"A/B Testing, AWS, Generative AI",201-1000,255500.0,36,2026-02-11
JOB00646,VP of Machine Learning,Manager,10.0,Nexora AI,Education,Remote,Yes,Full-time,"Generative AI, MLOps, AWS, Spark",51-200,213500.0,14,2026-04-06
JOB00647,VP of Machine Learning,Manager,10.0,Pulse Robotics,Education,"Austin, USA",Yes,Full-time,"Statistics, LLMs, AWS",201-1000,278000.0,70,2026-01-19
JOB00648,Senior ML Engineer,Senior,6.0,Horizon Cloud,Manufacturing,"London, UK",No,Full-time,"NLP, Machine Learning, MLOps, LLMs",201-1000,151500.0,78,2026-01-30
JOB00649,Analytics Engineer,Mid,3.0,Meridian Software,Consulting,"Bengaluru, India",No,Full-time,"SQL, Power BI, Spark",1001-5000,53500.0,5,2025-11-11
JOB00650,Head of Analytics,Manager,10.0,Ironpeak Tech,Healthcare,"New York, USA",Yes,Full-time,"GCP, LLMs, AWS, A/B Testing, Generative AI, Computer Vision",5000+,292500.0,65,2025-08-02
JOB00652,Senior ML Engineer,Senior,6.0,Pulse Robotics,Education,"San Francisco, USA",Yes,Contract,"Deep Learning, Machine Learning, NLP, Generative AI, MLOps, LLMs",1001-5000,249000.0,58,2026-04-11
JOB00653,Data Scientist,Mid,3.0,Ironpeak Tech,Education,"Berlin, Germany",Yes,Full-time,"Machine Learning, SQL, Python, PyTorch, Azure",51-200,88500.0,59,2026-05-09
JOB00654,Lead Data Engineer,Senior,6.0,Novacore AI,Education,"Berlin, Germany",No,Full-time,"GCP, NLP, Azure, Machine Learning",1-50,133500.0,20,2025-11-06
JOB00656,Head of Analytics,Manager,10.0,Atlas Intelligence,Healthcare,"Dublin, Ireland",Yes,Full-time,"GCP, Statistics, Generative AI, AWS, Deep Learning",201-1000,285500.0,13,2026-02-28
JOB00657,Data Engineer,Mid,3.0,DataForge,Technology,Singapore,Yes,Full-time,"SQL, NLP, Python, Deep Learning, Power BI",51-200,102000.0,28,2025-09-09
JOB00658,NLP Engineer,Mid,3.0,Meridian Software,Technology,"Sydney, Australia",No,Contract,"Deep Learning, SQL, Power BI, Python, NLP, TensorFlow",201-1000,108500.0,137,2025-07-31
JOB00659,Senior ML Engineer,Senior,6.0,Quantum Insight,Automotive,"London, UK",No,Full-time,"Machine Learning, NLP, AWS, MLOps",1-50,165000.0,63,2025-11-13
JOB00661,NLP Engineer,Mid,3.0,Pulse Robotics,Finance,"San Francisco, USA",Yes,Full-time,"AWS, Deep Learning, TensorFlow, PyTorch",1001-5000,167000.0,18,2026-07-07
JOB00662,VP of Machine Learning,Manager,10.0,DataForge,Manufacturing,"Austin, USA",Yes,Full-time,"GCP, A/B Testing, Generative AI",1-50,314500.0,115,2025-10-13
JOB00663,Senior ML Engineer,Senior,6.0,Silverline AI,Education,"Bengaluru, India",Yes,Full-time,"Kubernetes, NLP, MLOps, LLMs, AWS, Generative AI",201-1000,89500.0,10,2025-07-08
JOB00664,Data Science Manager,Manager,10.0,Bluewave Tech,Healthcare,"Bengaluru, India",No,Contract,"GCP, A/B Testing, Statistics, MLOps, Generative AI",201-1000,139500.0,71,2026-01-08
JOB00665,Senior Data Scientist,Senior,6.0,Pulse Robotics,Finance,"New York, USA",No,Contract,"Generative AI, MLOps, NLP, GCP, LLMs",1001-5000,186500.0,56,2025-07-20
JOB00666,Junior Data Scientist,Entry,0.0,Novacore AI,Finance,"Dublin, Ireland",No,Full-time,"Data Visualization, Statistics, SQL",1-50,80000.0,74,2026-02-02
JOB00667,Data Scientist,Mid,3.0,Quantum Insight,Consulting,"Bengaluru, India",No,Full-time,"Machine Learning, Deep Learning, Python, NLP",1001-5000,46000.0,30,2026-02-09
JOB00668,Computer Vision Engineer,Mid,3.0,Ironpeak Tech,Finance,"Toronto, Canada",No,Full-time,"SQL, Power BI, NLP, TensorFlow, Machine Learning",51-200,119500.0,31,2026-01-05
JOB00669,BI Analyst,Entry,0.0,Pulse Robotics,Manufacturing,"San Francisco, USA",No,Full-time,"SQL, Tableau, Data Visualization, Excel",1001-5000,89000.0,34,2026-03-01
JOB00670,Data Scientist,Mid,3.0,Vertex Analytics,Consulting,"Toronto, Canada",No,Full-time,"SQL, Deep Learning, TensorFlow, Python, Machine Learning",201-1000,125500.0,56,2026-03-25
JOB00671,Data Engineer,Mid,3.0,Skyline Data Co,Education,Singapore,Yes,Full-time,"AWS, PyTorch, Python",5000+,134500.0,28,2025-11-02
JOB00672,Data Analyst,Entry,0.0,Orbital Systems,Education,"Bengaluru, India",No,Contract,"Excel, Data Visualization, SQL, Python",201-1000,33000.0,42,2026-05-14
JOB00673,Data Scientist,Mid,3.0,Quantum Insight,Gaming,"New York, USA",Yes,Full-time,"PyTorch, Power BI, Spark",201-1000,107000.0,51,2026-07-13
JOB00674,Junior Data Scientist,Entry,0.0,Skyline Data Co,Automotive,Remote,Yes,Full-time,"SQL, Statistics, Data Visualization, Tableau, Python",1001-5000,56000.0,68,2026-02-17
JOB00675,ML Engineer I,Entry,0.0,Bright Path AI,Finance,"Berlin, Germany",No,Full-time,"Tableau, Python, Data Visualization, Statistics, MLOps",1001-5000,67500.0,54,2025-07-27
JOB00676,AI Engineer,Mid,3.0,Skyline Data Co,Automotive,Singapore,Yes,Part-time,"SQL, NLP, Power BI, Machine Learning",51-200,130000.0,42,2026-06-22
JOB00677,Computer Vision Engineer,Mid,3.0,Silverline AI,Technology,"Dublin, Ireland",No,Full-time,"Deep Learning, TensorFlow, Python, SQL",1001-5000,108000.0,64,2025-11-08
JOB00678,Data Engineer I,Entry,0.0,Horizon Cloud,Finance,"Austin, USA",Yes,Full-time,"Python, Tableau, Data Visualization, Statistics",51-200,59000.0,17,2026-03-15
JOB00679,Machine Learning Engineer,Mid,3.0,Fusion Analytics,Consulting,"San Francisco, USA",No,Full-time,"AWS, Machine Learning, SQL",1-50,173500.0,71,2026-03-07
JOB00680,Principal Data Scientist,Senior,6.0,Atlas Intelligence,Healthcare,"Sydney, Australia",No,Full-time,"Deep Learning, GCP, Machine Learning, LLMs",51-200,166000.0,23,2025-10-05
JOB00681,Senior ML Engineer,Senior,6.0,Skyline Data Co,Technology,"Austin, USA",Yes,Full-time,"Azure, AWS, MLOps, NLP, Computer Vision",1001-5000,167000.0,83,2025-11-21
JOB00682,Senior Data Scientist,Senior,6.0,Meridian Software,Finance,"Berlin, Germany",Yes,Full-time,"Generative AI, Computer Vision, Machine Learning",1-50,137000.0,20,2026-05-26
JOB00683,Junior Data Scientist,Entry,0.0,Meridian Software,Automotive,"Austin, USA",No,Full-time,"Tableau, Python, SQL, Excel, MLOps",51-200,60000.0,61,2025-10-22
JOB00685,Data Engineer I,Entry,0.0,Novacore AI,Automotive,"San Francisco, USA",No,Full-time,"Excel, Statistics, Python, Computer Vision",51-200,109500.0,45,2026-06-06
JOB00686,Head of AI,Manager,10.0,Vertex Analytics,Telecommunications,"Austin, USA",No,Full-time,"LLMs, Generative AI, AWS, Statistics, MLOps, R",1-50,276000.0,12,2026-01-06
JOB00687,Analytics Engineer,Mid,3.0,Zenith Data Group,Automotive,"Toronto, Canada",Yes,Full-time,"SQL, Spark, TensorFlow, Python, AWS",5000+,103000.0,48,2026-06-15
JOB00688,AI Research Assistant,Entry,0.0,Skyline Data Co,Gaming,"Bengaluru, India",No,Full-time,"Tableau, Data Visualization, Statistics, MLOps",51-200,30500.0,120,2026-05-24
JOB00689,Senior Data Scientist,Senior,6.0,Silverline AI,Gaming,"San Francisco, USA",Yes,Full-time,"Machine Learning, Generative AI, AWS, Azure, Kubernetes",51-200,193000.0,28,2026-01-04
JOB00690,Data Engineer I,Entry,0.0,Vertex Analytics,Healthcare,"Toronto, Canada",Yes,Full-time,"Excel, Tableau, Python, LLMs",201-1000,81000.0,16,2026-02-13
JOB00691,Junior Data Scientist,Entry,0.0,Bluewave Tech,Education,"Bengaluru, India",Yes,Contract,"SQL, Data Visualization, Python, Statistics, Excel, Azure",5000+,37500.0,8,2025-08-21
JOB00692,Senior ML Engineer,Senior,6.0,Quantum Insight,Consulting,"Toronto, Canada",Yes,Full-time,"AWS, LLMs, MLOps, Computer Vision",201-1000,177500.0,58,2025-07-16
JOB00693,Director of Data Science,Manager,10.0,Clearline Systems,Technology,"London, UK",No,Full-time,"LLMs, Statistics, GCP, MLOps, Generative AI",1001-5000,267500.0,30,2025-09-01
JOB00694,Data Analyst,Entry,0.0,Orbital Systems,Education,"New York, USA",Yes,Full-time,"Tableau, SQL, Data Visualization, Python, Statistics",201-1000,89500.0,36,2025-07-30
JOB00695,AI Research Assistant,Entry,0.0,Northstar Labs,Telecommunications,Remote,Yes,Full-time,"SQL, Python, Statistics, Data Visualization, Kubernetes",51-200,67500.0,79,2026-02-15
JOB00697,BI Analyst,Entry,0.0,Horizon Cloud,Finance,"San Francisco, USA",No,Full-time,"Statistics, SQL, Excel, Deep Learning",51-200,110000.0,8,2025-12-13
JOB00698,Data Scientist,Mid,3.0,Clearline Systems,Automotive,"Berlin, Germany",Yes,Full-time,"Deep Learning, Machine Learning, AWS, PyTorch, Power BI",1001-5000,80500.0,24,2026-02-14
JOB00699,Senior ML Engineer,Senior,6.0,Ironpeak Tech,Telecommunications,"Berlin, Germany",Yes,Full-time,"Deep Learning, MLOps, Azure, LLMs, Machine Learning",51-200,157000.0,44,2025-07-01
JOB00700,Data Engineer,Mid,3.0,Zenith Data Group,Healthcare,Remote,Yes,Full-time,"AWS, Machine Learning, Python, SQL, Deep Learning, Computer Vision",201-1000,126500.0,34,2026-06-07
JOB00701,Data Analyst,Entry,0.0,Bright Path AI,Automotive,"Sydney, Australia",Yes,Full-time,"Python, Excel, Statistics",51-200,71000.0,52,2025-11-22
JOB00702,NLP Engineer,Mid,3.0,Vertex Analytics,Technology,"Bengaluru, India",Yes,Full-time,"Machine Learning, Deep Learning, TensorFlow, PyTorch, Python, AWS",51-200,44500.0,72,2025-07-08
JOB00703,Data Engineer,Mid,3.0,Vertex Analytics,Finance,"Sydney, Australia",Yes,Contract,"TensorFlow, Python, AWS, Airflow",1-50,102000.0,33,2025-10-02
JOB00706,AI Engineer,Mid,3.0,Orbital Systems,E-commerce,"Bengaluru, India",No,Full-time,"Machine Learning, Power BI, PyTorch",1001-5000,46000.0,56,2026-07-08
JOB00707,Data Engineer I,Entry,0.0,Bluewave Tech,Finance,"Berlin, Germany",No,Full-time,"Excel, Data Visualization, SQL",201-1000,72500.0,69,2025-11-19
JOB00708,AI Research Scientist,Senior,6.0,Nexora AI,Gaming,Singapore,No,Full-time,"Deep Learning, MLOps, Kubernetes, Data Visualization",51-200,193000.0,43,2025-12-01
JOB00709,AI Engineer,Mid,3.0,Bluewave Tech,E-commerce,Remote,Yes,Full-time,"SQL, Machine Learning, TensorFlow, NLP",1-50,98000.0,69,2025-07-11
JOB00710,Principal Data Scientist,Senior,6.0,Meridian Software,Gaming,"Dublin, Ireland",No,Full-time,"Machine Learning, Kubernetes, Azure, MLOps, AWS",1-50,144500.0,59,2026-05-25
JOB00711,Principal Data Scientist,Senior,6.0,Horizon Cloud,Gaming,"San Francisco, USA",No,Full-time,"AWS, GCP, Kubernetes, A/B Testing",201-1000,218000.0,41,2025-12-21
JOB00714,Analytics Engineer,Mid,3.0,Clearline Systems,Telecommunications,Remote,Yes,Full-time,"Power BI, NLP, PyTorch, Machine Learning, Python",5000+,101000.0,27,2025-07-08
JOB00715,Data Engineer,Mid,3.0,Corelytics,Gaming,"Sydney, Australia",Yes,Full-time,"Spark, Machine Learning, Deep Learning, Power BI",1-50,120000.0,74,2026-06-15
JOB00716,Data Scientist,Mid,3.0,Bright Path AI,Technology,Singapore,No,Full-time,"PyTorch, AWS, SQL, Deep Learning, Excel",1001-5000,134000.0,74,2025-10-12
JOB00717,AI Research Scientist,Senior,6.0,Corelytics,Technology,"New York, USA",No,Full-time,"GCP, MLOps, Machine Learning, Azure",5000+,235500.0,41,2026-02-17
JOB00718,Senior Data Scientist,Senior,6.0,Corelytics,Automotive,"New York, USA",Yes,Full-time,"AWS, Azure, Machine Learning, NLP, Airflow",51-200,181500.0,67,2026-06-22
JOB00719,Computer Vision Engineer,Mid,3.0,Pulse Robotics,Telecommunications,"San Francisco, USA",No,Full-time,"Deep Learning, PyTorch, Python, NLP",51-200,165500.0,29,2025-11-08
JOB00720,Senior Data Scientist,Senior,6.0,Corelytics,Gaming,"New York, USA",No,Full-time,"Deep Learning, GCP, Kubernetes, LLMs",51-200,212500.0,99,2025-07-17
JOB00721,AI Research Scientist,Senior,6.0,Silverline AI,Technology,"Berlin, Germany",No,Full-time,"Deep Learning, Kubernetes, Computer Vision, GCP, Azure, Machine Learning",201-1000,172000.0,64,2025-10-13
JOB00722,Head of Analytics,Manager,10.0,Zenith Data Group,Manufacturing,"Berlin, Germany",Yes,Full-time,"A/B Testing, Statistics, GCP, AWS, Generative AI",5000+,206000.0,98,2025-09-12
JOB00723,AI Research Scientist,Senior,6.0,Corelytics,Technology,"Dublin, Ireland",No,Full-time,"NLP, Deep Learning, Computer Vision, MLOps",5000+,137000.0,20,2025-10-10
JOB00724,Computer Vision Engineer,Mid,3.0,Atlas Intelligence,Telecommunications,"Austin, USA",Yes,Full-time,"NLP, Spark, TensorFlow, Deep Learning, SQL",51-200,125000.0,46,2026-06-24
JOB00725,Junior Data Scientist,Entry,0.0,Vertex Analytics,Healthcare,Remote,Yes,Full-time,"Data Visualization, Python, Excel",51-200,70000.0,83,2026-07-10
JOB00726,Analytics Engineer,Mid,3.0,Silverline AI,Technology,"San Francisco, USA",No,Full-time,"PyTorch, Machine Learning, Spark, AWS, NLP",1001-5000,162500.0,33,2026-06-06
JOB00727,BI Analyst,Entry,0.0,Orbital Systems,Consulting,Singapore,Yes,Full-time,"Tableau, Data Visualization, Excel, SQL, Airflow",201-1000,66500.0,13,2025-09-18
JOB00728,Senior ML Engineer,Senior,6.0,Clearline Systems,Technology,"London, UK",No,Full-time,"Machine Learning, MLOps, GCP, Deep Learning, LLMs",5000+,181000.0,121,2026-03-10
JOB00729,Computer Vision Engineer,Mid,3.0,Fusion Analytics,Education,Remote,Yes,Full-time,"Power BI, AWS, Spark, SQL",201-1000,118500.0,32,2025-11-24
JOB00730,Data Engineer I,Entry,0.0,Bright Path AI,Education,Remote,Yes,Full-time,"SQL, Data Visualization, Python, Tableau, Excel, Kubernetes",201-1000,82500.0,57,2025-08-02
JOB00731,NLP Engineer,Mid,3.0,Corelytics,Automotive,"London, UK",No,Full-time,"Power BI, Machine Learning, PyTorch, Deep Learning, TensorFlow",1001-5000,112500.0,44,2025-11-13
JOB00732,Data Engineer,Mid,3.0,Atlas Intelligence,Automotive,"Austin, USA",No,Full-time,"PyTorch, Deep Learning, Spark, Machine Learning",5000+,142500.0,20,2025-08-31
JOB00733,Data Engineer I,Entry,0.0,Pulse Robotics,Healthcare,"Bengaluru, India",No,Full-time,"Data Visualization, Tableau, Python, Statistics",5000+,36500.0,20,2026-06-14
JOB00734,BI Analyst,Entry,0.0,Northstar Labs,E-commerce,"San Francisco, USA",No,Full-time,"Excel, SQL, Data Visualization",5000+,77000.0,56,2026-01-12
JOB00735,Analytics Engineer,Mid,3.0,Vertex Analytics,Gaming,"Berlin, Germany",No,Full-time,"Power BI, PyTorch, AWS",201-1000,83500.0,96,2026-05-07
JOB00736,Senior Data Scientist,Senior,6.0,Ironpeak Tech,Telecommunications,"London, UK",No,Full-time,"Azure, Deep Learning, MLOps, Kubernetes, Spark",1-50,204500.0,71,2025-08-21
JOB00737,Computer Vision Engineer,Mid,3.0,Fusion Analytics,Consulting,"Sydney, Australia",No,Full-time,"TensorFlow, AWS, PyTorch, Spark, NLP",51-200,123500.0,61,2026-01-17
JOB00738,Data Scientist,Mid,3.0,Zenith Data Group,E-commerce,Remote,Yes,Full-time,"SQL, Machine Learning, AWS, Spark, NLP",51-200,117000.0,111,2025-09-10
JOB00739,Principal Data Scientist,Senior,6.0,Bluewave Tech,Healthcare,Remote,Yes,Full-time,"GCP, AWS, NLP, Machine Learning, Kubernetes",201-1000,179000.0,10,2025-11-28
JOB00740,ML Engineer I,Entry,0.0,Skyline Data Co,Telecommunications,"New York, USA",Yes,Full-time,"Tableau, SQL, Data Visualization",201-1000,97000.0,135,2026-02-02
JOB00741,AI Engineer,Mid,3.0,Vertex Analytics,Telecommunications,Singapore,No,Full-time,"Machine Learning, TensorFlow, SQL",201-1000,113000.0,26,2026-04-11
JOB00743,Data Scientist,Mid,3.0,Ironpeak Tech,Automotive,"Toronto, Canada",No,Full-time,"NLP, Machine Learning, Spark, SQL",51-200,118000.0,57,2026-02-27
JOB00744,Computer Vision Engineer,Mid,3.0,Pulse Robotics,Consulting,"Austin, USA",Yes,Full-time,"Power BI, Machine Learning, AWS",201-1000,118500.0,17,2025-08-06
JOB00745,Machine Learning Engineer,Mid,3.0,Northstar Labs,Finance,"Sydney, Australia",Yes,Contract,"NLP, Machine Learning, AWS, Power BI, GCP",201-1000,102000.0,19,2026-03-04
JOB00746,Data Engineer I,Entry,0.0,Horizon Cloud,E-commerce,"Sydney, Australia",No,Full-time,"SQL, Statistics, Tableau, MLOps",1001-5000,59000.0,25,2026-07-15
JOB00747,ML Engineer I,Entry,0.0,Pulse Robotics,Gaming,Singapore,No,Contract,"Tableau, Python, SQL, Data Visualization, Deep Learning",5000+,59500.0,17,2026-01-10
JOB00748,Data Scientist,Mid,3.0,Bluewave Tech,Gaming,"Berlin, Germany",No,Full-time,"SQL, Machine Learning, TensorFlow",201-1000,103500.0,39,2026-04-28
JOB00749,ML Engineer I,Entry,0.0,Pulse Robotics,Manufacturing,"San Francisco, USA",No,Contract,"Data Visualization, Statistics, Python, Tableau, SQL, Power BI",51-200,105000.0,38,2026-06-15
JOB00750,VP of Machine Learning,Manager,10.0,Atlas Intelligence,Healthcare,Singapore,No,Full-time,"MLOps, AWS, Generative AI, GCP, LLMs, Kubernetes",1001-5000,226000.0,59,2026-04-24
JOB00751,Data Engineer I,Entry,0.0,Atlas Intelligence,Automotive,"Berlin, Germany",Yes,Full-time,"Data Visualization, Tableau, Python, Excel, SQL",201-1000,69000.0,7,2026-06-17
JOB00752,Senior ML Engineer,Senior,6.0,Vertex Analytics,Automotive,"Dublin, Ireland",No,Full-time,"Azure, NLP, LLMs, MLOps, Kubernetes",51-200,160500.0,63,2026-07-12
JOB00753,Junior Data Scientist,Entry,0.0,Skyline Data Co,Healthcare,"Bengaluru, India",No,Full-time,"SQL, Statistics, Excel",5000+,37500.0,30,2026-07-04
JOB00754,Head of AI,Manager,10.0,Corelytics,Healthcare,"Austin, USA",Yes,Full-time,"Generative AI, GCP, A/B Testing, AWS, Statistics, Tableau",51-200,290000.0,64,2026-02-16
JOB00755,Data Science Manager,Manager,10.0,DataForge,Manufacturing,"Toronto, Canada",Yes,Full-time,"LLMs, GCP, MLOps, A/B Testing, Deep Learning",51-200,210000.0,43,2025-08-19
JOB00756,AI Research Assistant,Entry,0.0,Corelytics,Healthcare,Singapore,No,Full-time,"Excel, Tableau, SQL, Statistics",5000+,67000.0,144,2025-09-12
JOB00757,Senior Data Scientist,Senior,6.0,Northstar Labs,Automotive,"Dublin, Ireland",No,Full-time,"Kubernetes, Generative AI, AWS",51-200,145500.0,62,2025-07-10
JOB00758,Data Engineer,Mid,3.0,Bluewave Tech,Automotive,"Dublin, Ireland",No,Full-time,"Python, TensorFlow, NLP, Deep Learning, Spark",201-1000,102500.0,45,2025-07-11
JOB00759,AI Research Assistant,Entry,0.0,Bluewave Tech,Finance,"Sydney, Australia",Yes,Full-time,"Data Visualization, Excel, Tableau",5000+,79000.0,28,2026-03-27
JOB00760,NLP Engineer,Mid,3.0,Northstar Labs,Education,"Toronto, Canada",No,Full-time,"Python, NLP, Spark, Power BI",1001-5000,120500.0,84,2026-03-17
JOB00761,Computer Vision Engineer,Mid,3.0,Northstar Labs,Education,"Dublin, Ireland",Yes,Full-time,"Python, Deep Learning, TensorFlow, Spark",51-200,112500.0,22,2025-09-02
JOB00762,Lead Data Engineer,Senior,6.0,Corelytics,Gaming,"New York, USA",No,Full-time,"NLP, Generative AI, Machine Learning, MLOps",201-1000,164000.0,27,2025-12-30
JOB00764,Data Engineer,Mid,3.0,Atlas Intelligence,Consulting,"San Francisco, USA",No,Full-time,"PyTorch, SQL, TensorFlow, AWS",201-1000,181000.0,10,2025-09-12
JOB00766,Data Engineer,Mid,3.0,Quantum Insight,Healthcare,"Austin, USA",No,Full-time,"Power BI, AWS, NLP, Deep Learning, Machine Learning",51-200,111500.0,23,2025-09-19
JOB00767,Staff AI Engineer,Senior,6.0,DataForge,Gaming,"New York, USA",No,Full-time,"MLOps, GCP, LLMs, R",51-200,231000.0,80,2026-06-05
JOB00769,Lead Data Engineer,Senior,6.0,Quantum Insight,Gaming,"Bengaluru, India",Yes,Full-time,"Computer Vision, MLOps, GCP, PyTorch",51-200,67000.0,75,2025-12-14
JOB00770,AI Research Scientist,Senior,6.0,Quantum Insight,Consulting,"Dublin, Ireland",No,Full-time,"Deep Learning, MLOps, Computer Vision, LLMs",51-200,193000.0,48,2025-10-15
JOB00771,AI Research Scientist,Senior,6.0,Meridian Software,Consulting,"Bengaluru, India",No,Full-time,"MLOps, Generative AI, GCP, Machine Learning",201-1000,77500.0,14,2025-08-30
JOB00772,NLP Engineer,Mid,3.0,Fusion Analytics,Consulting,"London, UK",Yes,Full-time,"SQL, NLP, AWS, GCP",5000+,136500.0,45,2025-12-22
JOB00773,Data Analyst,Entry,0.0,Ironpeak Tech,Finance,"Sydney, Australia",Yes,Full-time,"Excel, SQL, Data Visualization",1-50,84000.0,31,2026-05-03
JOB00774,Data Analyst,Entry,0.0,Bluewave Tech,Technology,Singapore,No,Full-time,"Data Visualization, Python, Statistics",5000+,62000.0,119,2026-05-04
JOB00775,Head of Analytics,Manager,10.0,Ironpeak Tech,E-commerce,"Bengaluru, India",No,Full-time,"Generative AI, MLOps, AWS",51-200,114500.0,22,2025-09-02
JOB00776,Senior ML Engineer,Senior,6.0,Meridian Software,Education,"New York, USA",No,Full-time,"GCP, Generative AI, LLMs, Machine Learning, MLOps, Python",51-200,171500.0,77,2025-08-07
JOB00777,Principal Data Scientist,Senior,6.0,Skyline Data Co,Technology,Singapore,Yes,Full-time,"Azure, GCP, Deep Learning, Generative AI",51-200,161000.0,12,2025-07-23
JOB00778,Computer Vision Engineer,Mid,3.0,Zenith Data Group,E-commerce,"Sydney, Australia",No,Full-time,"Spark, AWS, Deep Learning, PyTorch, LLMs",1-50,131500.0,94,2026-04-06
JOB00779,Computer Vision Engineer,Mid,3.0,Novacore AI,Healthcare,"Berlin, Germany",No,Full-time,"Spark, Machine Learning, Python",51-200,103500.0,3,2026-02-08
JOB00780,AI Research Scientist,Senior,6.0,Bright Path AI,Technology,"San Francisco, USA",No,Full-time,"MLOps, Machine Learning, AWS",201-1000,206500.0,32,2026-05-22
JOB00781,Analytics Engineer,Mid,3.0,Atlas Intelligence,Manufacturing,Remote,Yes,Full-time,"Power BI, NLP, SQL, AWS, PyTorch, LLMs",5000+,93000.0,40,2026-01-02
JOB00782,AI Research Assistant,Entry,0.0,Northstar Labs,Manufacturing,"Sydney, Australia",Yes,Full-time,"Data Visualization, Excel, Statistics, MLOps",1-50,62500.0,45,2025-10-19
JOB00783,NLP Engineer,Mid,3.0,Atlas Intelligence,Manufacturing,"Dublin, Ireland",No,Full-time,"Deep Learning, NLP, Power BI, SQL, Python",201-1000,91000.0,18,2026-02-27
JOB00784,Data Engineer,Mid,3.0,Northstar Labs,Gaming,"Toronto, Canada",No,Full-time,"SQL, TensorFlow, AWS, PyTorch",201-1000,119000.0,57,2025-08-21
JOB00786,Computer Vision Engineer,Mid,3.0,Corelytics,Consulting,"London, UK",No,Full-time,"Machine Learning, Deep Learning, PyTorch, NLP",51-200,102000.0,61,2026-06-19
JOB00787,Senior ML Engineer,Senior,6.0,DataForge,Automotive,"Austin, USA",No,Full-time,"Deep Learning, Generative AI, Computer Vision, Machine Learning, Azure",1-50,212000.0,12,2025-09-08
JOB00788,Principal Data Scientist,Senior,6.0,Pulse Robotics,Finance,Singapore,No,Contract,"NLP, Kubernetes, Computer Vision, R",201-1000,159500.0,38,2026-02-16
JOB00789,AI Engineer,Mid,3.0,Ironpeak Tech,Automotive,Remote,Yes,Contract,"PyTorch, TensorFlow, Machine Learning",5000+,101000.0,68,2025-08-05
JOB00791,Lead Data Engineer,Senior,6.0,Fusion Analytics,Technology,Remote,Yes,Contract,"LLMs, Kubernetes, Machine Learning, Deep Learning, GCP",1001-5000,193500.0,52,2026-04-02
JOB00792,Data Analyst,Entry,0.0,Meridian Software,Automotive,"Austin, USA",No,Contract,"SQL, Tableau, Data Visualization, Statistics, Python, TensorFlow",51-200,71000.0,21,2026-03-15
JOB00793,VP of Machine Learning,Manager,10.0,Quantum Insight,Education,"New York, USA",No,Full-time,"A/B Testing, AWS, Statistics, LLMs",5000+,297500.0,10,2026-02-24
JOB00794,Machine Learning Engineer,Mid,3.0,Fusion Analytics,Consulting,"Bengaluru, India",Yes,Full-time,"PyTorch, SQL, Spark, Deep Learning, NLP",201-1000,55000.0,63,2025-11-15
JOB00795,AI Engineer,Mid,3.0,Skyline Data Co,Manufacturing,"San Francisco, USA",No,Full-time,"Power BI, Deep Learning, Machine Learning, TensorFlow",1001-5000,176000.0,62,2026-06-26
JOB00797,Analytics Engineer,Mid,3.0,Skyline Data Co,Finance,Singapore,No,Full-time,"TensorFlow, Machine Learning, Deep Learning",51-200,136500.0,43,2026-04-11
JOB00798,Principal Data Scientist,Senior,6.0,Orbital Systems,E-commerce,"Austin, USA",Yes,Full-time,"Generative AI, Computer Vision, GCP, Data Visualization",1001-5000,177500.0,44,2026-05-30
JOB00799,AI Engineer,Mid,3.0,Vertex Analytics,Telecommunications,"Berlin, Germany",No,Full-time,"AWS, Machine Learning, Python, SQL, NLP",1-50,93500.0,98,2026-02-26
JOB00800,Data Engineer I,Entry,0.0,Corelytics,Manufacturing,"New York, USA",No,Full-time,"Statistics, SQL, Tableau, Kubernetes",1-50,101000.0,45,2025-09-18
JOB00801,Data Engineer,Mid,3.0,Corelytics,Technology,Singapore,No,Contract,"Machine Learning, SQL, Spark, NLP, Statistics",201-1000,113000.0,14,2025-09-06
JOB00802,AI Research Assistant,Entry,0.0,Corelytics,Technology,"Toronto, Canada",No,Full-time,"Tableau, SQL, Statistics, Python, Power BI",1001-5000,53000.0,38,2025-11-20
JOB00803,Computer Vision Engineer,Mid,3.0,Novacore AI,Healthcare,"Dublin, Ireland",Yes,Full-time,"Python, SQL, Spark",5000+,108000.0,25,2025-07-26
JOB00804,Head of Analytics,Manager,10.0,Skyline Data Co,Healthcare,"San Francisco, USA",No,Contract,"MLOps, A/B Testing, AWS, GCP, Statistics",1001-5000,394500.0,14,2025-08-07
JOB00805,NLP Engineer,Mid,3.0,Bluewave Tech,Education,"London, UK",No,Contract,"Python, Spark, TensorFlow, Power BI, GCP",51-200,110500.0,29,2025-12-24
JOB00806,Lead Data Engineer,Senior,6.0,Nexora AI,Manufacturing,Singapore,No,Part-time,"Generative AI, LLMs, Kubernetes, Deep Learning",201-1000,174000.0,65,2026-06-10
JOB00807,Analytics Engineer,Mid,3.0,Northstar Labs,Healthcare,"Austin, USA",No,Full-time,"TensorFlow, AWS, Power BI, Machine Learning",5000+,109500.0,81,2026-04-15
JOB00808,Data Scientist,Mid,3.0,Pulse Robotics,Consulting,Remote,Yes,Full-time,"Machine Learning, Deep Learning, PyTorch, TensorFlow",1-50,98000.0,17,2026-03-03
JOB00809,Senior Data Scientist,Senior,6.0,Atlas Intelligence,Gaming,"Berlin, Germany",No,Full-time,"LLMs, Deep Learning, Azure, Machine Learning",1-50,164000.0,141,2026-01-10
JOB00810,Computer Vision Engineer,Mid,3.0,Orbital Systems,Healthcare,Remote,Yes,Full-time,"Python, Power BI, SQL",201-1000,117000.0,45,2026-03-21
JOB00811,Senior ML Engineer,Senior,6.0,Quantum Insight,E-commerce,"Austin, USA",No,Full-time,"NLP, MLOps, LLMs, GCP",51-200,196000.0,72,2025-12-10
JOB00812,Data Engineer,Mid,3.0,Fusion Analytics,Technology,"Bengaluru, India",No,Part-time,"Python, Machine Learning, AWS",51-200,62500.0,44,2025-10-01
JOB00813,Data Science Manager,Manager,10.0,Quantum Insight,E-commerce,"Dublin, Ireland",No,Full-time,"Statistics, MLOps, AWS",1001-5000,277500.0,82,2025-07-27
JOB00814,AI Research Assistant,Entry,0.0,Bluewave Tech,Gaming,"Austin, USA",Yes,Full-time,"Excel, Statistics, Data Visualization",1001-5000,66000.0,13,2025-09-21
JOB00815,Computer Vision Engineer,Mid,3.0,Silverline AI,Automotive,"Sydney, Australia",Yes,Full-time,"PyTorch, Machine Learning, Power BI, NLP, SQL, TensorFlow",201-1000,126000.0,33,2025-07-21
JOB00816,VP of Machine Learning,Manager,10.0,Meridian Software,Finance,"Sydney, Australia",No,Part-time,"AWS, LLMs, GCP, Airflow",1-50,277500.0,19,2025-08-12
JOB00817,AI Research Assistant,Entry,0.0,Corelytics,Manufacturing,"San Francisco, USA",Yes,Part-time,"Python, SQL, Tableau, Data Visualization, LLMs",201-1000,95000.0,74,2025-08-28
JOB00818,Computer Vision Engineer,Mid,3.0,DataForge,Manufacturing,Remote,Yes,Contract,"NLP, SQL, AWS",5000+,89000.0,88,2025-11-30
JOB00819,Lead Data Engineer,Senior,6.0,Atlas Intelligence,Technology,"Dublin, Ireland",No,Full-time,"GCP, Machine Learning, Generative AI, Azure",51-200,152500.0,112,2025-09-26
JOB00820,Principal Data Scientist,Senior,6.0,Northstar Labs,Automotive,"Dublin, Ireland",No,Full-time,"NLP, Deep Learning, LLMs, Computer Vision, GCP, SQL",5000+,188500.0,13,2026-01-19
JOB00821,Senior Data Scientist,Senior,6.0,Quantum Insight,Gaming,"Bengaluru, India",No,Full-time,"Azure, NLP, AWS, Docker",51-200,87500.0,48,2026-06-06
JOB00822,AI Research Assistant,Entry,0.0,Ironpeak Tech,E-commerce,"Dublin, Ireland",No,Full-time,"Python, Tableau, Excel",1001-5000,57000.0,12,2025-07-31
JOB00823,Head of AI,Manager,10.0,Corelytics,Technology,"London, UK",Yes,Full-time,"A/B Testing, AWS, MLOps, GCP, LLMs, Data Visualization",1001-5000,253500.0,52,2025-12-09
JOB00824,Head of Analytics,Manager,10.0,Ironpeak Tech,Manufacturing,Remote,Yes,Full-time,"LLMs, Generative AI, Statistics, MLOps, GCP, Kubernetes",51-200,197000.0,69,2026-07-09
JOB00825,Data Engineer I,Entry,0.0,Bright Path AI,Gaming,"Berlin, Germany",Yes,Full-time,"Statistics, SQL, Excel, Python, Computer Vision",5000+,65000.0,40,2026-01-02
JOB00826,Data Scientist,Mid,3.0,Bluewave Tech,Consulting,"London, UK",No,Full-time,"AWS, Deep Learning, NLP",201-1000,110000.0,126,2026-04-14
JOB00828,NLP Engineer,Mid,3.0,Vertex Analytics,Technology,"Austin, USA",No,Full-time,"Power BI, PyTorch, Deep Learning",51-200,124000.0,14,2026-06-12
JOB00829,Senior ML Engineer,Senior,6.0,Novacore AI,Finance,Singapore,No,Full-time,"Deep Learning, NLP, Kubernetes",1-50,203000.0,26,2026-06-19
JOB00830,Data Engineer,Mid,3.0,Bluewave Tech,Gaming,"Sydney, Australia",No,Full-time,"Python, AWS, TensorFlow, Machine Learning, PyTorch",201-1000,139500.0,47,2026-01-15
JOB00832,BI Analyst,Entry,0.0,Silverline AI,Automotive,"Austin, USA",No,Full-time,"Python, SQL, Excel, Tableau, Statistics, TensorFlow",1001-5000,94500.0,27,2026-05-17
JOB00833,NLP Engineer,Mid,3.0,Vertex Analytics,Manufacturing,Singapore,No,Full-time,"Python, NLP, Power BI, SQL, GCP",201-1000,129000.0,71,2025-10-16
JOB00834,Lead Data Engineer,Senior,6.0,Novacore AI,E-commerce,"Sydney, Australia",No,Full-time,"Generative AI, MLOps, LLMs, Azure, AWS",201-1000,175000.0,57,2025-07-20
JOB00835,NLP Engineer,Mid,3.0,Skyline Data Co,Telecommunications,"Berlin, Germany",No,Full-time,"Machine Learning, Power BI, SQL, Deep Learning, Docker",51-200,89000.0,30,2026-05-18
JOB00836,Data Analyst,Entry,0.0,Skyline Data Co,Gaming,Remote,Yes,Contract,"Data Visualization, Excel, Python, Statistics",51-200,76500.0,40,2026-06-15
JOB00838,Machine Learning Engineer,Mid,3.0,Pulse Robotics,Automotive,"San Francisco, USA",Yes,Full-time,"Spark, Deep Learning, Power BI, Python, PyTorch",51-200,140000.0,37,2026-07-08
JOB00839,BI Analyst,Entry,0.0,Skyline Data Co,Telecommunications,"Toronto, Canada",No,Full-time,"Statistics, Python, Excel, Tableau",1-50,70000.0,47,2025-09-14
JOB00840,Machine Learning Engineer,Mid,3.0,Bluewave Tech,Consulting,"Toronto, Canada",Yes,Full-time,"NLP, Python, Power BI, SQL, PyTorch",201-1000,82000.0,31,2026-05-05
JOB00841,BI Analyst,Entry,0.0,Skyline Data Co,Consulting,"Sydney, Australia",Yes,Contract,"Excel, Python, SQL, Data Visualization, Statistics",1001-5000,75000.0,45,2025-07-18
JOB00842,Data Scientist,Mid,3.0,Novacore AI,Technology,"London, UK",No,Full-time,"Power BI, NLP, PyTorch, Machine Learning",5000+,120500.0,53,2026-06-14
JOB00843,BI Analyst,Entry,0.0,Clearline Systems,E-commerce,"Austin, USA",No,Full-time,"SQL, Tableau, Data Visualization, Python, Excel",1001-5000,64000.0,25,2025-10-28
JOB00844,Data Analyst,Entry,0.0,Bluewave Tech,Consulting,"Toronto, Canada",Yes,Full-time,"Python, Statistics, Data Visualization, Tableau, SQL",1001-5000,68500.0,72,2026-07-06
JOB00845,Machine Learning Engineer,Mid,3.0,Zenith Data Group,E-commerce,"Berlin, Germany",No,Full-time,"Python, Power BI, Spark",201-1000,96000.0,41,2025-12-01
JOB00846,Staff AI Engineer,Senior,6.0,Bluewave Tech,Automotive,"Berlin, Germany",Yes,Full-time,"Generative AI, MLOps, NLP, LLMs",1001-5000,146000.0,122,2025-09-20
JOB00847,Analytics Engineer,Mid,3.0,Corelytics,Technology,"London, UK",No,Full-time,"Deep Learning, TensorFlow, AWS, Python, Power BI",201-1000,114000.0,119,2026-04-18
JOB00848,Head of Analytics,Manager,10.0,Vertex Analytics,Finance,"San Francisco, USA",No,Full-time,"AWS, A/B Testing, Generative AI, MLOps, Power BI",5000+,321500.0,81,2025-12-22
JOB00849,Data Science Manager,Manager,10.0,Bright Path AI,Consulting,"Dublin, Ireland",No,Full-time,"AWS, Statistics, LLMs, A/B Testing, Tableau",1-50,218500.0,55,2026-03-22
JOB00850,Data Engineer,Mid,3.0,Northstar Labs,Healthcare,"San Francisco, USA",Yes,Part-time,"AWS, NLP, Python, PyTorch",1-50,176000.0,31,2026-06-26
JOB00851,AI Research Scientist,Senior,6.0,Meridian Software,Gaming,Remote,Yes,Full-time,"GCP, Deep Learning, Generative AI, Kubernetes",5000+,188000.0,65,2026-05-16
JOB00852,Director of Data Science,Manager,10.0,Quantum Insight,Manufacturing,Singapore,No,Full-time,"GCP, AWS, MLOps, LLMs",5000+,281500.0,48,2026-01-17
JOB00854,Data Science Manager,Manager,10.0,Orbital Systems,Gaming,"Bengaluru, India",No,Full-time,"AWS, MLOps, A/B Testing, LLMs, Python",5000+,114500.0,121,2025-10-12
JOB00855,Principal Data Scientist,Senior,6.0,Ironpeak Tech,Healthcare,Remote,Yes,Contract,"MLOps, LLMs, Azure",1001-5000,157000.0,49,2025-08-26
JOB00856,AI Research Scientist,Senior,6.0,Zenith Data Group,E-commerce,"Berlin, Germany",Yes,Full-time,"GCP, AWS, MLOps, Azure, LLMs",1001-5000,171500.0,100,2026-06-06
JOB00857,Junior Data Scientist,Entry,0.0,Atlas Intelligence,Manufacturing,Singapore,No,Full-time,"Data Visualization, SQL, Excel",51-200,55500.0,30,2026-04-13
JOB00859,Data Engineer,Mid,3.0,Skyline Data Co,Healthcare,"Bengaluru, India",Yes,Full-time,"Machine Learning, SQL, Deep Learning, Airflow",5000+,51500.0,20,2026-03-24
JOB00860,Data Scientist,Mid,3.0,Novacore AI,E-commerce,"Bengaluru, India",No,Full-time,"NLP, SQL, Deep Learning",5000+,46000.0,17,2026-01-11
JOB00861,BI Analyst,Entry,0.0,Meridian Software,Finance,"Austin, USA",No,Full-time,"Statistics, Tableau, Python, SQL, Data Visualization",201-1000,83500.0,27,2026-02-11
JOB00862,Staff AI Engineer,Senior,6.0,Nexora AI,Consulting,Singapore,Yes,Full-time,"GCP, Azure, NLP",51-200,198000.0,38,2025-12-28
JOB00863,Senior Data Scientist,Senior,6.0,DataForge,Education,"Sydney, Australia",No,Part-time,"NLP, Kubernetes, Machine Learning, AWS, Deep Learning, Data Visualization",201-1000,191000.0,80,2026-04-21
JOB00864,AI Research Scientist,Senior,6.0,Novacore AI,Automotive,"San Francisco, USA",Yes,Part-time,"LLMs, GCP, Deep Learning, Azure, AWS",201-1000,192000.0,12,2025-09-17
JOB00865,Principal Data Scientist,Senior,6.0,Novacore AI,Telecommunications,"Toronto, Canada",No,Full-time,"NLP, Machine Learning, Azure, MLOps",201-1000,187500.0,36,2026-04-14
JOB00866,Machine Learning Engineer,Mid,3.0,Orbital Systems,Consulting,"San Francisco, USA",Yes,Full-time,"Power BI, Deep Learning, AWS, Machine Learning",201-1000,158000.0,86,2025-08-31
JOB00867,AI Engineer,Mid,3.0,Atlas Intelligence,Healthcare,"Berlin, Germany",No,Contract,"Python, TensorFlow, Deep Learning, SQL, AWS",5000+,86000.0,11,2026-01-23
JOB00868,Principal Data Scientist,Senior,6.0,Quantum Insight,Finance,Remote,Yes,Full-time,"Azure, MLOps, LLMs, Kubernetes, Computer Vision",1001-5000,157000.0,24,2026-02-07
JOB00869,Director of Data Science,Manager,10.0,Horizon Cloud,Gaming,Remote,Yes,Full-time,"GCP, Generative AI, AWS, LLMs, Azure",1-50,280000.0,57,2026-04-08
JOB00870,Data Engineer I,Entry,0.0,Orbital Systems,Finance,"New York, USA",Yes,Full-time,"Data Visualization, SQL, Python, Statistics, Tableau, MLOps",5000+,98500.0,63,2025-07-30
JOB00871,Senior ML Engineer,Senior,6.0,Atlas Intelligence,Healthcare,"Dublin, Ireland",No,Part-time,"Computer Vision, LLMs, NLP, GCP, Machine Learning",51-200,155000.0,24,2026-02-07
JOB00872,Computer Vision Engineer,Mid,3.0,Bluewave Tech,E-commerce,"Toronto, Canada",No,Full-time,"TensorFlow, Deep Learning, Power BI",1-50,82500.0,53,2025-11-30
JOB00873,Data Scientist,Mid,3.0,Meridian Software,Healthcare,"Austin, USA",Yes,Full-time,"Deep Learning, AWS, TensorFlow, Spark, MLOps",1001-5000,122000.0,92,2025-12-25
JOB00874,AI Research Scientist,Senior,6.0,Ironpeak Tech,Automotive,"Sydney, Australia",No,Full-time,"GCP, Kubernetes, Deep Learning, NLP, Power BI",5000+,161000.0,13,2026-01-25
JOB00875,Machine Learning Engineer,Mid,3.0,DataForge,Gaming,"Austin, USA",Yes,Full-time,"PyTorch, NLP, Machine Learning, SQL, Power BI, Excel",51-200,110000.0,40,2026-05-05
JOB00876,Senior ML Engineer,Senior,6.0,Silverline AI,Healthcare,Remote,Yes,Full-time,"Generative AI, MLOps, GCP, Computer Vision, Python",1001-5000,189000.0,72,2026-07-07
JOB00877,BI Analyst,Entry,0.0,Nexora AI,Gaming,Singapore,No,Contract,"Statistics, SQL, Tableau, Data Visualization, Spark",5000+,60000.0,79,2025-07-28
JOB00878,Analytics Engineer,Mid,3.0,Vertex Analytics,Telecommunications,"London, UK",Yes,Full-time,"Deep Learning, Power BI, PyTorch, Computer Vision",1001-5000,110500.0,31,2026-01-12
JOB00879,NLP Engineer,Mid,3.0,Atlas Intelligence,Consulting,"Austin, USA",Yes,Full-time,"Power BI, Deep Learning, Machine Learning, Python",1001-5000,144500.0,12,2025-11-20
JOB00880,AI Research Assistant,Entry,0.0,Skyline Data Co,Healthcare,"London, UK",No,Full-time,"SQL, Excel, Data Visualization, Tableau",5000+,79500.0,46,2025-07-31
JOB00881,AI Engineer,Mid,3.0,Horizon Cloud,Consulting,"London, UK",No,Full-time,"PyTorch, Power BI, Spark, Deep Learning, Python",1-50,114500.0,16,2026-01-07
JOB00882,Machine Learning Engineer,Mid,3.0,Zenith Data Group,Technology,"San Francisco, USA",Yes,Full-time,"Machine Learning, SQL, TensorFlow, Power BI, AWS",51-200,119500.0,40,2025-09-17
JOB00883,Junior Data Scientist,Entry,0.0,Silverline AI,Telecommunications,"New York, USA",No,Full-time,"Python, Tableau, Data Visualization, Excel",51-200,100000.0,51,2026-02-03
JOB00884,Data Engineer I,Entry,0.0,Skyline Data Co,Telecommunications,"New York, USA",No,Full-time,"Tableau, Excel, Statistics, SQL, Python, Deep Learning",1-50,71000.0,72,2025-09-13
JOB00885,Data Scientist,Mid,3.0,Ironpeak Tech,Education,"New York, USA",No,Full-time,"AWS, TensorFlow, SQL",51-200,147500.0,167,2026-04-26
JOB00886,Computer Vision Engineer,Mid,3.0,Northstar Labs,Consulting,"London, UK",No,Full-time,"Python, Power BI, PyTorch, TensorFlow",201-1000,110500.0,59,2026-04-08
JOB00887,Head of Analytics,Manager,10.0,Orbital Systems,Healthcare,"Dublin, Ireland",No,Full-time,"MLOps, Statistics, A/B Testing, Generative AI, GCP",201-1000,235000.0,96,2025-12-27
JOB00888,Junior Data Scientist,Entry,0.0,Atlas Intelligence,Finance,"New York, USA",No,Full-time,"Excel, Python, Tableau, Statistics",201-1000,100500.0,63,2025-07-10
JOB00889,Staff AI Engineer,Senior,6.0,Atlas Intelligence,Manufacturing,"San Francisco, USA",No,Full-time,"AWS, Computer Vision, Kubernetes, Generative AI, MLOps, Docker",1-50,194500.0,25,2026-06-21
JOB00890,Lead Data Engineer,Senior,6.0,Corelytics,Technology,"New York, USA",Yes,Contract,"Kubernetes, LLMs, Machine Learning, Computer Vision",1-50,183500.0,40,2026-05-17
JOB00891,Data Engineer I,Entry,0.0,Clearline Systems,Finance,"Berlin, Germany",No,Full-time,"Data Visualization, Excel, SQL, Python, Statistics",1001-5000,76500.0,61,2026-05-02
JOB00892,Data Engineer I,Entry,0.0,Clearline Systems,Gaming,"Austin, USA",No,Full-time,"Python, Excel, Statistics",1-50,62000.0,60,2025-09-04
JOB00893,AI Engineer,Mid,3.0,Horizon Cloud,Automotive,"New York, USA",Yes,Full-time,"Machine Learning, Spark, Power BI, NLP, SQL",5000+,142000.0,6,2026-02-03
JOB00894,Data Scientist,Mid,3.0,Novacore AI,Manufacturing,"Toronto, Canada",No,Full-time,"AWS, SQL, Deep Learning, PyTorch",201-1000,86000.0,108,2025-10-06
JOB00895,Staff AI Engineer,Senior,6.0,Meridian Software,Telecommunications,"Toronto, Canada",No,Full-time,"Kubernetes, NLP, LLMs",1001-5000,184000.0,5,2026-01-19
JOB00896,Data Engineer,Mid,3.0,Atlas Intelligence,E-commerce,"Austin, USA",No,Full-time,"Power BI, Deep Learning, PyTorch, AWS, TensorFlow",201-1000,97500.0,54,2026-02-12
JOB00897,Principal Data Scientist,Senior,6.0,Bright Path AI,Telecommunications,Singapore,Yes,Full-time,"Deep Learning, Generative AI, Computer Vision, LLMs",51-200,175000.0,35,2025-12-25
JOB00898,Junior Data Scientist,Entry,0.0,Novacore AI,Automotive,"San Francisco, USA",No,Full-time,"Data Visualization, Statistics, Python",1001-5000,75000.0,20,2025-11-12
JOB00899,Senior ML Engineer,Senior,6.0,Northstar Labs,Education,"London, UK",Yes,Full-time,"Azure, Deep Learning, Generative AI, MLOps, Statistics",51-200,217500.0,63,2026-01-10
JOB00900,AI Engineer,Mid,3.0,Atlas Intelligence,Gaming,"Bengaluru, India",No,Full-time,"Power BI, TensorFlow, Spark",201-1000,53500.0,79,2026-01-16
JOB00901,Analytics Engineer,Mid,3.0,Meridian Software,Education,"Berlin, Germany",No,Full-time,"Deep Learning, NLP, PyTorch, AWS, SQL",5000+,85000.0,43,2026-02-25
JOB00902,AI Research Assistant,Entry,0.0,Zenith Data Group,Technology,"Bengaluru, India",Yes,Full-time,"Tableau, Statistics, Python, SQL",51-200,38000.0,17,2026-03-11
JOB00903,ML Engineer I,Entry,0.0,Northstar Labs,Gaming,"Bengaluru, India",No,Full-time,"Excel, Statistics, Data Visualization, Tableau, Python",201-1000,34500.0,85,2025-12-08
JOB00904,Data Engineer I,Entry,0.0,Atlas Intelligence,Finance,"Dublin, Ireland",Yes,Full-time,"Python, Data Visualization, Tableau",5000+,60500.0,48,2026-04-20
JOB00905,Junior Data Scientist,Entry,0.0,Meridian Software,Education,"Austin, USA",Yes,Full-time,"Statistics, Python, SQL, Tableau",1001-5000,78500.0,18,2026-03-27
JOB00906,AI Research Scientist,Senior,6.0,Atlas Intelligence,Technology,"Bengaluru, India",Yes,Full-time,"GCP, Azure, Kubernetes, AWS, MLOps",51-200,82500.0,23,2025-10-21
JOB00907,Data Scientist,Mid,3.0,Silverline AI,Education,"London, UK",No,Full-time,"NLP, Deep Learning, Power BI",51-200,144000.0,83,2025-08-26
JOB00908,Data Engineer I,Entry,0.0,Silverline AI,Manufacturing,"San Francisco, USA",No,Full-time,"Data Visualization, Statistics, SQL, Tableau",1001-5000,86000.0,14,2025-10-28
JOB00909,Data Scientist,Mid,3.0,Nexora AI,Gaming,Singapore,Yes,Full-time,"AWS, Deep Learning, PyTorch, TensorFlow, Python, MLOps",1-50,96500.0,43,2025-09-18
JOB00910,Senior Data Scientist,Senior,6.0,Vertex Analytics,Education,"Toronto, Canada",No,Full-time,"Computer Vision, NLP, Machine Learning",201-1000,132000.0,35,2026-04-15
JOB00911,Senior ML Engineer,Senior,6.0,Ironpeak Tech,Consulting,"New York, USA",No,Full-time,"Deep Learning, Generative AI, Computer Vision",51-200,193500.0,95,2025-07-04
JOB00912,Junior Data Scientist,Entry,0.0,Northstar Labs,Consulting,"Toronto, Canada",No,Full-time,"SQL, Excel, Statistics, Data Visualization",201-1000,69500.0,59,2025-07-31
JOB00913,Data Analyst,Entry,0.0,Skyline Data Co,Technology,Singapore,Yes,Full-time,"Python, Tableau, Excel, GCP",51-200,59000.0,24,2026-05-12
JOB00914,Machine Learning Engineer,Mid,3.0,Nexora AI,E-commerce,"Berlin, Germany",No,Full-time,"Deep Learning, Spark, PyTorch, AWS, Python",201-1000,85500.0,12,2025-11-16
JOB00915,Staff AI Engineer,Senior,6.0,Bright Path AI,Automotive,Singapore,Yes,Contract,"NLP, Kubernetes, AWS",5000+,143000.0,99,2026-02-20
JOB00916,Lead Data Engineer,Senior,6.0,Skyline Data Co,Healthcare,"London, UK",No,Full-time,"Computer Vision, GCP, Kubernetes, A/B Testing",1-50,178000.0,71,2025-11-21
JOB00917,Head of AI,Manager,10.0,Bright Path AI,Technology,"San Francisco, USA",Yes,Full-time,"AWS, GCP, Statistics, A/B Testing, LLMs, Docker",1001-5000,328500.0,31,2025-07-10
JOB00918,Data Engineer I,Entry,0.0,Silverline AI,Consulting,"Toronto, Canada",No,Full-time,"Excel, Python, Data Visualization, SQL",201-1000,52500.0,32,2025-08-17
JOB00919,Computer Vision Engineer,Mid,3.0,Clearline Systems,Manufacturing,"Austin, USA",Yes,Full-time,"Machine Learning, NLP, Power BI, Deep Learning, R",5000+,117500.0,13,2025-12-01
JOB00920,NLP Engineer,Mid,3.0,Vertex Analytics,Finance,Remote,Yes,Full-time,"NLP, AWS, Machine Learning",201-1000,97500.0,49,2025-08-17
JOB00921,Machine Learning Engineer,Mid,3.0,Novacore AI,Gaming,"Berlin, Germany",No,Full-time,"Python, TensorFlow, Power BI, Machine Learning, GCP",1001-5000,111500.0,17,2026-01-10
JOB00922,AI Research Assistant,Entry,0.0,Vertex Analytics,Healthcare,"London, UK",Yes,Contract,"SQL, Data Visualization, Tableau, Machine Learning",5000+,85000.0,91,2025-11-06
JOB00923,ML Engineer I,Entry,0.0,Novacore AI,Healthcare,Remote,Yes,Full-time,"SQL, Excel, Data Visualization, Statistics, Tableau",51-200,67000.0,31,2026-04-26
JOB00924,Senior Data Scientist,Senior,6.0,Horizon Cloud,Automotive,Remote,Yes,Contract,"Machine Learning, AWS, NLP, Azure",51-200,185000.0,61,2026-04-23
JOB00925,Analytics Engineer,Mid,3.0,Nexora AI,Education,"Dublin, Ireland",No,Full-time,"AWS, PyTorch, Machine Learning, Python, TensorFlow",5000+,117500.0,18,2026-05-15
JOB00926,BI Analyst,Entry,0.0,Nexora AI,Technology,"Berlin, Germany",No,Full-time,"Statistics, SQL, Python, Data Visualization",51-200,68500.0,4,2026-05-05
JOB00927,Lead Data Engineer,Senior,6.0,Zenith Data Group,Finance,"Toronto, Canada",No,Full-time,"AWS, LLMs, MLOps",1-50,163500.0,39,2026-02-06
JOB00928,Data Analyst,Entry,0.0,Vertex Analytics,Consulting,"San Francisco, USA",Yes,Full-time,"SQL, Excel, Tableau, Data Visualization, Statistics, Computer Vision",201-1000,110000.0,127,2025-11-10
JOB00930,Data Engineer,Mid,3.0,Skyline Data Co,Finance,"London, UK",Yes,Full-time,"Deep Learning, Machine Learning, PyTorch, TensorFlow",1001-5000,116500.0,60,2026-05-01
JOB00931,Computer Vision Engineer,Mid,3.0,Clearline Systems,Telecommunications,Remote,Yes,Contract,"TensorFlow, Spark, PyTorch, Python, Power BI",201-1000,106500.0,172,2025-12-02
JOB00933,Junior Data Scientist,Entry,0.0,Orbital Systems,Telecommunications,"Austin, USA",No,Full-time,"Statistics, Python, Data Visualization, Tableau",51-200,78000.0,21,2026-02-19
JOB00934,ML Engineer I,Entry,0.0,DataForge,Consulting,"Berlin, Germany",No,Full-time,"Python, Excel, SQL, Tableau, MLOps",51-200,66000.0,158,2026-05-11
JOB00936,Computer Vision Engineer,Mid,3.0,Clearline Systems,Finance,Singapore,Yes,Contract,"Python, Power BI, PyTorch, NLP",5000+,103000.0,15,2025-07-13
JOB00937,Staff AI Engineer,Senior,6.0,Clearline Systems,Telecommunications,"London, UK",Yes,Full-time,"LLMs, Azure, NLP",201-1000,171000.0,56,2025-09-29
JOB00938,Lead Data Engineer,Senior,6.0,Horizon Cloud,Gaming,"Sydney, Australia",No,Full-time,"LLMs, MLOps, GCP",1001-5000,186000.0,142,2026-01-06
JOB00939,Data Engineer I,Entry,0.0,Ironpeak Tech,E-commerce,Remote,Yes,Full-time,"SQL, Python, Statistics, Excel, Data Visualization, Machine Learning",51-200,74000.0,52,2025-08-07
JOB00940,ML Engineer I,Entry,0.0,Bright Path AI,Finance,"San Francisco, USA",Yes,Full-time,"Excel, Statistics, Data Visualization",5000+,116000.0,42,2026-03-22
JOB00941,Machine Learning Engineer,Mid,3.0,Zenith Data Group,E-commerce,"Toronto, Canada",Yes,Full-time,"Machine Learning, Power BI, SQL",51-200,108500.0,60,2025-08-05
JOB00942,Principal Data Scientist,Senior,6.0,Pulse Robotics,Education,"Dublin, Ireland",Yes,Full-time,"AWS, NLP, Generative AI",1001-5000,136500.0,69,2025-11-27
JOB00943,Junior Data Scientist,Entry,0.0,Nexora AI,Technology,"Berlin, Germany",No,Full-time,"Python, Statistics, SQL",51-200,71000.0,32,2025-12-25
JOB00944,Data Science Manager,Manager,10.0,Skyline Data Co,Telecommunications,"New York, USA",No,Full-time,"GCP, MLOps, Statistics, AWS, TensorFlow",5000+,248000.0,40,2025-08-27
JOB00945,Data Scientist,Mid,3.0,Bluewave Tech,E-commerce,"Berlin, Germany",No,Part-time,"TensorFlow, Python, Spark, MLOps",201-1000,88500.0,19,2025-12-03
JOB00946,BI Analyst,Entry,0.0,Vertex Analytics,Automotive,"Dublin, Ireland",No,Contract,"Statistics, Tableau, Excel, Data Visualization",1001-5000,72000.0,27,2025-11-07
JOB00947,Machine Learning Engineer,Mid,3.0,Bright Path AI,Education,"London, UK",No,Full-time,"Deep Learning, NLP, TensorFlow, PyTorch, Spark",1-50,95500.0,43,2025-12-19
JOB00948,Senior Data Scientist,Senior,6.0,DataForge,Telecommunications,"San Francisco, USA",No,Full-time,"Generative AI, AWS, Machine Learning, Computer Vision, Kubernetes",1-50,263000.0,156,2025-08-11
JOB00949,Staff AI Engineer,Senior,6.0,Atlas Intelligence,Manufacturing,Remote,Yes,Full-time,"Computer Vision, AWS, Generative AI",51-200,178000.0,77,2026-05-04
JOB00950,ML Engineer I,Entry,0.0,Atlas Intelligence,Technology,Singapore,No,Full-time,"SQL, Python, Tableau, Computer Vision",201-1000,66000.0,50,2026-02-12
JOB00951,Data Science Manager,Manager,10.0,Fusion Analytics,E-commerce,"Dublin, Ireland",No,Full-time,"MLOps, Generative AI, GCP",51-200,285000.0,24,2025-08-14
JOB00952,Principal Data Scientist,Senior,6.0,Skyline Data Co,Technology,"New York, USA",Yes,Full-time,"GCP, Generative AI, Azure, LLMs, Computer Vision",51-200,185500.0,29,2025-12-16
JOB00953,Data Scientist,Mid,3.0,Atlas Intelligence,Technology,Singapore,No,Part-time,"Machine Learning, NLP, Deep Learning, TensorFlow",5000+,97500.0,38,2026-04-28
JOB00954,Lead Data Engineer,Senior,6.0,Orbital Systems,Gaming,"Bengaluru, India",Yes,Full-time,"Kubernetes, Deep Learning, AWS",5000+,79000.0,37,2026-02-21
JOB00955,Director of Data Science,Manager,10.0,Skyline Data Co,Manufacturing,"Austin, USA",No,Full-time,"MLOps, AWS, GCP, Statistics",1001-5000,332000.0,43,2026-05-29
JOB00956,Head of Analytics,Manager,10.0,Pulse Robotics,Finance,"San Francisco, USA",No,Full-time,"MLOps, A/B Testing, Generative AI, Statistics, PyTorch",51-200,386000.0,7,2026-02-27
JOB00957,Senior ML Engineer,Senior,6.0,Horizon Cloud,Consulting,"San Francisco, USA",No,Full-time,"NLP, Azure, Machine Learning",5000+,183500.0,45,2026-06-10
JOB00958,Analytics Engineer,Mid,3.0,DataForge,Finance,Singapore,No,Full-time,"NLP, PyTorch, Spark, TensorFlow",51-200,126000.0,7,2026-03-04
JOB00959,AI Research Scientist,Senior,6.0,Zenith Data Group,Consulting,"Austin, USA",Yes,Full-time,"Computer Vision, Deep Learning, LLMs",51-200,209000.0,81,2026-02-12
JOB00960,Junior Data Scientist,Entry,0.0,Clearline Systems,Technology,"New York, USA",No,Full-time,"Python, Tableau, Statistics, Excel, SQL",1001-5000,97000.0,28,2026-02-28
JOB00961,Junior Data Scientist,Entry,0.0,Bright Path AI,Technology,"Toronto, Canada",No,Full-time,"Python, Data Visualization, Tableau, Excel, SQL",1-50,68000.0,74,2026-03-02
JOB00962,Computer Vision Engineer,Mid,3.0,Corelytics,Healthcare,"Dublin, Ireland",No,Full-time,"Machine Learning, NLP, Deep Learning, Power BI, MLOps",201-1000,123500.0,6,2026-03-25
JOB00963,AI Research Scientist,Senior,6.0,Vertex Analytics,E-commerce,"Berlin, Germany",No,Full-time,"Kubernetes, Computer Vision, MLOps, LLMs",5000+,146000.0,9,2026-04-22
JOB00964,Data Engineer,Mid,3.0,Skyline Data Co,Gaming,Singapore,Yes,Full-time,"Machine Learning, Deep Learning, NLP, Power BI, Python, Computer Vision",201-1000,114500.0,79,2025-12-29
JOB00967,BI Analyst,Entry,0.0,Northstar Labs,Telecommunications,"San Francisco, USA",Yes,Full-time,"Data Visualization, Tableau, Python",201-1000,92500.0,29,2026-07-10
JOB00968,Data Engineer,Mid,3.0,Skyline Data Co,Healthcare,"Dublin, Ireland",No,Full-time,"SQL, Deep Learning, Power BI, Python",201-1000,109000.0,26,2026-01-25
JOB00969,AI Engineer,Mid,3.0,Quantum Insight,Consulting,Singapore,Yes,Full-time,"TensorFlow, Deep Learning, Python",1-50,139000.0,60,2026-03-02
JOB00970,Head of AI,Manager,10.0,Atlas Intelligence,Telecommunications,"New York, USA",No,Full-time,"Statistics, MLOps, AWS, GCP",5000+,275000.0,161,2026-04-03
JOB00971,NLP Engineer,Mid,3.0,Novacore AI,Consulting,"Austin, USA",No,Contract,"SQL, Python, Power BI, Spark, Machine Learning, Computer Vision",1-50,95500.0,44,2026-07-05
JOB00973,Computer Vision Engineer,Mid,3.0,Northstar Labs,Telecommunications,"Toronto, Canada",Yes,Full-time,"NLP, TensorFlow, AWS, SQL",5000+,93000.0,19,2026-02-20
JOB00975,ML Engineer I,Entry,0.0,Northstar Labs,Gaming,"Bengaluru, India",Yes,Full-time,"Python, SQL, Data Visualization, Tableau",1001-5000,33000.0,64,2025-12-11
JOB00976,AI Engineer,Mid,3.0,Bluewave Tech,Education,"Toronto, Canada",No,Contract,"Deep Learning, Machine Learning, Python, Power BI, PyTorch, Tableau",51-200,100500.0,61,2026-05-20
JOB00977,Staff AI Engineer,Senior,6.0,Pulse Robotics,Finance,"Dublin, Ireland",No,Full-time,"Azure, NLP, LLMs, MLOps, Computer Vision, Docker",201-1000,158500.0,116,2025-09-12
JOB00978,Data Engineer,Mid,3.0,Silverline AI,Consulting,Singapore,No,Full-time,"TensorFlow, Deep Learning, Power BI, SQL, Machine Learning, AWS",201-1000,124000.0,40,2025-10-31
JOB00979,Analytics Engineer,Mid,3.0,DataForge,E-commerce,"Austin, USA",No,Full-time,"Python, AWS, Deep Learning, Spark",51-200,111500.0,31,2025-08-13
JOB00980,Machine Learning Engineer,Mid,3.0,Meridian Software,Gaming,Singapore,Yes,Full-time,"NLP, SQL, Power BI, TensorFlow",201-1000,114000.0,84,2026-05-06
JOB00981,Principal Data Scientist,Senior,6.0,Fusion Analytics,Manufacturing,Singapore,Yes,Full-time,"NLP, AWS, Kubernetes, Computer Vision",1-50,186000.0,7,2026-03-04
JOB00982,Lead Data Engineer,Senior,6.0,Nexora AI,Technology,"London, UK",Yes,Contract,"NLP, GCP, MLOps, Computer Vision",201-1000,190500.0,117,2026-05-26
JOB00983,Analytics Engineer,Mid,3.0,Skyline Data Co,Technology,"Sydney, Australia",Yes,Full-time,"PyTorch, Spark, NLP, SQL",5000+,104500.0,5,2025-11-06
JOB00984,AI Engineer,Mid,3.0,Pulse Robotics,Healthcare,"London, UK",No,Contract,"NLP, SQL, PyTorch, Power BI, Computer Vision",1001-5000,105000.0,36,2026-05-18
JOB00985,Computer Vision Engineer,Mid,3.0,DataForge,Manufacturing,"New York, USA",No,Full-time,"NLP, AWS, Power BI",1001-5000,132500.0,73,2026-06-16
JOB00986,Lead Data Engineer,Senior,6.0,Fusion Analytics,Healthcare,"San Francisco, USA",Yes,Full-time,"Computer Vision, Deep Learning, Kubernetes, NLP, GCP",5000+,209000.0,82,2025-08-29
JOB00987,Data Scientist,Mid,3.0,Skyline Data Co,Manufacturing,"San Francisco, USA",No,Full-time,"Machine Learning, Spark, Deep Learning, AWS, LLMs",1001-5000,134500.0,45,2026-07-05
JOB00988,Principal Data Scientist,Senior,6.0,Pulse Robotics,Manufacturing,"New York, USA",Yes,Full-time,"GCP, Computer Vision, Kubernetes, Azure, MLOps",1-50,204500.0,50,2026-02-14
JOB00989,Analytics Engineer,Mid,3.0,DataForge,Finance,"Dublin, Ireland",No,Full-time,"Spark, Python, Machine Learning, Power BI",51-200,110000.0,28,2025-08-27
JOB00990,Lead Data Engineer,Senior,6.0,Silverline AI,Technology,"New York, USA",Yes,Full-time,"Deep Learning, Kubernetes, AWS, GCP, Machine Learning",201-1000,241000.0,8,2025-07-04
JOB00991,NLP Engineer,Mid,3.0,DataForge,Education,"Sydney, Australia",No,Full-time,"Deep Learning, PyTorch, TensorFlow, SQL",51-200,110000.0,55,2025-09-12
JOB00992,Head of Analytics,Manager,10.0,Bluewave Tech,Automotive,"San Francisco, USA",No,Full-time,"Statistics, MLOps, LLMs, AWS",1001-5000,407500.0,12,2025-10-01
JOB00993,Data Engineer I,Entry,0.0,Skyline Data Co,Technology,"Toronto, Canada",No,Full-time,"Tableau, Excel, Data Visualization, Machine Learning",5000+,76500.0,30,2026-04-27
JOB00994,Data Engineer,Mid,3.0,Corelytics,Telecommunications,"Berlin, Germany",No,Full-time,"Spark, Power BI, Machine Learning",5000+,104500.0,27,2026-01-08
JOB00995,AI Engineer,Mid,3.0,Bluewave Tech,Consulting,Singapore,No,Full-time,"Python, Deep Learning, AWS, NLP",1001-5000,122500.0,13,2025-10-27
JOB00996,AI Research Scientist,Senior,6.0,Fusion Analytics,Education,Remote,Yes,Full-time,"Azure, Kubernetes, LLMs, Generative AI",51-200,163000.0,37,2025-07-23
JOB00997,Analytics Engineer,Mid,3.0,Horizon Cloud,Technology,Remote,Yes,Full-time,"SQL, Machine Learning, Deep Learning, Spark",51-200,94500.0,69,2025-11-03
JOB00998,Junior Data Scientist,Entry,0.0,Skyline Data Co,Automotive,Singapore,Yes,Contract,"Python, Excel, Tableau",201-1000,85500.0,58,2025-08-02
JOB00999,Data Engineer,Mid,3.0,Pulse Robotics,Education,"London, UK",Yes,Full-time,"Machine Learning, Deep Learning, Python, NLP, SQL",201-1000,141000.0,110,2025-10-24
JOB01000,Analytics Engineer,Mid,3.0,Corelytics,Consulting,"Toronto, Canada",Yes,Full-time,"TensorFlow, PyTorch, NLP, Spark, Machine Learning",5000+,101000.0,27,2025-08-11
JOB01001,Data Engineer,Mid,3.0,Fusion Analytics,Finance,Remote,Yes,Full-time,"Python, AWS, Power BI, Spark",1001-5000,127500.0,20,2026-03-08
JOB01002,Machine Learning Engineer,Mid,3.0,Skyline Data Co,Finance,"New York, USA",No,Full-time,"Deep Learning, TensorFlow, Machine Learning",5000+,120500.0,22,2026-02-03
JOB01003,Data Engineer I,Entry,0.0,Silverline AI,Education,"Toronto, Canada",No,Full-time,"Tableau, Excel, Python, TensorFlow",1-50,72000.0,88,2025-09-30
JOB01004,Computer Vision Engineer,Mid,3.0,Corelytics,Consulting,"Toronto, Canada",Yes,Full-time,"SQL, AWS, Power BI, NLP, Machine Learning",1-50,83500.0,31,2026-02-06
JOB01005,Analytics Engineer,Mid,3.0,Orbital Systems,E-commerce,"San Francisco, USA",Yes,Full-time,"TensorFlow, Power BI, Deep Learning, Spark, MLOps",1001-5000,149000.0,88,2026-02-12
JOB01006,Data Scientist,Mid,3.0,Vertex Analytics,Consulting,"Bengaluru, India",No,Full-time,"Deep Learning, Python, TensorFlow, Power BI, SQL, PyTorch",201-1000,50500.0,107,2025-09-20
JOB01007,Analytics Engineer,Mid,3.0,Skyline Data Co,Telecommunications,"Sydney, Australia",Yes,Full-time,"TensorFlow, AWS, Python, Machine Learning, Power BI",51-200,104500.0,61,2025-11-13
JOB01008,BI Analyst,Entry,0.0,Pulse Robotics,Technology,"Austin, USA",No,Full-time,"SQL, Tableau, Excel, Statistics, Kubernetes",51-200,80500.0,47,2026-01-16
JOB01009,Analytics Engineer,Mid,3.0,Quantum Insight,E-commerce,"New York, USA",Yes,Full-time,"Machine Learning, Power BI, NLP, Python",51-200,151000.0,150,2025-12-04
JOB01011,Data Engineer,Mid,3.0,Clearline Systems,E-commerce,"Dublin, Ireland",No,Contract,"TensorFlow, Spark, Python, Power BI",201-1000,119000.0,63,2026-05-29
JOB01012,Lead Data Engineer,Senior,6.0,Meridian Software,Manufacturing,"Sydney, Australia",No,Full-time,"NLP, MLOps, Azure, AWS, Machine Learning, Docker",5000+,162000.0,55,2025-11-10
JOB01013,Junior Data Scientist,Entry,0.0,Skyline Data Co,Manufacturing,"Berlin, Germany",No,Full-time,"Tableau, Statistics, Data Visualization",51-200,60000.0,28,2025-11-16
JOB01014,Lead Data Engineer,Senior,6.0,Quantum Insight,Consulting,"Berlin, Germany",No,Full-time,"LLMs, AWS, GCP",51-200,175000.0,67,2026-05-28
JOB01015,Director of Data Science,Manager,10.0,Corelytics,Healthcare,Singapore,No,Full-time,"AWS, LLMs, MLOps",51-200,282500.0,91,2026-03-09
JOB01016,Principal Data Scientist,Senior,6.0,DataForge,Healthcare,"Bengaluru, India",No,Full-time,"AWS, Deep Learning, Machine Learning",51-200,65000.0,51,2026-05-20
JOB01017,Computer Vision Engineer,Mid,3.0,DataForge,Gaming,"Dublin, Ireland",No,Contract,"NLP, TensorFlow, PyTorch, Deep Learning",1-50,110000.0,35,2026-01-13
JOB01018,BI Analyst,Entry,0.0,Vertex Analytics,Consulting,Singapore,No,Contract,"Excel, Tableau, Python, SQL, Data Visualization",51-200,65000.0,25,2026-07-04
JOB01019,VP of Machine Learning,Manager,10.0,Orbital Systems,Gaming,"Bengaluru, India",Yes,Full-time,"AWS, GCP, LLMs, MLOps",1-50,136000.0,49,2026-01-07
JOB01020,Data Science Manager,Manager,10.0,Clearline Systems,Education,"Dublin, Ireland",No,Full-time,"AWS, MLOps, Generative AI, LLMs, Statistics, Data Visualization",1-50,186500.0,13,2026-06-10
JOB01021,Analytics Engineer,Mid,3.0,Novacore AI,Education,"Sydney, Australia",No,Full-time,"PyTorch, Spark, Python, Machine Learning",1-50,137000.0,48,2025-09-12
JOB01022,Analytics Engineer,Mid,3.0,Pulse Robotics,Consulting,Remote,Yes,Full-time,"Deep Learning, AWS, Spark, Python, Machine Learning",1-50,125000.0,48,2025-08-21
JOB01023,NLP Engineer,Mid,3.0,Pulse Robotics,Telecommunications,Remote,Yes,Full-time,"SQL, AWS, Machine Learning",51-200,109500.0,18,2026-06-19
JOB01024,Machine Learning Engineer,Mid,3.0,Atlas Intelligence,Healthcare,"Bengaluru, India",Yes,Full-time,"Spark, Deep Learning, Power BI, Tableau",1001-5000,62500.0,27,2025-07-19
JOB01025,Analytics Engineer,Mid,3.0,Meridian Software,Education,Remote,Yes,Full-time,"Spark, PyTorch, Machine Learning, AWS, NLP, Tableau",201-1000,113000.0,98,2026-06-08
JOB01026,BI Analyst,Entry,0.0,Ironpeak Tech,Healthcare,Singapore,No,Full-time,"Python, Tableau, Excel, AWS",51-200,58000.0,24,2025-10-25
JOB01027,AI Research Assistant,Entry,0.0,Orbital Systems,Automotive,Singapore,No,Part-time,"Tableau, SQL, Python",1-50,66000.0,62,2025-08-15
JOB01028,Data Engineer I,Entry,0.0,Novacore AI,Manufacturing,Remote,Yes,Full-time,"Python, Excel, Tableau, Data Visualization, Statistics",1001-5000,58500.0,30,2026-02-03
JOB01029,Data Science Manager,Manager,10.0,Orbital Systems,Automotive,"San Francisco, USA",No,Part-time,"A/B Testing, GCP, MLOps, LLMs, Statistics, Generative AI",1001-5000,410500.0,56,2026-03-06
JOB01030,BI Analyst,Entry,0.0,Bluewave Tech,Automotive,"Bengaluru, India",No,Full-time,"Statistics, Excel, Tableau, SQL, Python, Deep Learning",201-1000,38500.0,30,2025-09-01
JOB01031,ML Engineer I,Entry,0.0,Zenith Data Group,E-commerce,Remote,Yes,Full-time,"Python, Excel, Tableau, Statistics, Deep Learning",51-200,63500.0,13,2026-06-14
JOB01032,Lead Data Engineer,Senior,6.0,Bright Path AI,Healthcare,Singapore,No,Full-time,"Kubernetes, Deep Learning, Azure, GCP, AWS",201-1000,146000.0,24,2025-08-03
JOB01033,BI Analyst,Entry,0.0,Orbital Systems,Healthcare,Singapore,Yes,Full-time,"Python, SQL, Data Visualization, Excel",201-1000,74500.0,60,2025-08-11
JOB01035,ML Engineer I,Entry,0.0,Atlas Intelligence,Gaming,"Austin, USA",No,Full-time,"Python, Statistics, SQL, Data Visualization",201-1000,78000.0,71,2025-10-31
JOB01036,Machine Learning Engineer,Mid,3.0,Zenith Data Group,Consulting,"Toronto, Canada",Yes,Full-time,"PyTorch, NLP, Power BI",5000+,87000.0,5,2025-08-16
JOB01037,Junior Data Scientist,Entry,0.0,Bluewave Tech,E-commerce,"New York, USA",No,Full-time,"Python, Excel, SQL, Tableau",1-50,86000.0,83,2025-07-21
JOB01038,Senior Data Scientist,Senior,6.0,Corelytics,Technology,"London, UK",Yes,Full-time,"AWS, GCP, Computer Vision, LLMs",1-50,162500.0,25,2026-05-11
JOB01039,BI Analyst,Entry,0.0,Northstar Labs,Consulting,"Berlin, Germany",Yes,Full-time,"Excel, Python, Tableau, SQL",1001-5000,70000.0,28,2025-08-23
JOB01040,Senior ML Engineer,Senior,6.0,Zenith Data Group,Finance,"Berlin, Germany",No,Full-time,"MLOps, Generative AI, Computer Vision, AWS",1-50,140000.0,23,2026-04-13
JOB01041,Principal Data Scientist,Senior,6.0,Clearline Systems,Consulting,"London, UK",No,Full-time,"Generative AI, Machine Learning, LLMs, Deep Learning, Computer Vision",1-50,185000.0,60,2026-01-29
JOB01042,Senior Data Scientist,Senior,6.0,Fusion Analytics,Education,"New York, USA",No,Full-time,"AWS, NLP, Computer Vision, LLMs",51-200,189000.0,85,2026-05-14
JOB01043,Senior ML Engineer,Senior,6.0,Meridian Software,Telecommunications,"Dublin, Ireland",No,Contract,"LLMs, Computer Vision, AWS, Deep Learning",51-200,161500.0,47,2025-09-07
JOB01044,Senior Data Scientist,Senior,6.0,Skyline Data Co,Consulting,Singapore,No,Full-time,"Machine Learning, Generative AI, NLP, Azure",1-50,143000.0,36,2025-07-01
JOB01045,Senior Data Scientist,Senior,6.0,Bright Path AI,Telecommunications,"Toronto, Canada",Yes,Full-time,"Machine Learning, Generative AI, Deep Learning, Kubernetes",1-50,137000.0,26,2025-09-12
JOB01046,Senior Data Scientist,Senior,6.0,Corelytics,Technology,"San Francisco, USA",No,Full-time,"Azure, Kubernetes, AWS, MLOps, GCP",1-50,231000.0,12,2025-12-16
JOB01047,Machine Learning Engineer,Mid,3.0,Zenith Data Group,Technology,"Austin, USA",No,Full-time,"PyTorch, TensorFlow, Deep Learning, SQL, AWS",1-50,128500.0,49,2025-10-09
JOB01048,Junior Data Scientist,Entry,0.0,Bluewave Tech,Finance,"Berlin, Germany",Yes,Full-time,"SQL, Excel, Statistics, Data Visualization, Python",1001-5000,71500.0,28,2026-06-03
JOB01049,BI Analyst,Entry,0.0,Horizon Cloud,E-commerce,"New York, USA",No,Full-time,"Python, Data Visualization, Excel, Statistics, SQL, R",1-50,101000.0,30,2025-11-12
JOB01050,Principal Data Scientist,Senior,6.0,Novacore AI,Education,"Toronto, Canada",No,Full-time,"Deep Learning, MLOps, Computer Vision, Kubernetes",201-1000,144500.0,69,2025-08-01
JOB01051,BI Analyst,Entry,0.0,Novacore AI,Automotive,"Berlin, Germany",Yes,Full-time,"Data Visualization, Statistics, Tableau, SQL",51-200,58000.0,44,2025-09-12
JOB01052,Senior ML Engineer,Senior,6.0,Horizon Cloud,Gaming,"San Francisco, USA",Yes,Part-time,"Azure, Deep Learning, Computer Vision, Kubernetes, Machine Learning",51-200,222500.0,58,2026-02-02
JOB01053,AI Engineer,Mid,3.0,Atlas Intelligence,E-commerce,"San Francisco, USA",No,Full-time,"Machine Learning, TensorFlow, Python, SQL, NLP",51-200,126500.0,21,2026-06-15
JOB01054,ML Engineer I,Entry,0.0,Meridian Software,Manufacturing,"Berlin, Germany",Yes,Part-time,"Tableau, Python, Excel, Data Visualization, SQL",1001-5000,64500.0,67,2025-08-14
JOB01055,Analytics Engineer,Mid,3.0,Nexora AI,E-commerce,"London, UK",No,Full-time,"NLP, Spark, Python, Power BI, R",51-200,107500.0,42,2025-10-24
JOB01056,BI Analyst,Entry,0.0,Fusion Analytics,E-commerce,"Austin, USA",No,Full-time,"Data Visualization, Tableau, Excel, Python, SQL",201-1000,70500.0,109,2025-10-14
JOB01057,Lead Data Engineer,Senior,6.0,Quantum Insight,Healthcare,"New York, USA",No,Full-time,"Generative AI, GCP, NLP, Deep Learning",51-200,207000.0,28,2025-10-13
JOB01058,Computer Vision Engineer,Mid,3.0,Corelytics,Healthcare,"San Francisco, USA",Yes,Full-time,"TensorFlow, PyTorch, Python",1001-5000,158500.0,24,2026-03-21
JOB01059,Data Engineer I,Entry,0.0,Northstar Labs,Education,"New York, USA",No,Full-time,"SQL, Statistics, Excel, Python, Data Visualization, Airflow",1001-5000,67500.0,26,2026-06-13
JOB01060,Data Engineer,Mid,3.0,Skyline Data Co,Telecommunications,"Sydney, Australia",No,Full-time,"Machine Learning, TensorFlow, AWS, Deep Learning, Data Visualization",1001-5000,135000.0,35,2025-07-29
JOB01062,AI Research Scientist,Senior,6.0,Atlas Intelligence,Consulting,"San Francisco, USA",Yes,Full-time,"Computer Vision, NLP, Machine Learning, Deep Learning",201-1000,228000.0,23,2025-10-14
JOB01064,AI Engineer,Mid,3.0,Ironpeak Tech,Finance,"New York, USA",No,Full-time,"NLP, AWS, Deep Learning",1001-5000,108000.0,43,2025-12-17
JOB01065,Senior ML Engineer,Senior,6.0,Orbital Systems,Automotive,"San Francisco, USA",Yes,Full-time,"MLOps, AWS, Azure, Deep Learning",201-1000,272500.0,24,2026-02-17
JOB01066,AI Engineer,Mid,3.0,Bright Path AI,Education,"New York, USA",Yes,Contract,"Deep Learning, SQL, Power BI, AWS, PyTorch",201-1000,148000.0,33,2026-03-30
JOB01068,AI Research Scientist,Senior,6.0,DataForge,Manufacturing,"San Francisco, USA",Yes,Full-time,"GCP, Azure, Deep Learning, NLP",5000+,193000.0,21,2026-02-02
JOB01069,NLP Engineer,Mid,3.0,Skyline Data Co,Technology,"Austin, USA",No,Full-time,"Deep Learning, Power BI, Spark, GCP",5000+,117500.0,32,2025-12-31
JOB01070,Data Engineer,Mid,3.0,Vertex Analytics,Finance,"San Francisco, USA",No,Full-time,"SQL, Deep Learning, Machine Learning, A/B Testing",201-1000,130000.0,62,2025-10-24
JOB01071,Data Engineer I,Entry,0.0,DataForge,Telecommunications,"Bengaluru, India",Yes,Full-time,"Tableau, Data Visualization, SQL, Excel, Airflow",201-1000,37500.0,12,2025-10-29
JOB01072,Computer Vision Engineer,Mid,3.0,Bright Path AI,Education,"Berlin, Germany",No,Full-time,"Machine Learning, SQL, NLP, AWS, TensorFlow",5000+,100500.0,42,2025-12-18
JOB01073,Computer Vision Engineer,Mid,3.0,Quantum Insight,Consulting,Singapore,No,Full-time,"SQL, Power BI, AWS",201-1000,101000.0,27,2026-06-22
JOB01074,Lead Data Engineer,Senior,6.0,Atlas Intelligence,Healthcare,"Dublin, Ireland",No,Full-time,"Computer Vision, Machine Learning, Azure, NLP, MLOps",1001-5000,166000.0,47,2026-06-01
JOB01075,Principal Data Scientist,Senior,6.0,Horizon Cloud,Technology,Remote,Yes,Full-time,"MLOps, Kubernetes, Generative AI, R",51-200,173500.0,113,2026-02-16
JOB01076,AI Engineer,Mid,3.0,Meridian Software,Telecommunications,"Toronto, Canada",Yes,Full-time,"PyTorch, NLP, Python, TensorFlow, Spark, SQL",201-1000,90000.0,15,2025-09-30
JOB01077,Data Scientist,Mid,3.0,Novacore AI,Technology,"New York, USA",Yes,Full-time,"Power BI, AWS, SQL, NLP",5000+,142500.0,56,2026-01-09
JOB01078,AI Research Scientist,Senior,6.0,DataForge,Telecommunications,"Bengaluru, India",No,Full-time,"GCP, Generative AI, Computer Vision, Tableau",51-200,94000.0,54,2025-12-13
JOB01079,AI Research Assistant,Entry,0.0,Silverline AI,E-commerce,"San Francisco, USA",Yes,Full-time,"SQL, Tableau, Data Visualization, Statistics",51-200,84500.0,75,2026-06-27
JOB01080,AI Engineer,Mid,3.0,Atlas Intelligence,Automotive,"San Francisco, USA",Yes,Contract,"Spark, Machine Learning, TensorFlow, Deep Learning, NLP",1001-5000,179000.0,30,2026-05-06
JOB01081,AI Research Assistant,Entry,0.0,Meridian Software,Consulting,"London, UK",No,Part-time,"Statistics, Python, Data Visualization, Deep Learning",201-1000,70500.0,41,2026-06-25
JOB01082,Data Scientist,Mid,3.0,Vertex Analytics,Healthcare,"Bengaluru, India",Yes,Part-time,"SQL, AWS, NLP, Power BI, LLMs",51-200,57000.0,38,2026-02-17
JOB01083,AI Engineer,Mid,3.0,Orbital Systems,Consulting,"Toronto, Canada",Yes,Full-time,"AWS, Deep Learning, Power BI, PyTorch",5000+,118000.0,57,2026-06-15
JOB01084,Data Engineer,Mid,3.0,Novacore AI,Consulting,"Sydney, Australia",No,Full-time,"Power BI, Spark, Python, Machine Learning, PyTorch",201-1000,99500.0,83,2025-08-28
JOB01085,AI Engineer,Mid,3.0,Corelytics,Consulting,"Berlin, Germany",No,Full-time,"NLP, Python, Power BI, Machine Learning, PyTorch",51-200,105500.0,124,2025-07-23
JOB01086,Machine Learning Engineer,Mid,3.0,Skyline Data Co,Finance,"Sydney, Australia",Yes,Full-time,"NLP, Power BI, PyTorch, Computer Vision",1001-5000,138000.0,37,2025-07-20
JOB01087,Senior ML Engineer,Senior,6.0,Corelytics,Consulting,"Toronto, Canada",Yes,Full-time,"AWS, NLP, Computer Vision",201-1000,180500.0,96,2025-10-08
JOB01088,Principal Data Scientist,Senior,6.0,Quantum Insight,Education,"Sydney, Australia",No,Full-time,"GCP, LLMs, Machine Learning",5000+,194000.0,31,2026-06-06
JOB01089,Staff AI Engineer,Senior,6.0,Vertex Analytics,Automotive,"San Francisco, USA",No,Full-time,"Computer Vision, Deep Learning, Generative AI",5000+,260500.0,121,2026-06-20
JOB01091,Lead Data Engineer,Senior,6.0,Meridian Software,Education,"San Francisco, USA",Yes,Full-time,"Kubernetes, Machine Learning, MLOps",201-1000,201500.0,139,2025-11-20
JOB01092,AI Research Scientist,Senior,6.0,Fusion Analytics,Gaming,"Dublin, Ireland",Yes,Full-time,"LLMs, Generative AI, Azure, GCP",5000+,162500.0,6,2025-07-01
JOB01093,BI Analyst,Entry,0.0,Meridian Software,Technology,"New York, USA",No,Full-time,"Tableau, Statistics, SQL, Data Visualization, Excel",201-1000,82000.0,59,2025-12-19
JOB01094,ML Engineer I,Entry,0.0,Silverline AI,Manufacturing,"Austin, USA",No,Full-time,"Excel, SQL, Data Visualization, Machine Learning",201-1000,61000.0,95,2026-01-19
JOB01095,Data Engineer I,Entry,0.0,Fusion Analytics,Education,"Austin, USA",Yes,Contract,"Excel, Statistics, Data Visualization, Python, SQL, A/B Testing",51-200,91500.0,6,2026-02-07
JOB01096,Principal Data Scientist,Senior,6.0,Zenith Data Group,Gaming,"Berlin, Germany",No,Full-time,"MLOps, NLP, Deep Learning, LLMs, Python",51-200,152000.0,22,2025-07-17
JOB01098,Data Engineer I,Entry,0.0,Skyline Data Co,Telecommunications,Singapore,Yes,Full-time,"Tableau, Statistics, SQL, Data Visualization",51-200,89500.0,41,2026-05-26
JOB01099,Machine Learning Engineer,Mid,3.0,Bluewave Tech,Automotive,Singapore,No,Full-time,"Spark, Python, TensorFlow",201-1000,132500.0,82,2026-06-15
JOB01100,AI Research Assistant,Entry,0.0,Nexora AI,Healthcare,"San Francisco, USA",Yes,Full-time,"Python, Excel, Data Visualization, Statistics",1-50,99500.0,41,2025-11-29
JOB01101,Data Scientist,Mid,3.0,Clearline Systems,Healthcare,Remote,Yes,Full-time,"Spark, AWS, PyTorch",5000+,123500.0,23,2025-12-13
JOB01102,Data Scientist,Mid,3.0,Ironpeak Tech,Gaming,"London, UK",Yes,Full-time,"Python, AWS, Spark, Power BI, PyTorch",51-200,140500.0,30,2026-01-12
JOB01103,Data Engineer I,Entry,0.0,Vertex Analytics,Education,"Berlin, Germany",No,Full-time,"Statistics, SQL, Excel, Data Visualization, Python",201-1000,72000.0,26,2026-07-12
JOB01105,Staff AI Engineer,Senior,6.0,Novacore AI,Manufacturing,"New York, USA",Yes,Full-time,"MLOps, Machine Learning, LLMs, AWS, Generative AI",5000+,239000.0,35,2025-12-18
JOB01106,ML Engineer I,Entry,0.0,Zenith Data Group,Technology,"San Francisco, USA",No,Contract,"SQL, Tableau, Python, Excel, Spark",201-1000,95500.0,77,2025-11-05
JOB01107,NLP Engineer,Mid,3.0,Pulse Robotics,E-commerce,Remote,Yes,Full-time,"SQL, Machine Learning, AWS",201-1000,112000.0,71,2025-11-15
JOB01108,Lead Data Engineer,Senior,6.0,Vertex Analytics,E-commerce,"Dublin, Ireland",No,Part-time,"GCP, Generative AI, LLMs, Computer Vision",51-200,136500.0,124,2025-11-11
JOB01109,AI Engineer,Mid,3.0,Meridian Software,E-commerce,"Toronto, Canada",Yes,Full-time,"TensorFlow, Machine Learning, AWS, Airflow",1001-5000,83500.0,38,2026-04-18
JOB01110,Computer Vision Engineer,Mid,3.0,Skyline Data Co,Consulting,"New York, USA",No,Full-time,"AWS, Machine Learning, Deep Learning, NLP, SQL, TensorFlow",51-200,134500.0,52,2026-04-03
JOB01112,AI Engineer,Mid,3.0,Horizon Cloud,Finance,"Bengaluru, India",No,Full-time,"SQL, Deep Learning, Python, NLP",51-200,46000.0,83,2025-10-26
JOB01113,Data Engineer,Mid,3.0,Skyline Data Co,Healthcare,"Dublin, Ireland",No,Full-time,"PyTorch, NLP, AWS, Machine Learning",201-1000,104000.0,173,2026-07-03
JOB01114,NLP Engineer,Mid,3.0,Vertex Analytics,Consulting,"Toronto, Canada",Yes,Full-time,"Machine Learning, PyTorch, Python, TensorFlow, Spark",51-200,97500.0,70,2025-07-21
JOB01115,Data Engineer,Mid,3.0,Zenith Data Group,E-commerce,"Austin, USA",Yes,Full-time,"Python, TensorFlow, NLP, Machine Learning",201-1000,95500.0,39,2025-12-01
JOB01116,Data Analyst,Entry,0.0,DataForge,Automotive,"Dublin, Ireland",Yes,Full-time,"Statistics, Python, Tableau, Data Visualization, SQL",5000+,73000.0,25,2025-07-03
JOB01117,Analytics Engineer,Mid,3.0,Horizon Cloud,Healthcare,"London, UK",Yes,Full-time,"Machine Learning, SQL, TensorFlow",51-200,117500.0,96,2025-07-17
JOB01118,Staff AI Engineer,Senior,6.0,Corelytics,Gaming,"Austin, USA",Yes,Full-time,"Computer Vision, Kubernetes, Azure, NLP",1001-5000,177000.0,65,2026-03-26
JOB01121,BI Analyst,Entry,0.0,Clearline Systems,Education,"London, UK",Yes,Full-time,"Data Visualization, SQL, Excel",1-50,67000.0,20,2025-08-05
JOB01122,Senior ML Engineer,Senior,6.0,Novacore AI,Education,"Dublin, Ireland",No,Full-time,"Generative AI, Deep Learning, NLP",51-200,199000.0,49,2026-03-01
JOB01123,Data Scientist,Mid,3.0,Novacore AI,Education,"San Francisco, USA",Yes,Full-time,"AWS, PyTorch, NLP, Machine Learning, SQL, Data Visualization",51-200,146000.0,59,2025-08-22
JOB01124,AI Engineer,Mid,3.0,Fusion Analytics,Automotive,"Austin, USA",Yes,Full-time,"SQL, PyTorch, Spark, Deep Learning",5000+,115000.0,20,2025-12-07
JOB01125,Data Science Manager,Manager,10.0,Bluewave Tech,Finance,"New York, USA",No,Full-time,"GCP, AWS, LLMs, Statistics, MLOps, Docker",51-200,286500.0,66,2025-12-30
JOB01126,Head of AI,Manager,10.0,Clearline Systems,Telecommunications,"New York, USA",No,Full-time,"Generative AI, AWS, A/B Testing, GCP",5000+,229000.0,45,2025-11-25
JOB01128,Data Science Manager,Manager,10.0,Nexora AI,Finance,"Sydney, Australia",No,Full-time,"AWS, Statistics, GCP, MLOps, A/B Testing, Data Visualization",5000+,219500.0,11,2026-02-25
JOB01129,ML Engineer I,Entry,0.0,Fusion Analytics,Telecommunications,"Austin, USA",No,Full-time,"Tableau, Python, Data Visualization, Excel, SQL",51-200,75500.0,82,2026-02-27
JOB01130,Computer Vision Engineer,Mid,3.0,Vertex Analytics,Consulting,"New York, USA",Yes,Full-time,"TensorFlow, AWS, Spark, Deep Learning, Machine Learning",51-200,146500.0,86,2025-11-25
JOB01131,Machine Learning Engineer,Mid,3.0,Atlas Intelligence,Finance,"Sydney, Australia",No,Full-time,"SQL, Python, TensorFlow, AWS, GCP",1-50,100000.0,65,2025-12-06
JOB01132,Analytics Engineer,Mid,3.0,Quantum Insight,E-commerce,Singapore,Yes,Full-time,"PyTorch, NLP, Power BI, Spark",1001-5000,101500.0,18,2025-10-07
JOB01134,Data Engineer,Mid,3.0,Silverline AI,Automotive,"Bengaluru, India",No,Full-time,"Power BI, PyTorch, Machine Learning, R",201-1000,56500.0,155,2026-01-17
JOB01135,Data Engineer,Mid,3.0,Silverline AI,Healthcare,Singapore,Yes,Full-time,"SQL, Machine Learning, NLP, MLOps",1001-5000,120500.0,46,2026-06-24
JOB01136,Junior Data Scientist,Entry,0.0,Nexora AI,Consulting,"New York, USA",No,Part-time,"Excel, Statistics, SQL, Python, Data Visualization",5000+,73500.0,9,2026-02-14
JOB01137,Machine Learning Engineer,Mid,3.0,Horizon Cloud,Gaming,Remote,Yes,Full-time,"Deep Learning, SQL, NLP, PyTorch, LLMs",1-50,90500.0,18,2025-09-16
JOB01139,AI Research Scientist,Senior,6.0,Vertex Analytics,Finance,"New York, USA",No,Full-time,"MLOps, Deep Learning, Machine Learning, AWS",51-200,169500.0,70,2026-02-07
JOB01140,ML Engineer I,Entry,0.0,Fusion Analytics,Gaming,"London, UK",No,Contract,"Python, Statistics, Tableau, SQL",51-200,73000.0,101,2026-05-16
JOB01141,AI Engineer,Mid,3.0,Horizon Cloud,E-commerce,Singapore,Yes,Full-time,"Machine Learning, Python, SQL, TensorFlow, Power BI",201-1000,102500.0,71,2026-01-05
JOB01142,AI Research Assistant,Entry,0.0,Horizon Cloud,Consulting,"Dublin, Ireland",No,Part-time,"Statistics, Excel, Data Visualization, Python",5000+,57000.0,89,2026-04-04
JOB01143,Senior Data Scientist,Senior,6.0,Meridian Software,Manufacturing,"Austin, USA",No,Full-time,"AWS, MLOps, GCP, Azure",201-1000,196500.0,105,2025-12-26
JOB01144,Data Engineer,Mid,3.0,Novacore AI,Telecommunications,"New York, USA",No,Full-time,"Spark, TensorFlow, Machine Learning",1-50,117500.0,17,2026-04-27
JOB01145,Junior Data Scientist,Entry,0.0,Novacore AI,E-commerce,"Dublin, Ireland",No,Full-time,"Python, Excel, Statistics, Tableau, Airflow",201-1000,58000.0,22,2026-05-20
JOB01146,AI Research Scientist,Senior,6.0,Clearline Systems,E-commerce,"Austin, USA",No,Full-time,"Generative AI, MLOps, Machine Learning, Computer Vision, AWS, LLMs",5000+,218000.0,65,2025-11-17
JOB01147,Senior ML Engineer,Senior,6.0,Fusion Analytics,Healthcare,"San Francisco, USA",No,Full-time,"GCP, Kubernetes, Machine Learning",1001-5000,252000.0,43,2025-07-20
JOB01148,Junior Data Scientist,Entry,0.0,Bright Path AI,Automotive,Singapore,Yes,Contract,"SQL, Tableau, Excel, Data Visualization, Python",1-50,56500.0,23,2026-01-24
JOB01149,Computer Vision Engineer,Mid,3.0,Bluewave Tech,Manufacturing,"Dublin, Ireland",No,Full-time,"TensorFlow, NLP, Machine Learning, Python, Power BI",51-200,130000.0,31,2026-05-31
JOB01150,Computer Vision Engineer,Mid,3.0,Corelytics,E-commerce,"New York, USA",Yes,Full-time,"AWS, Deep Learning, PyTorch, Python",201-1000,155500.0,15,2026-06-25
JOB01151,Data Engineer,Mid,3.0,Pulse Robotics,Manufacturing,"Sydney, Australia",No,Full-time,"AWS, NLP, Machine Learning, Power BI",51-200,93500.0,65,2026-05-27
JOB01152,Machine Learning Engineer,Mid,3.0,Ironpeak Tech,Manufacturing,"Dublin, Ireland",Yes,Contract,"TensorFlow, Deep Learning, NLP",1001-5000,122000.0,182,2025-07-21
JOB01153,Lead Data Engineer,Senior,6.0,Nexora AI,Consulting,"Toronto, Canada",No,Full-time,"MLOps, NLP, AWS, Generative AI, Deep Learning",51-200,132500.0,122,2025-09-13
JOB01155,AI Research Assistant,Entry,0.0,Meridian Software,Finance,Singapore,No,Full-time,"Data Visualization, SQL, Python, Tableau",1-50,57500.0,143,2025-12-30
JOB01156,Data Engineer,Mid,3.0,Zenith Data Group,Finance,"Bengaluru, India",No,Part-time,"AWS, SQL, NLP, Spark",5000+,58000.0,23,2025-12-03
JOB01157,Lead Data Engineer,Senior,6.0,Bluewave Tech,Manufacturing,"London, UK",Yes,Full-time,"AWS, GCP, Computer Vision, Deep Learning",201-1000,167500.0,115,2026-05-17
JOB01158,Computer Vision Engineer,Mid,3.0,Fusion Analytics,E-commerce,"Sydney, Australia",No,Full-time,"TensorFlow, PyTorch, Power BI",1001-5000,117000.0,59,2025-09-30
JOB01159,Data Analyst,Entry,0.0,Meridian Software,Automotive,"New York, USA",Yes,Full-time,"Statistics, Data Visualization, Excel, LLMs",51-200,91000.0,61,2026-06-10
JOB01160,Junior Data Scientist,Entry,0.0,Atlas Intelligence,Gaming,"Austin, USA",No,Full-time,"SQL, Tableau, Data Visualization, TensorFlow",51-200,61000.0,72,2026-01-04
JOB01161,Principal Data Scientist,Senior,6.0,DataForge,Education,"Sydney, Australia",No,Full-time,"LLMs, Deep Learning, Azure, NLP, Computer Vision",1-50,209500.0,24,2025-07-13
JOB01162,Data Analyst,Entry,0.0,Northstar Labs,Healthcare,"London, UK",No,Full-time,"Excel, Statistics, Data Visualization, Tableau",51-200,59500.0,118,2026-04-20
JOB01163,AI Research Assistant,Entry,0.0,Atlas Intelligence,Manufacturing,"Toronto, Canada",No,Full-time,"Statistics, SQL, Python, Excel, Data Visualization",51-200,62500.0,14,2026-02-14
JOB01164,Junior Data Scientist,Entry,0.0,DataForge,Technology,"New York, USA",No,Full-time,"Python, SQL, Excel, Statistics, Data Visualization",5000+,93500.0,63,2025-09-15
JOB01165,AI Engineer,Mid,3.0,Pulse Robotics,Finance,"Berlin, Germany",No,Full-time,"NLP, Python, PyTorch, AWS, Docker",1001-5000,78000.0,11,2026-01-13
JOB01166,Data Engineer,Mid,3.0,Bright Path AI,Manufacturing,"Sydney, Australia",No,Full-time,"Spark, Deep Learning, Machine Learning, SQL, NLP",1001-5000,128000.0,36,2026-02-28
JOB01167,Analytics Engineer,Mid,3.0,Fusion Analytics,Manufacturing,"Toronto, Canada",Yes,Full-time,"PyTorch, SQL, NLP, TensorFlow",1001-5000,106500.0,51,2025-12-17
JOB01168,Head of Analytics,Manager,10.0,Novacore AI,Technology,"Sydney, Australia",Yes,Full-time,"LLMs, MLOps, GCP, Generative AI, TensorFlow",1-50,292000.0,36,2026-02-16
JOB01169,AI Engineer,Mid,3.0,Fusion Analytics,Telecommunications,"San Francisco, USA",No,Contract,"NLP, SQL, Deep Learning, Machine Learning",51-200,120000.0,40,2026-06-30
JOB01170,AI Research Scientist,Senior,6.0,Quantum Insight,Manufacturing,"Dublin, Ireland",No,Full-time,"Kubernetes, GCP, Machine Learning, Statistics",201-1000,182000.0,33,2026-01-11
JOB01171,BI Analyst,Entry,0.0,Zenith Data Group,Gaming,"Bengaluru, India",Yes,Full-time,"Statistics, Tableau, Data Visualization, SQL, Python",5000+,29500.0,22,2026-07-11
JOB01172,Senior Data Scientist,Senior,6.0,Meridian Software,Gaming,"London, UK",No,Full-time,"Kubernetes, MLOps, LLMs",5000+,189500.0,71,2026-05-29
JOB01173,NLP Engineer,Mid,3.0,Northstar Labs,Gaming,"San Francisco, USA",No,Full-time,"Machine Learning, TensorFlow, Deep Learning, NLP, SQL",51-200,121500.0,90,2025-08-27
JOB01175,Lead Data Engineer,Senior,6.0,Ironpeak Tech,Healthcare,"New York, USA",No,Full-time,"Computer Vision, Deep Learning, Kubernetes, Generative AI, TensorFlow",201-1000,165500.0,70,2025-08-21
JOB01176,AI Engineer,Mid,3.0,Fusion Analytics,Gaming,"London, UK",No,Full-time,"PyTorch, SQL, NLP, Power BI",1001-5000,116000.0,35,2026-03-07
JOB01178,Data Analyst,Entry,0.0,Atlas Intelligence,Education,"Bengaluru, India",No,Full-time,"Excel, Data Visualization, Python, Statistics, Tableau",1001-5000,37500.0,60,2025-08-21
JOB01180,NLP Engineer,Mid,3.0,Horizon Cloud,E-commerce,"Austin, USA",No,Full-time,"SQL, NLP, TensorFlow, PyTorch",201-1000,96500.0,43,2026-04-16
JOB01181,AI Research Scientist,Senior,6.0,Silverline AI,Technology,"Bengaluru, India",No,Full-time,"LLMs, Computer Vision, Kubernetes, GCP, AWS",51-200,76000.0,96,2026-05-06
JOB01182,Data Engineer,Mid,3.0,Horizon Cloud,Telecommunications,"New York, USA",No,Full-time,"Spark, TensorFlow, Python, NLP",201-1000,146500.0,65,2026-07-03
JOB01183,Machine Learning Engineer,Mid,3.0,Silverline AI,Education,"Sydney, Australia",No,Full-time,"PyTorch, Deep Learning, Power BI, NLP, Machine Learning",51-200,93500.0,4,2026-01-14
JOB01184,ML Engineer I,Entry,0.0,Ironpeak Tech,Technology,"Bengaluru, India",Yes,Full-time,"Tableau, Data Visualization, Statistics, Excel, SQL",201-1000,31000.0,73,2026-05-18
JOB01185,Senior Data Scientist,Senior,6.0,Corelytics,Consulting,"San Francisco, USA",Yes,Full-time,"GCP, Deep Learning, AWS",51-200,257000.0,24,2026-01-18
JOB01186,Senior Data Scientist,Senior,6.0,Novacore AI,Telecommunications,"Dublin, Ireland",Yes,Contract,"MLOps, LLMs, Generative AI, Azure",201-1000,175000.0,50,2026-06-16
JOB01187,Computer Vision Engineer,Mid,3.0,Bluewave Tech,Manufacturing,Singapore,No,Contract,"Spark, SQL, Power BI, Machine Learning, Excel",51-200,132000.0,6,2026-02-23
JOB01188,Lead Data Engineer,Senior,6.0,Silverline AI,Gaming,"Austin, USA",No,Full-time,"Generative AI, Computer Vision, NLP, Azure, Deep Learning",1001-5000,209500.0,38,2026-03-31
JOB01189,Senior Data Scientist,Senior,6.0,Ironpeak Tech,Manufacturing,Remote,Yes,Full-time,"Kubernetes, Azure, MLOps, Machine Learning, NLP",5000+,173500.0,44,2025-12-12
JOB01190,Data Analyst,Entry,0.0,Northstar Labs,Telecommunications,"San Francisco, USA",No,Full-time,"Tableau, SQL, Statistics, Excel, A/B Testing",1-50,86000.0,57,2025-10-22
JOB01191,NLP Engineer,Mid,3.0,Quantum Insight,Telecommunications,"Bengaluru, India",No,Full-time,"Machine Learning, Deep Learning, PyTorch, AWS, Excel",1-50,46500.0,36,2026-07-06
JOB01192,Computer Vision Engineer,Mid,3.0,Orbital Systems,Technology,Remote,Yes,Full-time,"TensorFlow, Power BI, Spark, Deep Learning",51-200,95000.0,48,2026-04-10
JOB01193,Analytics Engineer,Mid,3.0,Novacore AI,Telecommunications,Singapore,No,Full-time,"Python, Power BI, SQL",1-50,129500.0,37,2025-12-13
JOB01194,Machine Learning Engineer,Mid,3.0,Fusion Analytics,Gaming,"Bengaluru, India",Yes,Part-time,"AWS, Power BI, Deep Learning, Python",51-200,44500.0,29,2026-05-04
JOB01195,Junior Data Scientist,Entry,0.0,Horizon Cloud,Healthcare,Remote,Yes,Full-time,"Python, Excel, Tableau, SQL",51-200,74500.0,53,2025-11-27
JOB01196,ML Engineer I,Entry,0.0,Pulse Robotics,Automotive,"Bengaluru, India",No,Full-time,"Tableau, Python, Excel, Data Visualization, Docker",1-50,37500.0,26,2026-06-15
JOB01197,ML Engineer I,Entry,0.0,Nexora AI,Telecommunications,"San Francisco, USA",Yes,Full-time,"Data Visualization, Statistics, Excel",51-200,116000.0,10,2025-11-01
JOB01198,Staff AI Engineer,Senior,6.0,Novacore AI,Finance,"Austin, USA",No,Part-time,"Machine Learning, Generative AI, AWS, Deep Learning",201-1000,190500.0,79,2026-03-26
JOB01199,Machine Learning Engineer,Mid,3.0,Meridian Software,Automotive,"Sydney, Australia",No,Full-time,"Deep Learning, Python, AWS, NLP",1-50,136000.0,144,2025-12-27
JOB01200,Head of Analytics,Manager,10.0,Bluewave Tech,Manufacturing,"Bengaluru, India",Yes,Full-time,"AWS, MLOps, LLMs, A/B Testing, Docker",201-1000,88500.0,15,2026-04-19
JOB01201,AI Research Assistant,Entry,0.0,Horizon Cloud,E-commerce,"London, UK",No,Part-time,"Python, Data Visualization, Excel, SQL",1001-5000,67000.0,9,2026-05-31
JOB01202,ML Engineer I,Entry,0.0,Zenith Data Group,Consulting,Remote,Yes,Contract,"Tableau, Statistics, Excel, Data Visualization, Computer Vision",201-1000,55000.0,126,2025-10-20
JOB01203,Data Scientist,Mid,3.0,Pulse Robotics,Automotive,"Sydney, Australia",No,Full-time,"SQL, Python, NLP, Machine Learning, AWS",201-1000,121500.0,77,2025-10-03
JOB01204,NLP Engineer,Mid,3.0,Bluewave Tech,Education,"Berlin, Germany",Yes,Full-time,"Spark, Python, Machine Learning",201-1000,94500.0,41,2026-04-17
JOB01205,Lead Data Engineer,Senior,6.0,Orbital Systems,Finance,Singapore,Yes,Full-time,"Machine Learning, LLMs, GCP, Deep Learning, MLOps",51-200,191500.0,105,2025-10-07
JOB01206,ML Engineer I,Entry,0.0,Clearline Systems,Education,"Austin, USA",No,Full-time,"SQL, Data Visualization, Excel, Python",1001-5000,85000.0,23,2025-10-20
JOB01207,Head of AI,Manager,10.0,Atlas Intelligence,Manufacturing,"Austin, USA",No,Full-time,"MLOps, AWS, GCP, A/B Testing, LLMs",201-1000,262000.0,94,2025-11-08
JOB01208,Data Engineer,Mid,3.0,Quantum Insight,Technology,"Toronto, Canada",No,Part-time,"PyTorch, TensorFlow, Power BI, Machine Learning, NLP",1001-5000,103000.0,114,2025-12-06
JOB01209,Head of Analytics,Manager,10.0,DataForge,Finance,"New York, USA",No,Full-time,"Generative AI, A/B Testing, AWS, MLOps",1001-5000,279000.0,98,2026-05-04
JOB01210,Data Engineer I,Entry,0.0,Fusion Analytics,Gaming,"New York, USA",No,Full-time,"Statistics, SQL, Excel, Python, Tableau",1001-5000,75500.0,14,2025-08-12
JOB01211,Senior ML Engineer,Senior,6.0,Fusion Analytics,Technology,"Austin, USA",Yes,Full-time,"AWS, NLP, Machine Learning, Azure, LLMs",1-50,171000.0,17,2025-10-10
JOB01212,Junior Data Scientist,Entry,0.0,Zenith Data Group,Gaming,"Sydney, Australia",Yes,Full-time,"Tableau, Excel, SQL, Data Visualization, Computer Vision",51-200,66500.0,51,2025-11-27
JOB01213,Data Engineer,Mid,3.0,Zenith Data Group,Healthcare,"London, UK",No,Full-time,"NLP, AWS, SQL, Power BI",1001-5000,97500.0,38,2026-03-31
JOB01214,AI Research Scientist,Senior,6.0,Silverline AI,Gaming,Remote,Yes,Part-time,"Computer Vision, Machine Learning, NLP",51-200,198000.0,100,2026-04-26
JOB01215,Senior ML Engineer,Senior,6.0,Silverline AI,Consulting,"New York, USA",No,Full-time,"Generative AI, Kubernetes, Azure, Deep Learning, GCP",201-1000,221500.0,7,2026-04-27
JOB01216,ML Engineer I,Entry,0.0,Clearline Systems,Manufacturing,"New York, USA",Yes,Full-time,"Statistics, Data Visualization, Excel, Tableau, SQL",1-50,64500.0,8,2026-02-27
JOB01217,BI Analyst,Entry,0.0,DataForge,Gaming,Remote,Yes,Full-time,"Excel, Python, Statistics",5000+,64000.0,43,2026-03-27
JOB01218,Senior Data Scientist,Senior,6.0,Quantum Insight,Healthcare,"San Francisco, USA",Yes,Part-time,"NLP, AWS, GCP",1-50,252500.0,59,2025-09-16
JOB01220,ML Engineer I,Entry,0.0,Orbital Systems,E-commerce,Singapore,No,Full-time,"Statistics, Data Visualization, Tableau, SQL",51-200,73500.0,65,2025-09-20
JOB01221,Machine Learning Engineer,Mid,3.0,Nexora AI,Healthcare,"Austin, USA",No,Full-time,"Deep Learning, Power BI, Python, Spark",1001-5000,99000.0,58,2026-07-15
JOB01223,AI Engineer,Mid,3.0,Bluewave Tech,Consulting,"San Francisco, USA",No,Contract,"Power BI, Deep Learning, PyTorch, TensorFlow",5000+,158500.0,32,2025-08-19
JOB01224,Machine Learning Engineer,Mid,3.0,Silverline AI,Technology,"Dublin, Ireland",Yes,Full-time,"Python, TensorFlow, NLP",51-200,100000.0,11,2026-04-12
JOB01225,Principal Data Scientist,Senior,6.0,DataForge,Automotive,"Dublin, Ireland",No,Full-time,"NLP, MLOps, Computer Vision",1001-5000,139000.0,13,2026-03-01
JOB01226,Machine Learning Engineer,Mid,3.0,Silverline AI,Gaming,"Bengaluru, India",Yes,Full-time,"NLP, TensorFlow, PyTorch",1-50,63000.0,143,2025-09-25
JOB01228,Analytics Engineer,Mid,3.0,Meridian Software,Telecommunications,Singapore,No,Full-time,"Machine Learning, Power BI, TensorFlow",1-50,128500.0,34,2026-06-08
JOB01229,AI Research Assistant,Entry,0.0,Bright Path AI,Technology,"San Francisco, USA",Yes,Full-time,"SQL, Tableau, Python, A/B Testing",51-200,83500.0,173,2026-02-25
JOB01230,AI Research Assistant,Entry,0.0,Ironpeak Tech,Gaming,"Austin, USA",No,Contract,"Python, Statistics, Data Visualization, SQL",201-1000,87000.0,73,2026-01-24
JOB01231,ML Engineer I,Entry,0.0,Fusion Analytics,Gaming,Remote,Yes,Full-time,"Data Visualization, Tableau, Statistics",201-1000,66500.0,45,2025-12-29
JOB01232,Lead Data Engineer,Senior,6.0,Pulse Robotics,Telecommunications,"Austin, USA",No,Full-time,"MLOps, Computer Vision, GCP, NLP, Spark",51-200,194500.0,18,2026-01-13
JOB01233,ML Engineer I,Entry,0.0,Fusion Analytics,Automotive,"Berlin, Germany",No,Part-time,"Data Visualization, SQL, Statistics, Python, Excel, Airflow",1001-5000,51500.0,119,2026-01-19
JOB01234,AI Research Assistant,Entry,0.0,Atlas Intelligence,Automotive,Singapore,No,Full-time,"Python, Statistics, Tableau, Data Visualization, AWS",1001-5000,73500.0,16,2025-07-30
JOB01235,Data Engineer,Mid,3.0,Novacore AI,Automotive,"San Francisco, USA",No,Full-time,"NLP, Deep Learning, Power BI, Spark, Machine Learning",5000+,146000.0,148,2025-09-01
JOB01236,Computer Vision Engineer,Mid,3.0,Zenith Data Group,Gaming,"New York, USA",No,Full-time,"AWS, SQL, Deep Learning, Python, NLP, GCP",201-1000,121000.0,29,2026-05-14
JOB01237,Data Engineer,Mid,3.0,Orbital Systems,Technology,"Dublin, Ireland",Yes,Full-time,"AWS, TensorFlow, SQL",1-50,115500.0,29,2026-06-07
JOB01238,Senior Data Scientist,Senior,6.0,Atlas Intelligence,Gaming,"London, UK",No,Full-time,"AWS, Deep Learning, LLMs, GCP",51-200,162500.0,19,2026-06-30
JOB01239,Data Engineer I,Entry,0.0,Novacore AI,Gaming,Remote,Yes,Full-time,"Excel, SQL, Tableau",5000+,74500.0,27,2026-01-03
JOB01241,ML Engineer I,Entry,0.0,Clearline Systems,Education,"Toronto, Canada",No,Full-time,"Python, Data Visualization, SQL, Tableau, Excel",1-50,76000.0,13,2025-10-01
JOB01242,Senior ML Engineer,Senior,6.0,Silverline AI,Education,"Berlin, Germany",No,Full-time,"GCP, AWS, Azure, Deep Learning, NLP, LLMs",51-200,161500.0,41,2026-01-15
JOB01243,Data Engineer I,Entry,0.0,Bright Path AI,Gaming,Remote,Yes,Full-time,"SQL, Excel, Data Visualization, Python, LLMs",5000+,83500.0,85,2025-12-03
JOB01245,ML Engineer I,Entry,0.0,Orbital Systems,Technology,"San Francisco, USA",Yes,Full-time,"Statistics, Data Visualization, Tableau",201-1000,89000.0,43,2026-02-21
JOB01246,Principal Data Scientist,Senior,6.0,Clearline Systems,Automotive,"New York, USA",No,Contract,"AWS, Azure, Machine Learning, NLP, MLOps",1001-5000,221500.0,45,2025-10-22
JOB01247,Junior Data Scientist,Entry,0.0,Northstar Labs,E-commerce,"Bengaluru, India",Yes,Full-time,"Excel, Tableau, Data Visualization, Statistics, Python",1-50,28500.0,87,2026-06-19
JOB01248,Data Science Manager,Manager,10.0,Silverline AI,Manufacturing,Singapore,No,Full-time,"GCP, Generative AI, A/B Testing, AWS, MLOps",1001-5000,199500.0,50,2025-12-03
JOB01249,BI Analyst,Entry,0.0,Meridian Software,Technology,"New York, USA",No,Full-time,"Statistics, Python, SQL, Tableau",51-200,69000.0,44,2026-01-01
JOB01250,Lead Data Engineer,Senior,6.0,Bluewave Tech,Consulting,"New York, USA",Yes,Full-time,"Machine Learning, AWS, Deep Learning, NLP, Kubernetes",201-1000,225500.0,28,2026-02-28
JOB01251,Data Engineer I,Entry,0.0,Ironpeak Tech,E-commerce,"Sydney, Australia",Yes,Full-time,"SQL, Python, Statistics, R",5000+,87500.0,25,2026-03-31
JOB01252,Computer Vision Engineer,Mid,3.0,Skyline Data Co,Manufacturing,Remote,Yes,Full-time,"Machine Learning, AWS, PyTorch, Deep Learning, Python",51-200,132000.0,46,2026-05-10
JOB01253,Data Engineer I,Entry,0.0,Corelytics,Manufacturing,"Berlin, Germany",Yes,Full-time,"SQL, Excel, Statistics, Tableau, Azure",1001-5000,47000.0,17,2026-04-30
JOB01254,AI Research Scientist,Senior,6.0,Ironpeak Tech,Education,"Dublin, Ireland",No,Full-time,"Machine Learning, Generative AI, GCP, Deep Learning, AWS, PyTorch",1001-5000,134000.0,24,2026-02-06
JOB01255,Lead Data Engineer,Senior,6.0,Orbital Systems,E-commerce,Remote,Yes,Full-time,"Azure, AWS, GCP, Statistics",201-1000,195000.0,15,2026-04-21
JOB01256,Junior Data Scientist,Entry,0.0,Clearline Systems,E-commerce,"Berlin, Germany",No,Full-time,"Statistics, Excel, SQL, Data Visualization",51-200,75000.0,11,2026-06-27
JOB01259,BI Analyst,Entry,0.0,Bluewave Tech,Technology,"New York, USA",Yes,Full-time,"Data Visualization, Python, Excel, SQL, LLMs",201-1000,75500.0,39,2026-04-11
JOB01260,Staff AI Engineer,Senior,6.0,Quantum Insight,Technology,"London, UK",No,Full-time,"MLOps, Deep Learning, Generative AI, Machine Learning",201-1000,194500.0,21,2026-02-15
JOB01262,Data Analyst,Entry,0.0,Ironpeak Tech,Education,"London, UK",No,Full-time,"Statistics, Data Visualization, Python, SQL",51-200,81500.0,54,2026-03-08
JOB01263,AI Research Assistant,Entry,0.0,Nexora AI,Consulting,"Dublin, Ireland",No,Full-time,"Data Visualization, Excel, Statistics",5000+,80000.0,115,2026-01-23
JOB01264,Machine Learning Engineer,Mid,3.0,Bluewave Tech,Manufacturing,Remote,Yes,Full-time,"TensorFlow, AWS, NLP, Machine Learning, Deep Learning",51-200,121500.0,15,2026-01-15
JOB01265,AI Engineer,Mid,3.0,Northstar Labs,Healthcare,"Dublin, Ireland",No,Full-time,"Machine Learning, TensorFlow, Deep Learning, PyTorch, Computer Vision",5000+,115000.0,57,2026-02-28
JOB01266,Computer Vision Engineer,Mid,3.0,Fusion Analytics,Gaming,"Austin, USA",Yes,Full-time,"AWS, SQL, Spark, Power BI",1-50,142500.0,48,2025-11-09
JOB01267,AI Engineer,Mid,3.0,Corelytics,Manufacturing,"London, UK",Yes,Full-time,"Machine Learning, TensorFlow, Python, Power BI",1001-5000,128000.0,47,2026-06-10
JOB01268,NLP Engineer,Mid,3.0,Fusion Analytics,Telecommunications,"Toronto, Canada",Yes,Full-time,"Power BI, Machine Learning, SQL, TensorFlow, Spark, Docker",51-200,124000.0,41,2025-11-04
JOB01269,Junior Data Scientist,Entry,0.0,Nexora AI,Healthcare,"Austin, USA",No,Full-time,"Statistics, SQL, Excel, Docker",5000+,81000.0,69,2025-11-21
JOB01270,Lead Data Engineer,Senior,6.0,Novacore AI,Consulting,"San Francisco, USA",No,Contract,"NLP, Azure, Kubernetes, AWS, Deep Learning",201-1000,231000.0,81,2026-01-01
JOB01271,AI Research Scientist,Senior,6.0,DataForge,Automotive,"San Francisco, USA",Yes,Full-time,"Azure, Kubernetes, NLP",1001-5000,222000.0,100,2026-02-24
JOB01272,Data Analyst,Entry,0.0,Northstar Labs,Telecommunications,"London, UK",Yes,Full-time,"SQL, Tableau, Data Visualization",5000+,71000.0,99,2026-02-23
JOB01273,AI Research Scientist,Senior,6.0,Atlas Intelligence,Education,"Toronto, Canada",No,Full-time,"LLMs, NLP, Generative AI",5000+,142500.0,75,2026-05-25
JOB01274,Data Analyst,Entry,0.0,Northstar Labs,E-commerce,"Austin, USA",No,Full-time,"Statistics, Excel, Python",1-50,92000.0,42,2026-05-18
JOB01276,ML Engineer I,Entry,0.0,Novacore AI,Finance,"San Francisco, USA",No,Full-time,"Statistics, Excel, Tableau",201-1000,115500.0,38,2026-05-04
JOB01277,Data Engineer,Mid,3.0,Orbital Systems,Education,"San Francisco, USA",Yes,Full-time,"PyTorch, Deep Learning, SQL, TensorFlow, R",1-50,128500.0,46,2025-07-17
JOB01278,Lead Data Engineer,Senior,6.0,Meridian Software,Automotive,"London, UK",Yes,Full-time,"AWS, MLOps, Deep Learning, Kubernetes",201-1000,189000.0,64,2026-03-20
JOB01279,Machine Learning Engineer,Mid,3.0,Horizon Cloud,Gaming,Remote,Yes,Full-time,"TensorFlow, NLP, AWS, Deep Learning, SQL",1001-5000,115000.0,9,2025-11-29
JOB01280,Data Scientist,Mid,3.0,Vertex Analytics,Finance,"London, UK",No,Contract,"AWS, Spark, Power BI",1-50,116500.0,68,2025-07-11
JOB01281,VP of Machine Learning,Manager,10.0,Skyline Data Co,Gaming,"Sydney, Australia",No,Full-time,"LLMs, A/B Testing, GCP, Statistics, R",51-200,200000.0,30,2025-12-25
JOB01282,Director of Data Science,Manager,10.0,Atlas Intelligence,Education,"Austin, USA",No,Full-time,"MLOps, LLMs, Statistics, GCP, AWS",5000+,284000.0,29,2025-11-21
JOB01283,Head of Analytics,Manager,10.0,Nexora AI,E-commerce,"Sydney, Australia",No,Full-time,"Generative AI, AWS, MLOps, GCP, LLMs, R",51-200,301000.0,43,2026-07-03
JOB01284,Data Analyst,Entry,0.0,Vertex Analytics,Education,"Berlin, Germany",Yes,Full-time,"Data Visualization, Statistics, Tableau, SQL",1-50,57500.0,13,2025-09-26
JOB01285,Analytics Engineer,Mid,3.0,Pulse Robotics,Automotive,"Berlin, Germany",No,Full-time,"Python, Deep Learning, AWS",201-1000,84500.0,108,2025-08-02
JOB01286,AI Research Assistant,Entry,0.0,Nexora AI,E-commerce,Singapore,No,Full-time,"Tableau, Python, Data Visualization, MLOps",5000+,87500.0,22,2026-01-26
JOB01287,AI Research Scientist,Senior,6.0,Meridian Software,Consulting,"London, UK",No,Contract,"Computer Vision, GCP, NLP, Azure",201-1000,169000.0,90,2025-12-30
JOB01288,Data Engineer,Mid,3.0,Ironpeak Tech,Education,"Toronto, Canada",Yes,Full-time,"Deep Learning, Python, Power BI",1001-5000,90000.0,40,2025-08-05
JOB01289,Senior Data Scientist,Senior,6.0,Zenith Data Group,E-commerce,"Toronto, Canada",Yes,Contract,"NLP, Deep Learning, Computer Vision, Kubernetes, GCP",5000+,177000.0,41,2026-01-03
JOB01290,Analytics Engineer,Mid,3.0,Pulse Robotics,Telecommunications,Remote,Yes,Full-time,"Spark, NLP, Power BI, TensorFlow",1001-5000,116500.0,36,2025-09-08
JOB01291,AI Research Assistant,Entry,0.0,Ironpeak Tech,Manufacturing,"London, UK",No,Full-time,"Excel, Data Visualization, Statistics",1001-5000,87000.0,46,2025-10-23
JOB01292,Computer Vision Engineer,Mid,3.0,Ironpeak Tech,Manufacturing,"Bengaluru, India",Yes,Full-time,"TensorFlow, NLP, SQL, Spark",51-200,48000.0,132,2025-12-17
JOB01293,Lead Data Engineer,Senior,6.0,Northstar Labs,Automotive,"Dublin, Ireland",Yes,Full-time,"Machine Learning, Generative AI, Deep Learning, AWS, Computer Vision",5000+,165500.0,13,2025-09-23
JOB01294,Data Engineer I,Entry,0.0,Quantum Insight,Gaming,"New York, USA",Yes,Contract,"Excel, Python, Data Visualization, Statistics, Tableau, Docker",1-50,63500.0,38,2026-04-02
JOB01295,Computer Vision Engineer,Mid,3.0,Horizon Cloud,Telecommunications,Singapore,No,Contract,"SQL, AWS, NLP, Machine Learning",51-200,132000.0,89,2026-06-21
JOB01296,Principal Data Scientist,Senior,6.0,Nexora AI,Gaming,"Berlin, Germany",Yes,Full-time,"MLOps, LLMs, AWS, Generative AI, Deep Learning",1001-5000,159000.0,80,2026-05-17
JOB01297,NLP Engineer,Mid,3.0,Northstar Labs,Technology,"London, UK",No,Full-time,"AWS, Power BI, NLP, Spark, Machine Learning",1001-5000,143500.0,45,2025-10-16
JOB01298,AI Research Scientist,Senior,6.0,Zenith Data Group,E-commerce,"London, UK",No,Full-time,"Machine Learning, Deep Learning, LLMs",51-200,161000.0,12,2026-01-26
JOB01299,Lead Data Engineer,Senior,6.0,Zenith Data Group,Automotive,"Berlin, Germany",No,Full-time,"AWS, GCP, Deep Learning, Machine Learning, MLOps, Python",1001-5000,135500.0,38,2026-02-07
JOB01300,Data Analyst,Entry,0.0,Nexora AI,Gaming,"New York, USA",No,Full-time,"Statistics, Tableau, SQL, Data Visualization, Excel",1-50,85000.0,163,2025-11-18
JOB01301,NLP Engineer,Mid,3.0,Silverline AI,Healthcare,Remote,Yes,Contract,"Machine Learning, NLP, Power BI, Data Visualization",1-50,100000.0,42,2025-11-14
JOB01302,ML Engineer I,Entry,0.0,Skyline Data Co,Healthcare,"Austin, USA",Yes,Full-time,"Excel, Data Visualization, Statistics, SQL, Python",5000+,87500.0,12,2026-04-05
JOB01303,Director of Data Science,Manager,10.0,Atlas Intelligence,E-commerce,"New York, USA",No,Contract,"LLMs, AWS, Generative AI, GCP",201-1000,345500.0,61,2026-07-08
JOB01304,Data Analyst,Entry,0.0,Clearline Systems,Automotive,"Bengaluru, India",No,Full-time,"Python, Data Visualization, Tableau, Excel",1001-5000,27000.0,148,2026-06-01
JOB01305,Data Analyst,Entry,0.0,Orbital Systems,Consulting,"San Francisco, USA",Yes,Full-time,"Statistics, Excel, SQL, Docker",51-200,78000.0,15,2025-11-19
JOB01306,NLP Engineer,Mid,3.0,Vertex Analytics,Telecommunications,"Toronto, Canada",Yes,Contract,"Python, SQL, Power BI",1-50,96000.0,35,2025-10-25
JOB01307,Data Engineer I,Entry,0.0,DataForge,Education,"Bengaluru, India",No,Full-time,"SQL, Data Visualization, Statistics, Python, Tableau",1-50,37000.0,9,2025-12-02
JOB01308,Junior Data Scientist,Entry,0.0,Skyline Data Co,Automotive,"London, UK",No,Full-time,"Tableau, Data Visualization, Python, Excel",51-200,75000.0,32,2025-10-06
JOB01309,Data Engineer,Mid,3.0,Fusion Analytics,Manufacturing,"New York, USA",No,Full-time,"Deep Learning, SQL, PyTorch, Power BI",5000+,140000.0,65,2025-12-19
JOB01311,Principal Data Scientist,Senior,6.0,Meridian Software,Finance,"Dublin, Ireland",Yes,Full-time,"NLP, MLOps, GCP, Deep Learning",201-1000,136000.0,60,2025-11-27
JOB01312,Analytics Engineer,Mid,3.0,Clearline Systems,Technology,"Berlin, Germany",No,Full-time,"Power BI, AWS, Machine Learning, MLOps",51-200,87000.0,94,2025-09-12
JOB01313,AI Engineer,Mid,3.0,Novacore AI,E-commerce,"San Francisco, USA",No,Full-time,"Deep Learning, Python, NLP, TensorFlow, Spark, Statistics",51-200,153500.0,16,2025-10-05
JOB01314,Data Science Manager,Manager,10.0,Bluewave Tech,Technology,"Sydney, Australia",Yes,Full-time,"A/B Testing, Generative AI, AWS",1-50,268000.0,42,2026-06-25
JOB01315,Data Analyst,Entry,0.0,Vertex Analytics,Education,"London, UK",No,Full-time,"Python, Tableau, SQL, Data Visualization, Deep Learning",51-200,76500.0,67,2026-05-02
JOB01316,Data Engineer,Mid,3.0,Novacore AI,Education,"New York, USA",No,Full-time,"AWS, Spark, Deep Learning, NLP",1-50,128000.0,39,2025-10-13
JOB01317,Head of Analytics,Manager,10.0,DataForge,Healthcare,"New York, USA",Yes,Full-time,"A/B Testing, Generative AI, LLMs, MLOps",51-200,367000.0,32,2025-09-05
JOB01318,NLP Engineer,Mid,3.0,Nexora AI,Finance,"Berlin, Germany",No,Part-time,"Power BI, AWS, Spark",1-50,113000.0,82,2025-09-25
JOB01319,Senior Data Scientist,Senior,6.0,Fusion Analytics,Automotive,Remote,Yes,Full-time,"Computer Vision, GCP, NLP, Kubernetes",201-1000,153000.0,36,2025-07-03
JOB01320,Lead Data Engineer,Senior,6.0,Pulse Robotics,Education,Singapore,Yes,Full-time,"Azure, Computer Vision, MLOps, GCP, Generative AI",51-200,200500.0,47,2025-11-18
JOB01321,Staff AI Engineer,Senior,6.0,Bright Path AI,Technology,"Berlin, Germany",Yes,Full-time,"Computer Vision, GCP, MLOps, Machine Learning, AWS, Data Visualization",1001-5000,147000.0,22,2025-10-04
JOB01322,ML Engineer I,Entry,0.0,Northstar Labs,Telecommunications,"New York, USA",Yes,Full-time,"Statistics, Tableau, Excel, SQL, Python",1001-5000,63500.0,36,2026-03-16
JOB01323,Data Science Manager,Manager,10.0,Vertex Analytics,Healthcare,Remote,Yes,Full-time,"Statistics, LLMs, MLOps, Generative AI, GCP",1001-5000,288000.0,85,2025-09-03
JOB01324,Junior Data Scientist,Entry,0.0,Fusion Analytics,Manufacturing,"Berlin, Germany",No,Full-time,"Excel, Data Visualization, Tableau, Statistics",1-50,61500.0,55,2025-07-31
JOB01325,Data Engineer,Mid,3.0,Corelytics,Finance,"London, UK",Yes,Full-time,"AWS, Deep Learning, Spark, SQL, Python",51-200,114500.0,57,2026-04-05
JOB01326,Principal Data Scientist,Senior,6.0,Vertex Analytics,Finance,"Dublin, Ireland",No,Full-time,"Generative AI, Kubernetes, NLP",51-200,137500.0,3,2025-09-16
JOB01327,Data Engineer,Mid,3.0,Corelytics,Technology,"Sydney, Australia",No,Full-time,"Machine Learning, SQL, Python, Power BI, Statistics",201-1000,129500.0,67,2026-01-23
JOB01328,Head of AI,Manager,10.0,Silverline AI,Manufacturing,"Toronto, Canada",No,Full-time,"A/B Testing, Statistics, GCP, Kubernetes",5000+,205000.0,106,2026-07-08
JOB01329,Data Analyst,Entry,0.0,Novacore AI,Telecommunications,"Sydney, Australia",No,Contract,"Excel, Tableau, SQL",5000+,60500.0,34,2026-03-06
JOB01330,ML Engineer I,Entry,0.0,Vertex Analytics,Education,Remote,Yes,Full-time,"Tableau, Data Visualization, Python, SQL",201-1000,77000.0,31,2025-09-23
JOB01331,Data Analyst,Entry,0.0,Horizon Cloud,Technology,"Toronto, Canada",Yes,Full-time,"Excel, Data Visualization, Tableau, SQL",51-200,75000.0,53,2026-06-26
JOB01332,Lead Data Engineer,Senior,6.0,Skyline Data Co,Technology,"Dublin, Ireland",No,Full-time,"Kubernetes, Generative AI, Azure",1-50,136000.0,57,2025-10-09
JOB01333,AI Engineer,Mid,3.0,Ironpeak Tech,Finance,"Bengaluru, India",Yes,Full-time,"PyTorch, Machine Learning, Python, SQL, Deep Learning, Airflow",51-200,45000.0,51,2025-08-12
JOB01334,Computer Vision Engineer,Mid,3.0,Bluewave Tech,Automotive,"San Francisco, USA",Yes,Full-time,"Spark, Machine Learning, Python",51-200,131500.0,134,2026-02-11
JOB01335,Data Engineer,Mid,3.0,Bright Path AI,Technology,"Berlin, Germany",No,Part-time,"TensorFlow, NLP, Machine Learning, SQL",1001-5000,89000.0,39,2025-07-16
JOB01336,ML Engineer I,Entry,0.0,Quantum Insight,Education,"Berlin, Germany",No,Full-time,"SQL, Data Visualization, Tableau, Statistics, Excel",51-200,70000.0,41,2025-07-13
JOB01337,Senior Data Scientist,Senior,6.0,DataForge,Education,"San Francisco, USA",No,Full-time,"Kubernetes, Azure, NLP",201-1000,251500.0,8,2026-04-21
JOB01338,Analytics Engineer,Mid,3.0,Silverline AI,Telecommunications,"Toronto, Canada",Yes,Full-time,"SQL, AWS, NLP, Spark",5000+,104500.0,36,2026-04-04
JOB01339,Data Engineer I,Entry,0.0,Novacore AI,Automotive,"Berlin, Germany",Yes,Full-time,"SQL, Statistics, Python, Tableau, Excel",5000+,58000.0,59,2025-08-27
JOB01340,VP of Machine Learning,Manager,10.0,Atlas Intelligence,Education,Remote,Yes,Full-time,"Generative AI, Statistics, GCP, LLMs, Machine Learning",5000+,192000.0,78,2026-05-05
JOB01341,Data Scientist,Mid,3.0,Quantum Insight,Gaming,"Bengaluru, India",No,Full-time,"TensorFlow, Python, Spark",1001-5000,63000.0,139,2025-12-12
JOB01342,BI Analyst,Entry,0.0,Orbital Systems,Manufacturing,"Sydney, Australia",No,Full-time,"SQL, Tableau, Python",1001-5000,89500.0,89,2025-07-02
JOB01343,Analytics Engineer,Mid,3.0,Fusion Analytics,Technology,"Berlin, Germany",No,Full-time,"Power BI, Spark, NLP, AWS, TensorFlow",5000+,84000.0,13,2026-06-10
JOB01344,Machine Learning Engineer,Mid,3.0,Skyline Data Co,Finance,"Bengaluru, India",Yes,Full-time,"SQL, Power BI, Spark",51-200,62500.0,59,2025-11-07
JOB01345,AI Research Assistant,Entry,0.0,Zenith Data Group,Consulting,"Toronto, Canada",No,Full-time,"SQL, Statistics, Python, Data Visualization, Excel",1001-5000,79000.0,18,2026-03-16
JOB01346,Analytics Engineer,Mid,3.0,Corelytics,E-commerce,Singapore,Yes,Full-time,"Power BI, AWS, Deep Learning, TensorFlow",1001-5000,120500.0,138,2025-12-29
JOB01347,Analytics Engineer,Mid,3.0,Silverline AI,Consulting,"Austin, USA",Yes,Full-time,"Spark, Power BI, PyTorch, Machine Learning, TensorFlow",1001-5000,103500.0,105,2025-08-24
JOB01348,Principal Data Scientist,Senior,6.0,Novacore AI,E-commerce,Singapore,No,Full-time,"Generative AI, GCP, NLP, MLOps",5000+,179000.0,37,2026-04-26
JOB01349,Senior Data Scientist,Senior,6.0,Meridian Software,Gaming,"Bengaluru, India",Yes,Full-time,"Deep Learning, Generative AI, Kubernetes, Airflow",51-200,67500.0,120,2026-07-02
JOB01350,Analytics Engineer,Mid,3.0,Horizon Cloud,Technology,"San Francisco, USA",Yes,Full-time,"PyTorch, Machine Learning, Deep Learning",51-200,126500.0,64,2025-07-15
JOB01351,Junior Data Scientist,Entry,0.0,Bluewave Tech,Gaming,"London, UK",No,Full-time,"SQL, Tableau, Statistics, Azure",51-200,90500.0,20,2025-12-08
JOB01352,Data Science Manager,Manager,10.0,Meridian Software,Gaming,Singapore,No,Full-time,"Statistics, Generative AI, MLOps, AWS, Docker",201-1000,261000.0,74,2026-05-07
JOB01353,ML Engineer I,Entry,0.0,Bright Path AI,E-commerce,"Berlin, Germany",No,Part-time,"SQL, Excel, Statistics, Data Visualization",201-1000,66000.0,21,2026-01-21
JOB01354,Data Scientist,Mid,3.0,Northstar Labs,Automotive,"Berlin, Germany",Yes,Full-time,"Spark, PyTorch, Machine Learning, GCP",201-1000,105500.0,36,2025-10-23
JOB01355,Data Analyst,Entry,0.0,Zenith Data Group,Telecommunications,"San Francisco, USA",No,Full-time,"SQL, Python, Tableau, Data Visualization",51-200,75500.0,35,2025-12-22
JOB01356,Senior ML Engineer,Senior,6.0,Corelytics,Consulting,"London, UK",No,Full-time,"Machine Learning, LLMs, Azure",1-50,179500.0,26,2025-11-29
JOB01357,Computer Vision Engineer,Mid,3.0,Atlas Intelligence,Gaming,"Austin, USA",Yes,Full-time,"Python, TensorFlow, PyTorch",201-1000,100000.0,15,2025-11-18
JOB01358,NLP Engineer,Mid,3.0,Bright Path AI,Consulting,"Berlin, Germany",Yes,Full-time,"Deep Learning, SQL, TensorFlow, Power BI, AWS, Azure",5000+,93500.0,63,2025-08-15
JOB01359,Analytics Engineer,Mid,3.0,Zenith Data Group,Technology,"San Francisco, USA",No,Full-time,"Deep Learning, NLP, Power BI, Python, AWS, MLOps",5000+,155000.0,22,2025-08-11
JOB01360,Machine Learning Engineer,Mid,3.0,Clearline Systems,Finance,"London, UK",No,Full-time,"TensorFlow, NLP, SQL, Spark",5000+,138500.0,58,2025-09-30
JOB01361,Data Engineer I,Entry,0.0,Clearline Systems,Healthcare,"New York, USA",No,Full-time,"Tableau, Excel, Statistics, Python, Data Visualization",1-50,80500.0,82,2026-04-01
JOB01362,NLP Engineer,Mid,3.0,Nexora AI,E-commerce,"Dublin, Ireland",No,Full-time,"Machine Learning, NLP, AWS, Deep Learning, Data Visualization",51-200,128000.0,32,2025-11-17
JOB01363,Machine Learning Engineer,Mid,3.0,Skyline Data Co,Education,Remote,Yes,Full-time,"SQL, Machine Learning, AWS, Python, Spark, Power BI",51-200,99500.0,58,2026-03-02
JOB01364,BI Analyst,Entry,0.0,Corelytics,Finance,"Berlin, Germany",No,Full-time,"Statistics, Tableau, Python, TensorFlow",5000+,47000.0,17,2025-09-28
JOB01365,AI Engineer,Mid,3.0,Bluewave Tech,Finance,Remote,Yes,Full-time,"PyTorch, SQL, Deep Learning, NLP",5000+,99000.0,118,2025-10-14
JOB01366,Data Science Manager,Manager,10.0,Novacore AI,Finance,Singapore,No,Full-time,"LLMs, Generative AI, AWS, Statistics",51-200,268000.0,41,2026-04-10
JOB01367,Analytics Engineer,Mid,3.0,Skyline Data Co,Manufacturing,"New York, USA",Yes,Full-time,"PyTorch, SQL, Spark, NLP, AWS, Machine Learning",51-200,122500.0,72,2026-04-24
JOB01368,AI Research Scientist,Senior,6.0,Horizon Cloud,Automotive,"Sydney, Australia",No,Full-time,"Machine Learning, GCP, NLP, Generative AI",1-50,140500.0,44,2025-09-30
JOB01369,Staff AI Engineer,Senior,6.0,Horizon Cloud,Automotive,"London, UK",No,Full-time,"NLP, LLMs, Kubernetes, Computer Vision, Machine Learning",5000+,202000.0,33,2026-03-11
JOB01370,Lead Data Engineer,Senior,6.0,Silverline AI,Telecommunications,"London, UK",Yes,Full-time,"Generative AI, Azure, MLOps, Statistics",1001-5000,185000.0,14,2026-04-11
JOB01371,Lead Data Engineer,Senior,6.0,Bright Path AI,Consulting,"Sydney, Australia",Yes,Full-time,"Deep Learning, LLMs, Azure, Computer Vision",1-50,165500.0,68,2025-07-14
JOB01372,AI Research Assistant,Entry,0.0,Zenith Data Group,Education,"London, UK",No,Contract,"SQL, Python, Tableau, Statistics, Excel",1001-5000,70000.0,37,2025-09-21
JOB01373,ML Engineer I,Entry,0.0,Ironpeak Tech,Finance,"London, UK",Yes,Full-time,"Tableau, Statistics, SQL, PyTorch",1-50,64500.0,41,2026-06-09
JOB01374,BI Analyst,Entry,0.0,Ironpeak Tech,Consulting,"Toronto, Canada",Yes,Full-time,"Tableau, Python, Excel, SQL, Data Visualization",201-1000,58000.0,27,2026-06-21
JOB01375,Lead Data Engineer,Senior,6.0,Quantum Insight,Consulting,"Toronto, Canada",No,Full-time,"NLP, LLMs, Kubernetes",201-1000,170000.0,12,2026-02-11
JOB01376,ML Engineer I,Entry,0.0,Northstar Labs,Finance,"Berlin, Germany",No,Full-time,"Statistics, SQL, Python, Data Visualization, Excel",201-1000,59500.0,121,2025-10-12
JOB01377,Director of Data Science,Manager,10.0,Corelytics,Technology,"Sydney, Australia",No,Full-time,"AWS, A/B Testing, GCP, Statistics, Generative AI, Machine Learning",1001-5000,208000.0,28,2025-11-14
JOB01378,Principal Data Scientist,Senior,6.0,Skyline Data Co,Telecommunications,Remote,Yes,Full-time,"Machine Learning, MLOps, NLP, PyTorch",1-50,191000.0,109,2026-05-13
JOB01379,Head of AI,Manager,10.0,Skyline Data Co,Technology,"New York, USA",No,Full-time,"Statistics, Generative AI, AWS",1001-5000,284000.0,68,2026-04-16
JOB01380,AI Research Scientist,Senior,6.0,Skyline Data Co,Gaming,"Toronto, Canada",No,Full-time,"LLMs, AWS, Computer Vision",201-1000,136500.0,68,2026-05-31
JOB01381,Head of AI,Manager,10.0,Vertex Analytics,Consulting,"San Francisco, USA",No,Contract,"MLOps, Generative AI, Statistics, LLMs",51-200,254000.0,146,2026-04-04
JOB01382,Data Analyst,Entry,0.0,Novacore AI,Education,"Bengaluru, India",No,Full-time,"Python, Statistics, Excel, Tableau",1001-5000,37500.0,42,2025-08-24
JOB01383,AI Research Assistant,Entry,0.0,Nexora AI,Technology,"San Francisco, USA",No,Full-time,"Data Visualization, Python, SQL, Tableau, Excel, Statistics",51-200,85000.0,25,2026-04-18
JOB01384,AI Research Assistant,Entry,0.0,Bluewave Tech,Consulting,"Berlin, Germany",No,Full-time,"Tableau, Data Visualization, SQL, Excel",201-1000,71500.0,51,2025-10-29
JOB01385,Data Analyst,Entry,0.0,Bright Path AI,E-commerce,Singapore,No,Full-time,"Python, Excel, Statistics, SQL, Power BI",1-50,64000.0,15,2025-07-04
JOB01386,ML Engineer I,Entry,0.0,Zenith Data Group,E-commerce,Remote,Yes,Full-time,"Excel, Tableau, Data Visualization, NLP",1001-5000,79000.0,44,2025-11-30
JOB01387,Computer Vision Engineer,Mid,3.0,Atlas Intelligence,Technology,Singapore,No,Part-time,"NLP, TensorFlow, Power BI, Machine Learning, Spark, A/B Testing",1001-5000,117000.0,61,2026-05-13
JOB01388,BI Analyst,Entry,0.0,Novacore AI,Gaming,Remote,Yes,Full-time,"Statistics, Data Visualization, Python, SQL",51-200,83500.0,21,2025-07-20
JOB01389,ML Engineer I,Entry,0.0,Corelytics,Technology,"New York, USA",No,Full-time,"Data Visualization, Python, SQL, Airflow",51-200,72500.0,85,2026-06-27
JOB01391,AI Research Assistant,Entry,0.0,Ironpeak Tech,Finance,"Sydney, Australia",No,Full-time,"Python, Data Visualization, Statistics, Excel, Tableau",1001-5000,61000.0,14,2025-08-29
JOB01392,AI Research Scientist,Senior,6.0,Clearline Systems,Education,"San Francisco, USA",Yes,Full-time,"Generative AI, LLMs, GCP, Azure",201-1000,184500.0,41,2025-10-10
JOB01393,ML Engineer I,Entry,0.0,Vertex Analytics,Automotive,"Berlin, Germany",Yes,Full-time,"Tableau, Python, Statistics",5000+,62500.0,26,2025-11-05
JOB01394,AI Engineer,Mid,3.0,Bright Path AI,E-commerce,"Sydney, Australia",No,Full-time,"Power BI, AWS, TensorFlow, Deep Learning",1001-5000,108500.0,51,2026-06-20
JOB01395,Data Engineer,Mid,3.0,Clearline Systems,Healthcare,"Sydney, Australia",No,Full-time,"Power BI, Deep Learning, NLP, Python",201-1000,92000.0,15,2025-10-20
JOB01396,Junior Data Scientist,Entry,0.0,Bluewave Tech,Healthcare,"Bengaluru, India",No,Full-time,"SQL, Tableau, Statistics",1001-5000,36000.0,30,2026-03-25
JOB01397,Junior Data Scientist,Entry,0.0,Corelytics,Automotive,"New York, USA",No,Full-time,"Tableau, Python, Statistics",1001-5000,98000.0,79,2026-06-11
JOB01398,Analytics Engineer,Mid,3.0,Novacore AI,Telecommunications,"London, UK",No,Full-time,"AWS, Deep Learning, Machine Learning, TensorFlow",5000+,143000.0,31,2026-01-15
JOB01399,VP of Machine Learning,Manager,10.0,Clearline Systems,Healthcare,"San Francisco, USA",Yes,Full-time,"A/B Testing, GCP, LLMs, Statistics, Generative AI, Azure",1001-5000,263000.0,26,2026-07-09
JOB01400,Principal Data Scientist,Senior,6.0,Meridian Software,Technology,"San Francisco, USA",No,Contract,"Generative AI, LLMs, Computer Vision, Azure",1-50,257000.0,35,2026-04-14
JOB01401,Senior Data Scientist,Senior,6.0,Meridian Software,Healthcare,"Toronto, Canada",No,Full-time,"LLMs, Generative AI, Azure, Machine Learning",1001-5000,175000.0,62,2026-03-29
JOB01402,NLP Engineer,Mid,3.0,Nexora AI,Technology,"Sydney, Australia",Yes,Full-time,"AWS, Spark, PyTorch, SQL, Power BI",51-200,105500.0,70,2026-06-28
JOB01403,Data Engineer I,Entry,0.0,Atlas Intelligence,Healthcare,"San Francisco, USA",No,Part-time,"Tableau, Python, Data Visualization, Excel, Statistics",1001-5000,73500.0,113,2026-03-13
JOB01404,Lead Data Engineer,Senior,6.0,Vertex Analytics,Healthcare,"New York, USA",No,Full-time,"Computer Vision, LLMs, Azure",1001-5000,185000.0,137,2025-07-14
JOB01405,Senior Data Scientist,Senior,6.0,Orbital Systems,E-commerce,Singapore,No,Full-time,"Generative AI, Kubernetes, MLOps, Deep Learning",51-200,208500.0,65,2026-04-24
JOB01406,Machine Learning Engineer,Mid,3.0,Ironpeak Tech,Technology,"London, UK",No,Full-time,"NLP, PyTorch, SQL, Machine Learning",201-1000,145000.0,14,2025-07-02
JOB01407,Head of AI,Manager,10.0,Bright Path AI,E-commerce,"Berlin, Germany",No,Full-time,"LLMs, Statistics, A/B Testing",1001-5000,185000.0,130,2026-07-15
JOB01408,AI Research Scientist,Senior,6.0,Pulse Robotics,Telecommunications,"Toronto, Canada",No,Full-time,"Machine Learning, Deep Learning, GCP, AWS",5000+,154500.0,37,2026-02-02
JOB01409,Junior Data Scientist,Entry,0.0,Clearline Systems,Finance,"New York, USA",No,Full-time,"Excel, Statistics, SQL",1001-5000,94000.0,127,2025-10-21
JOB01410,Data Engineer,Mid,3.0,Bright Path AI,Healthcare,Singapore,No,Full-time,"Machine Learning, Spark, NLP, Deep Learning",1001-5000,93000.0,41,2025-08-01
JOB01411,Data Science Manager,Manager,10.0,Northstar Labs,Finance,"Toronto, Canada",Yes,Full-time,"MLOps, A/B Testing, Generative AI, AWS, Airflow",1-50,205500.0,49,2025-12-24
JOB01412,Lead Data Engineer,Senior,6.0,Vertex Analytics,E-commerce,"Toronto, Canada",No,Full-time,"Machine Learning, GCP, Deep Learning",201-1000,130500.0,27,2026-01-26
JOB01413,Principal Data Scientist,Senior,6.0,Nexora AI,Education,"London, UK",Yes,Full-time,"AWS, Kubernetes, Machine Learning",5000+,219500.0,22,2025-07-09
JOB01414,AI Engineer,Mid,3.0,Pulse Robotics,Technology,Remote,Yes,Full-time,"SQL, Power BI, NLP, AWS",51-200,89500.0,3,2026-04-10
JOB01415,Director of Data Science,Manager,10.0,Quantum Insight,Automotive,Remote,Yes,Full-time,"LLMs, GCP, AWS, Statistics",201-1000,299000.0,20,2025-10-20
JOB01416,Lead Data Engineer,Senior,6.0,Clearline Systems,E-commerce,"Bengaluru, India",Yes,Full-time,"Azure, LLMs, Kubernetes, Computer Vision, NLP",201-1000,72500.0,130,2026-02-16
JOB01417,Senior Data Scientist,Senior,6.0,Zenith Data Group,Manufacturing,"Austin, USA",Yes,Full-time,"Generative AI, Deep Learning, MLOps, Kubernetes, R",1001-5000,198500.0,45,2025-09-16
JOB01418,Head of Analytics,Manager,10.0,Ironpeak Tech,Education,"Austin, USA",Yes,Full-time,"AWS, GCP, Generative AI",1-50,248000.0,7,2025-08-16
JOB01419,BI Analyst,Entry,0.0,Clearline Systems,Healthcare,"Dublin, Ireland",No,Full-time,"SQL, Excel, Data Visualization, Python",51-200,52500.0,89,2025-11-21
JOB01420,Staff AI Engineer,Senior,6.0,Bluewave Tech,Manufacturing,"Austin, USA",No,Full-time,"NLP, MLOps, GCP, Kubernetes",1-50,188500.0,13,2025-11-23
JOB01421,VP of Machine Learning,Manager,10.0,Northstar Labs,Consulting,"London, UK",No,Full-time,"GCP, LLMs, Statistics, TensorFlow",5000+,259500.0,55,2026-05-16
JOB01422,NLP Engineer,Mid,3.0,Northstar Labs,Education,"Austin, USA",No,Contract,"Python, NLP, TensorFlow, Power BI",1001-5000,95000.0,125,2025-12-13
JOB01423,Senior Data Scientist,Senior,6.0,Northstar Labs,Education,"Berlin, Germany",No,Full-time,"GCP, Generative AI, MLOps, R",201-1000,164000.0,99,2025-11-24
JOB01424,Machine Learning Engineer,Mid,3.0,Northstar Labs,Healthcare,"Berlin, Germany",No,Full-time,"TensorFlow, Machine Learning, Spark",5000+,103500.0,6,2025-07-03
JOB01425,Data Engineer,Mid,3.0,Horizon Cloud,Telecommunications,"Berlin, Germany",No,Full-time,"Deep Learning, Python, Spark, TensorFlow",51-200,88500.0,65,2025-07-01
JOB01426,Senior ML Engineer,Senior,6.0,Bluewave Tech,Education,"San Francisco, USA",No,Full-time,"AWS, Generative AI, Kubernetes, Computer Vision, NLP",201-1000,234000.0,44,2026-03-25
JOB01427,Data Analyst,Entry,0.0,Pulse Robotics,Telecommunications,"Berlin, Germany",No,Contract,"Statistics, Python, SQL, Tableau, Excel, Computer Vision",5000+,72000.0,70,2025-08-29
JOB01428,Data Analyst,Entry,0.0,Ironpeak Tech,E-commerce,"New York, USA",Yes,Full-time,"SQL, Tableau, Statistics, Python, Data Visualization, Kubernetes",51-200,101000.0,28,2026-07-15
JOB01429,Machine Learning Engineer,Mid,3.0,Ironpeak Tech,Finance,Singapore,No,Full-time,"TensorFlow, Python, Spark, SQL, NLP",5000+,100500.0,40,2025-07-25
JOB01430,Senior ML Engineer,Senior,6.0,Bluewave Tech,E-commerce,"Toronto, Canada",Yes,Full-time,"AWS, Generative AI, Machine Learning",201-1000,167500.0,42,2026-05-19
JOB01432,Computer Vision Engineer,Mid,3.0,Atlas Intelligence,Manufacturing,"San Francisco, USA",No,Full-time,"Spark, NLP, Python, Power BI, Docker",1001-5000,118000.0,76,2026-06-26
JOB01433,Data Engineer,Mid,3.0,Quantum Insight,Automotive,"San Francisco, USA",No,Part-time,"Deep Learning, AWS, Python, Spark, Power BI",1-50,152000.0,48,2025-07-13
JOB01434,Senior Data Scientist,Senior,6.0,DataForge,Manufacturing,"Toronto, Canada",Yes,Full-time,"NLP, GCP, AWS, Machine Learning",1001-5000,163000.0,33,2025-07-29
JOB01435,NLP Engineer,Mid,3.0,Northstar Labs,Consulting,"New York, USA",Yes,Full-time,"SQL, Deep Learning, AWS, TensorFlow, Python",51-200,157000.0,39,2025-09-26
JOB01436,Data Analyst,Entry,0.0,DataForge,Healthcare,"Toronto, Canada",Yes,Contract,"Python, Statistics, Excel, Tableau, Data Visualization",1001-5000,73500.0,72,2026-04-23
JOB01437,AI Engineer,Mid,3.0,Corelytics,Automotive,Singapore,No,Full-time,"NLP, Deep Learning, Python, PyTorch, R",51-200,119500.0,14,2025-08-18
JOB01438,Machine Learning Engineer,Mid,3.0,Clearline Systems,Telecommunications,"Toronto, Canada",No,Full-time,"SQL, Spark, NLP, PyTorch",51-200,125000.0,17,2026-07-05
JOB01439,Data Scientist,Mid,3.0,Zenith Data Group,Education,"San Francisco, USA",No,Part-time,"SQL, Deep Learning, AWS",51-200,143000.0,140,2025-09-01
JOB01440,Data Engineer,Mid,3.0,Ironpeak Tech,Healthcare,"Bengaluru, India",Yes,Contract,"AWS, Power BI, TensorFlow, Machine Learning",1001-5000,54000.0,1,2026-01-10
JOB01441,NLP Engineer,Mid,3.0,Bluewave Tech,Consulting,"Austin, USA",No,Full-time,"AWS, PyTorch, Machine Learning, Spark",51-200,139000.0,81,2025-12-12
JOB01442,ML Engineer I,Entry,0.0,DataForge,Technology,"London, UK",Yes,Full-time,"Python, Statistics, Tableau, Spark",201-1000,78500.0,48,2025-11-21
JOB01443,Junior Data Scientist,Entry,0.0,DataForge,Consulting,"San Francisco, USA",Yes,Contract,"Tableau, Data Visualization, Excel, A/B Testing",1-50,76000.0,18,2025-11-11
JOB01444,Junior Data Scientist,Entry,0.0,Ironpeak Tech,Healthcare,Singapore,Yes,Part-time,"Statistics, Excel, Python, SQL, Data Visualization",1001-5000,75000.0,95,2025-12-02
JOB01445,BI Analyst,Entry,0.0,DataForge,Manufacturing,"Austin, USA",No,Full-time,"Statistics, Data Visualization, SQL",51-200,62000.0,69,2025-08-17
JOB01448,Computer Vision Engineer,Mid,3.0,Quantum Insight,Telecommunications,"Austin, USA",No,Full-time,"PyTorch, Machine Learning, Power BI, TensorFlow",1001-5000,98000.0,46,2025-12-26
JOB01449,Senior Data Scientist,Senior,6.0,Ironpeak Tech,Manufacturing,"Sydney, Australia",No,Full-time,"MLOps, Computer Vision, Generative AI, Machine Learning, LLMs",1001-5000,203500.0,104,2026-01-11
JOB01450,ML Engineer I,Entry,0.0,Silverline AI,E-commerce,"Dublin, Ireland",No,Full-time,"Data Visualization, Statistics, Tableau, SQL, Excel, R",1-50,69000.0,19,2026-02-05
JOB01451,Principal Data Scientist,Senior,6.0,Nexora AI,Healthcare,"Sydney, Australia",Yes,Full-time,"NLP, Machine Learning, GCP",1001-5000,174500.0,21,2025-08-13
JOB01452,Head of Analytics,Manager,10.0,Clearline Systems,Manufacturing,"Sydney, Australia",No,Contract,"MLOps, AWS, Statistics, GCP",5000+,291000.0,149,2025-08-06
JOB01453,Senior ML Engineer,Senior,6.0,Silverline AI,Technology,"Berlin, Germany",Yes,Full-time,"Azure, Computer Vision, GCP, NLP, Docker",201-1000,152000.0,64,2026-05-03
JOB01454,Computer Vision Engineer,Mid,3.0,Silverline AI,Manufacturing,Singapore,No,Full-time,"AWS, NLP, Python",1-50,119500.0,56,2026-05-20
JOB01455,Data Analyst,Entry,0.0,Horizon Cloud,Consulting,Singapore,No,Full-time,"Data Visualization, Excel, SQL",51-200,77000.0,17,2026-05-15
JOB01456,Principal Data Scientist,Senior,6.0,Bluewave Tech,Education,"London, UK",Yes,Contract,"AWS, Kubernetes, Deep Learning, Generative AI, Computer Vision",51-200,162000.0,102,2025-08-10
JOB01457,Data Analyst,Entry,0.0,Quantum Insight,E-commerce,"Bengaluru, India",No,Full-time,"Data Visualization, Tableau, SQL, Excel",201-1000,27500.0,36,2025-08-09
JOB01460,Analytics Engineer,Mid,3.0,Fusion Analytics,Gaming,"Berlin, Germany",No,Full-time,"Machine Learning, Power BI, NLP, AWS",1-50,97500.0,34,2025-09-24
JOB01461,Head of AI,Manager,10.0,Vertex Analytics,E-commerce,Remote,Yes,Full-time,"GCP, Statistics, LLMs, Generative AI",201-1000,200500.0,15,2025-12-02
JOB01462,Data Science Manager,Manager,10.0,Zenith Data Group,Manufacturing,"San Francisco, USA",Yes,Contract,"Statistics, GCP, MLOps, A/B Testing, Generative AI",51-200,374500.0,146,2026-02-20
JOB01463,ML Engineer I,Entry,0.0,Nexora AI,Consulting,"Toronto, Canada",No,Full-time,"Tableau, Data Visualization, SQL, Statistics, Python",51-200,72000.0,70,2026-02-18
JOB01464,AI Research Assistant,Entry,0.0,Clearline Systems,Manufacturing,"Toronto, Canada",Yes,Full-time,"Python, SQL, Data Visualization, Tableau, Statistics",5000+,66500.0,39,2025-10-21
JOB01465,ML Engineer I,Entry,0.0,Ironpeak Tech,Manufacturing,Singapore,No,Full-time,"Python, Tableau, Data Visualization, Statistics",51-200,88500.0,145,2026-01-29
JOB01466,Data Scientist,Mid,3.0,DataForge,Automotive,Singapore,Yes,Full-time,"Deep Learning, Power BI, PyTorch, NLP, Azure",1001-5000,127500.0,67,2025-08-31
JOB01467,Computer Vision Engineer,Mid,3.0,Fusion Analytics,Manufacturing,"New York, USA",No,Contract,"TensorFlow, Power BI, Deep Learning, PyTorch",1001-5000,116000.0,28,2025-12-20
JOB01468,Junior Data Scientist,Entry,0.0,Skyline Data Co,Gaming,"Austin, USA",No,Full-time,"Statistics, Excel, Python, Tableau",1001-5000,64000.0,88,2025-11-27
JOB01469,Junior Data Scientist,Entry,0.0,Corelytics,Finance,"Toronto, Canada",No,Full-time,"Statistics, Python, Excel, Data Visualization, Tableau",201-1000,65000.0,20,2025-07-10
JOB01470,Machine Learning Engineer,Mid,3.0,Nexora AI,Telecommunications,Singapore,No,Contract,"Spark, Deep Learning, Python, SQL, AWS",51-200,103500.0,10,2026-05-30
JOB01471,BI Analyst,Entry,0.0,Atlas Intelligence,Healthcare,"Austin, USA",No,Full-time,"Excel, SQL, Data Visualization",51-200,73500.0,29,2025-09-21
JOB01472,AI Research Assistant,Entry,0.0,Zenith Data Group,Consulting,"Austin, USA",Yes,Full-time,"Excel, SQL, Data Visualization, Airflow",1001-5000,58000.0,56,2026-01-27
JOB01473,ML Engineer I,Entry,0.0,Meridian Software,Finance,Remote,Yes,Full-time,"Data Visualization, Python, Statistics, SQL, Tableau, Spark",51-200,77500.0,40,2026-01-05
JOB01474,Data Scientist,Mid,3.0,Nexora AI,Automotive,"Berlin, Germany",No,Full-time,"NLP, AWS, Machine Learning, SQL",1001-5000,104500.0,102,2026-02-19
JOB01475,Head of Analytics,Manager,10.0,Zenith Data Group,Consulting,"Sydney, Australia",No,Contract,"GCP, Statistics, LLMs, A/B Testing, MLOps, PyTorch",1001-5000,284000.0,47,2025-12-29
JOB01476,NLP Engineer,Mid,3.0,Northstar Labs,Telecommunications,"Berlin, Germany",Yes,Full-time,"Python, SQL, Deep Learning, PyTorch, TensorFlow, LLMs",201-1000,110500.0,17,2025-10-09
JOB01477,Senior ML Engineer,Senior,6.0,Silverline AI,Telecommunications,"Berlin, Germany",No,Full-time,"MLOps, LLMs, AWS, Machine Learning, Computer Vision, Kubernetes",51-200,145000.0,74,2026-01-14
JOB01478,Data Engineer,Mid,3.0,Skyline Data Co,Manufacturing,"Toronto, Canada",Yes,Full-time,"PyTorch, Deep Learning, Power BI",1-50,110500.0,26,2026-03-14
JOB01479,Analytics Engineer,Mid,3.0,Bright Path AI,Education,"Berlin, Germany",Yes,Full-time,"Deep Learning, NLP, SQL, Power BI, TensorFlow",5000+,99000.0,30,2025-08-11
JOB01480,Analytics Engineer,Mid,3.0,Northstar Labs,E-commerce,"New York, USA",Yes,Full-time,"NLP, AWS, PyTorch",1-50,145500.0,51,2025-09-19
JOB01481,AI Research Scientist,Senior,6.0,Corelytics,Automotive,"Dublin, Ireland",Yes,Full-time,"Kubernetes, Azure, Deep Learning, Machine Learning, NLP",1-50,143000.0,21,2025-07-02
JOB01482,AI Research Assistant,Entry,0.0,DataForge,Finance,Singapore,Yes,Full-time,"Python, Data Visualization, Tableau, Statistics, SQL",1001-5000,81500.0,47,2026-04-22
JOB01483,ML Engineer I,Entry,0.0,Novacore AI,Manufacturing,"London, UK",No,Full-time,"Statistics, Python, Data Visualization, SQL, Excel",5000+,60500.0,37,2026-02-03
JOB01484,Data Analyst,Entry,0.0,Vertex Analytics,Healthcare,Singapore,No,Contract,"SQL, Excel, Tableau, Power BI",5000+,65500.0,32,2026-06-26
JOB01485,BI Analyst,Entry,0.0,Bright Path AI,Finance,"Dublin, Ireland",No,Full-time,"Data Visualization, Statistics, Python",1-50,82500.0,69,2026-05-22
JOB01486,Data Engineer I,Entry,0.0,Novacore AI,Gaming,"New York, USA",No,Contract,"Statistics, Python, Excel, Data Visualization, Tableau",5000+,99000.0,49,2025-10-17
JOB01487,Director of Data Science,Manager,10.0,Fusion Analytics,Telecommunications,"London, UK",Yes,Full-time,"AWS, LLMs, Statistics, Generative AI, GCP",201-1000,243000.0,50,2026-02-14
JOB01488,Data Analyst,Entry,0.0,Ironpeak Tech,Automotive,"Berlin, Germany",Yes,Contract,"Excel, SQL, Statistics",5000+,75000.0,43,2025-11-23
JOB01490,Machine Learning Engineer,Mid,3.0,Novacore AI,Automotive,"Dublin, Ireland",No,Full-time,"PyTorch, NLP, Machine Learning, TensorFlow",201-1000,132000.0,36,2026-05-24
JOB01491,Director of Data Science,Manager,10.0,Pulse Robotics,Consulting,"Bengaluru, India",No,Contract,"Generative AI, AWS, GCP",51-200,129500.0,5,2025-08-05
JOB01492,Analytics Engineer,Mid,3.0,DataForge,Manufacturing,"Berlin, Germany",No,Full-time,"Python, NLP, Machine Learning, AWS",1001-5000,77500.0,35,2026-03-13
JOB01493,Head of AI,Manager,10.0,Quantum Insight,Automotive,"New York, USA",No,Full-time,"Statistics, MLOps, AWS, LLMs, A/B Testing, SQL",51-200,336000.0,23,2026-05-19
JOB01494,Junior Data Scientist,Entry,0.0,Skyline Data Co,Automotive,"Sydney, Australia",No,Full-time,"Excel, Python, Data Visualization, SQL",5000+,85000.0,56,2026-07-01
JOB01495,BI Analyst,Entry,0.0,Skyline Data Co,Consulting,"Toronto, Canada",No,Full-time,"Data Visualization, SQL, Statistics, Tableau",5000+,71500.0,50,2026-03-13
JOB01496,Senior Data Scientist,Senior,6.0,Fusion Analytics,E-commerce,"San Francisco, USA",No,Full-time,"AWS, Deep Learning, GCP, Azure, Generative AI",5000+,251500.0,48,2025-08-25
JOB01497,Staff AI Engineer,Senior,6.0,Quantum Insight,E-commerce,"Toronto, Canada",No,Full-time,"GCP, Azure, LLMs, Machine Learning, NLP",201-1000,130000.0,19,2025-08-07
JOB01498,AI Engineer,Mid,3.0,Northstar Labs,Consulting,"Bengaluru, India",No,Full-time,"AWS, Machine Learning, Deep Learning, NLP, TensorFlow, Kubernetes",51-200,50000.0,36,2025-12-15
JOB01499,Data Engineer I,Entry,0.0,Atlas Intelligence,Consulting,"Bengaluru, India",No,Full-time,"SQL, Python, Excel, Tableau",5000+,35000.0,30,2025-07-18
JOB01500,Analytics Engineer,Mid,3.0,Pulse Robotics,Automotive,"London, UK",Yes,Full-time,"NLP, TensorFlow, SQL",201-1000,136000.0,134,2026-06-21
JOB01501,Data Engineer,Mid,3.0,Bluewave Tech,Technology,"Toronto, Canada",No,Full-time,"NLP, Power BI, Machine Learning, AWS, PyTorch",5000+,97000.0,56,2025-11-19
JOB01503,Lead Data Engineer,Senior,6.0,Nexora AI,Education,"Toronto, Canada",Yes,Full-time,"Computer Vision, NLP, Deep Learning, Kubernetes, Machine Learning, Generative AI",1001-5000,164000.0,80,2026-02-25
JOB01504,Staff AI Engineer,Senior,6.0,Orbital Systems,Technology,"Toronto, Canada",Yes,Full-time,"Machine Learning, Computer Vision, MLOps",5000+,143000.0,25,2026-03-18
JOB01505,NLP Engineer,Mid,3.0,Bluewave Tech,Telecommunications,"Austin, USA",No,Full-time,"Machine Learning, PyTorch, Power BI, Deep Learning",1001-5000,100500.0,133,2026-03-28
JOB01506,Data Science Manager,Manager,10.0,DataForge,Consulting,"Toronto, Canada",No,Contract,"GCP, Statistics, Generative AI, A/B Testing, MLOps",51-200,187000.0,90,2026-05-01
JOB01507,Data Scientist,Mid,3.0,Quantum Insight,Automotive,"Austin, USA",No,Full-time,"Python, Deep Learning, Power BI, PyTorch, TensorFlow",201-1000,106000.0,7,2026-05-19
JOB01509,NLP Engineer,Mid,3.0,Pulse Robotics,Consulting,"Toronto, Canada",Yes,Full-time,"Deep Learning, TensorFlow, SQL, Machine Learning",201-1000,92500.0,40,2026-04-18
JOB01510,Senior Data Scientist,Senior,6.0,Fusion Analytics,Gaming,"New York, USA",No,Part-time,"Generative AI, AWS, Deep Learning, Kubernetes, Excel",1001-5000,219500.0,30,2026-01-14
JOB01511,Machine Learning Engineer,Mid,3.0,Northstar Labs,Manufacturing,"Berlin, Germany",Yes,Full-time,"Deep Learning, Power BI, SQL, TensorFlow, PyTorch",201-1000,107000.0,1,2026-07-05
JOB01512,AI Research Assistant,Entry,0.0,Horizon Cloud,Gaming,"Sydney, Australia",No,Full-time,"Statistics, Python, Excel, Data Visualization",201-1000,84000.0,5,2025-12-15
JOB01513,NLP Engineer,Mid,3.0,Fusion Analytics,Healthcare,"London, UK",Yes,Full-time,"NLP, Power BI, Deep Learning",1001-5000,100000.0,3,2026-07-10
JOB01514,Data Engineer,Mid,3.0,Fusion Analytics,Automotive,"Bengaluru, India",No,Full-time,"SQL, TensorFlow, Deep Learning, PyTorch, Spark",5000+,55500.0,132,2025-09-02
JOB01516,Machine Learning Engineer,Mid,3.0,Quantum Insight,Healthcare,"Austin, USA",No,Full-time,"Machine Learning, Power BI, Python, AWS, TensorFlow",201-1000,123500.0,94,2025-09-27
JOB01517,Senior ML Engineer,Senior,6.0,Meridian Software,Telecommunications,"Dublin, Ireland",No,Full-time,"GCP, Kubernetes, Machine Learning",1001-5000,189000.0,37,2025-09-22
JOB01518,Computer Vision Engineer,Mid,3.0,Bright Path AI,Automotive,"Dublin, Ireland",Yes,Full-time,"SQL, PyTorch, AWS, Machine Learning, NLP",5000+,97000.0,89,2026-01-03
JOB01519,Senior Data Scientist,Senior,6.0,Zenith Data Group,Telecommunications,"Dublin, Ireland",No,Full-time,"Kubernetes, NLP, Azure, AWS, Machine Learning",1001-5000,147500.0,76,2026-05-03
JOB01520,Analytics Engineer,Mid,3.0,Pulse Robotics,Healthcare,"San Francisco, USA",No,Full-time,"PyTorch, NLP, SQL, Spark, TensorFlow, MLOps",201-1000,136500.0,31,2025-07-09
JOB01521,Principal Data Scientist,Senior,6.0,Nexora AI,Education,"Toronto, Canada",No,Full-time,"Kubernetes, Deep Learning, Machine Learning, LLMs",51-200,134000.0,65,2026-05-16
JOB01523,Principal Data Scientist,Senior,6.0,Silverline AI,Manufacturing,"Bengaluru, India",No,Full-time,"Generative AI, LLMs, AWS, NLP, Machine Learning",51-200,81500.0,45,2026-04-15
JOB01524,ML Engineer I,Entry,0.0,Zenith Data Group,Finance,Remote,Yes,Full-time,"Excel, Statistics, Python",201-1000,59500.0,31,2026-04-13
JOB01525,Data Analyst,Entry,0.0,Bright Path AI,Education,"Toronto, Canada",No,Full-time,"Statistics, Tableau, Python, Excel, Deep Learning",5000+,76500.0,54,2025-11-11
JOB01526,Data Analyst,Entry,0.0,Ironpeak Tech,Gaming,Remote,Yes,Contract,"SQL, Statistics, Data Visualization",5000+,85000.0,52,2026-04-27
JOB01527,Junior Data Scientist,Entry,0.0,Orbital Systems,Education,"Dublin, Ireland",Yes,Full-time,"Python, Excel, Tableau, NLP",1-50,84500.0,20,2026-02-18
JOB01529,NLP Engineer,Mid,3.0,Meridian Software,Education,"New York, USA",Yes,Contract,"NLP, Machine Learning, Python",51-200,154500.0,50,2026-03-28
JOB01530,Senior Data Scientist,Senior,6.0,Ironpeak Tech,Gaming,"Bengaluru, India",Yes,Full-time,"NLP, AWS, MLOps, Generative AI, LLMs, GCP",51-200,86500.0,61,2025-11-23
JOB01531,Senior Data Scientist,Senior,6.0,Northstar Labs,Consulting,"Berlin, Germany",No,Full-time,"Kubernetes, Machine Learning, AWS, GCP, Excel",1001-5000,130000.0,46,2026-06-06
JOB01532,Staff AI Engineer,Senior,6.0,Meridian Software,Healthcare,"Toronto, Canada",No,Full-time,"Computer Vision, MLOps, NLP, Spark",201-1000,168500.0,51,2025-07-28
JOB01533,Machine Learning Engineer,Mid,3.0,Bluewave Tech,Technology,"Berlin, Germany",No,Full-time,"Power BI, NLP, TensorFlow, SQL, Spark",201-1000,108000.0,64,2026-06-02
JOB01534,BI Analyst,Entry,0.0,Vertex Analytics,Healthcare,Singapore,No,Full-time,"Excel, SQL, Statistics, Computer Vision",51-200,78000.0,48,2025-09-16
JOB01535,AI Research Assistant,Entry,0.0,Ironpeak Tech,Finance,"Sydney, Australia",Yes,Full-time,"Python, Tableau, Data Visualization, R",201-1000,59000.0,42,2026-06-04
JOB01536,AI Research Assistant,Entry,0.0,DataForge,Consulting,Singapore,No,Full-time,"SQL, Tableau, Data Visualization, Statistics, Power BI",51-200,74000.0,26,2026-03-26
JOB01537,AI Engineer,Mid,3.0,Fusion Analytics,Telecommunications,"Dublin, Ireland",No,Full-time,"SQL, Deep Learning, NLP, Spark",1001-5000,88500.0,36,2026-05-16
JOB01538,Machine Learning Engineer,Mid,3.0,Skyline Data Co,Manufacturing,"Toronto, Canada",Yes,Full-time,"AWS, Machine Learning, TensorFlow, Python, PyTorch",51-200,100500.0,17,2025-09-04
JOB01539,Senior ML Engineer,Senior,6.0,DataForge,Automotive,"Berlin, Germany",Yes,Full-time,"NLP, Generative AI, Machine Learning, Deep Learning, Computer Vision",1001-5000,164500.0,132,2026-04-02
JOB01540,NLP Engineer,Mid,3.0,Skyline Data Co,Finance,"Toronto, Canada",Yes,Full-time,"NLP, SQL, Spark, AWS, TensorFlow",5000+,104000.0,120,2025-12-16
JOB01541,Data Engineer,Mid,3.0,Meridian Software,Technology,Remote,Yes,Full-time,"AWS, TensorFlow, NLP, Python",51-200,127000.0,10,2025-12-23
JOB01542,BI Analyst,Entry,0.0,Fusion Analytics,E-commerce,Singapore,No,Full-time,"Excel, Statistics, Python",51-200,89500.0,31,2026-04-30
JOB01543,Staff AI Engineer,Senior,6.0,Vertex Analytics,Consulting,"Austin, USA",No,Part-time,"Kubernetes, GCP, AWS, Machine Learning",201-1000,219500.0,73,2026-07-12
JOB01544,AI Research Assistant,Entry,0.0,Nexora AI,Finance,"San Francisco, USA",No,Full-time,"Python, Statistics, Data Visualization, Excel, Airflow",5000+,109500.0,71,2026-02-27
JOB01545,NLP Engineer,Mid,3.0,Bluewave Tech,Healthcare,"Austin, USA",No,Full-time,"Power BI, TensorFlow, PyTorch, Python, Spark",1001-5000,137500.0,49,2026-05-26
JOB01546,Data Scientist,Mid,3.0,Atlas Intelligence,Consulting,"Berlin, Germany",No,Full-time,"Power BI, Machine Learning, Python",1-50,91000.0,69,2025-09-06
JOB01547,AI Research Scientist,Senior,6.0,Novacore AI,Consulting,"Austin, USA",No,Contract,"Azure, GCP, LLMs, Machine Learning, Computer Vision",201-1000,147500.0,7,2026-02-11
JOB01548,Data Analyst,Entry,0.0,Skyline Data Co,Education,"Dublin, Ireland",No,Full-time,"Python, Data Visualization, Statistics, Excel",1-50,85000.0,33,2025-08-21
JOB01549,Principal Data Scientist,Senior,6.0,Pulse Robotics,Automotive,"San Francisco, USA",No,Full-time,"GCP, Deep Learning, MLOps, NLP, AWS",51-200,243000.0,70,2026-03-31
JOB01550,NLP Engineer,Mid,3.0,Atlas Intelligence,Telecommunications,"San Francisco, USA",Yes,Full-time,"NLP, Power BI, Deep Learning",51-200,166500.0,44,2025-07-05
JOB01551,Data Engineer I,Entry,0.0,Silverline AI,Telecommunications,"London, UK",No,Full-time,"Data Visualization, Statistics, Excel, Tableau, Python, Spark",1001-5000,85500.0,56,2026-05-15
JOB01552,Lead Data Engineer,Senior,6.0,Northstar Labs,Gaming,"Sydney, Australia",Yes,Full-time,"MLOps, Computer Vision, Machine Learning, Generative AI, Deep Learning",1001-5000,200000.0,19,2026-02-14
JOB01553,NLP Engineer,Mid,3.0,Pulse Robotics,Telecommunications,"Dublin, Ireland",No,Full-time,"NLP, Power BI, TensorFlow, GCP",201-1000,87000.0,21,2026-02-17
JOB01554,Analytics Engineer,Mid,3.0,Orbital Systems,Gaming,"Austin, USA",No,Contract,"Machine Learning, NLP, SQL",5000+,140500.0,50,2025-11-03
JOB01555,Data Engineer,Mid,3.0,Northstar Labs,Manufacturing,Singapore,No,Full-time,"NLP, Machine Learning, SQL, Deep Learning",51-200,105500.0,78,2025-08-02
JOB01556,Data Analyst,Entry,0.0,Pulse Robotics,Gaming,"Toronto, Canada",No,Full-time,"Statistics, Data Visualization, SQL, Python, Excel, Power BI",5000+,54500.0,38,2026-02-08
JOB01557,Senior ML Engineer,Senior,6.0,Novacore AI,Automotive,Remote,Yes,Full-time,"LLMs, Azure, GCP",51-200,181000.0,69,2025-07-06
JOB01560,Director of Data Science,Manager,10.0,Bluewave Tech,Gaming,"London, UK",Yes,Contract,"A/B Testing, Generative AI, AWS",201-1000,236500.0,65,2025-11-19
JOB01561,Senior ML Engineer,Senior,6.0,Quantum Insight,Gaming,"San Francisco, USA",No,Contract,"GCP, Generative AI, AWS, Docker",51-200,257500.0,79,2026-06-02
JOB01563,Data Engineer I,Entry,0.0,Fusion Analytics,E-commerce,"Berlin, Germany",No,Full-time,"Tableau, Data Visualization, SQL, Python",51-200,59500.0,148,2026-01-04
JOB01564,BI Analyst,Entry,0.0,DataForge,Technology,"Toronto, Canada",No,Contract,"Python, Excel, Tableau, Data Visualization",201-1000,79000.0,155,2026-04-21
JOB01565,Computer Vision Engineer,Mid,3.0,Clearline Systems,Healthcare,Remote,Yes,Contract,"SQL, PyTorch, Spark, NLP, TensorFlow, Power BI",51-200,96500.0,87,2025-11-10
JOB01566,Lead Data Engineer,Senior,6.0,DataForge,Technology,Singapore,Yes,Full-time,"Azure, Generative AI, Computer Vision, Deep Learning, Python",201-1000,196500.0,212,2025-07-25
JOB01567,Senior Data Scientist,Senior,6.0,Novacore AI,Education,"New York, USA",No,Full-time,"Generative AI, MLOps, Azure, GCP, Computer Vision",1-50,236000.0,23,2025-08-27
JOB01569,Data Scientist,Mid,3.0,Clearline Systems,Telecommunications,"San Francisco, USA",No,Full-time,"PyTorch, Deep Learning, AWS, SQL, Spark",1001-5000,128000.0,13,2026-04-08
JOB01570,Data Engineer,Mid,3.0,Horizon Cloud,Telecommunications,"New York, USA",No,Part-time,"Power BI, SQL, Spark, Data Visualization",201-1000,104500.0,20,2025-07-19
JOB01571,Staff AI Engineer,Senior,6.0,Silverline AI,Finance,"Dublin, Ireland",No,Full-time,"GCP, AWS, Computer Vision, NLP",1-50,144500.0,34,2026-06-24
JOB01572,Computer Vision Engineer,Mid,3.0,Bluewave Tech,Automotive,Singapore,Yes,Full-time,"TensorFlow, Python, PyTorch, Machine Learning",1001-5000,140000.0,52,2026-02-07
JOB01573,NLP Engineer,Mid,3.0,Orbital Systems,Manufacturing,"Austin, USA",Yes,Contract,"Machine Learning, Python, Deep Learning, SQL, R",51-200,138500.0,48,2026-04-11
JOB01574,Computer Vision Engineer,Mid,3.0,Atlas Intelligence,Finance,"Toronto, Canada",Yes,Full-time,"Power BI, NLP, PyTorch",201-1000,124500.0,42,2025-07-06
JOB01575,Data Engineer I,Entry,0.0,Silverline AI,E-commerce,"Dublin, Ireland",No,Part-time,"Excel, Python, Statistics, SQL, Tableau",51-200,56500.0,46,2025-11-10
JOB01576,Principal Data Scientist,Senior,6.0,Quantum Insight,Education,"London, UK",No,Full-time,"LLMs, AWS, Deep Learning, GCP, MLOps",201-1000,153000.0,133,2026-06-11
JOB01577,Director of Data Science,Manager,10.0,Orbital Systems,Automotive,"New York, USA",Yes,Full-time,"Generative AI, LLMs, GCP, MLOps",201-1000,314500.0,94,2026-02-18
JOB01578,Data Scientist,Mid,3.0,Silverline AI,E-commerce,"Toronto, Canada",Yes,Part-time,"Machine Learning, SQL, PyTorch",201-1000,102000.0,121,2025-10-14
JOB01579,Data Analyst,Entry,0.0,Bluewave Tech,E-commerce,Singapore,No,Full-time,"SQL, Excel, Data Visualization, Python, Kubernetes",1001-5000,68500.0,30,2025-10-10
JOB01580,Principal Data Scientist,Senior,6.0,Pulse Robotics,Finance,"San Francisco, USA",No,Full-time,"MLOps, LLMs, NLP, Azure, Kubernetes",5000+,210000.0,23,2026-05-17
JOB01581,Senior Data Scientist,Senior,6.0,Fusion Analytics,Consulting,Remote,Yes,Full-time,"Computer Vision, Generative AI, NLP, GCP, AWS",1001-5000,190500.0,5,2026-02-15
JOB01582,BI Analyst,Entry,0.0,Bluewave Tech,Finance,"Austin, USA",No,Full-time,"Python, Tableau, Statistics, Data Visualization",201-1000,65500.0,28,2026-05-13
JOB01583,Machine Learning Engineer,Mid,3.0,Novacore AI,Telecommunications,"Bengaluru, India",Yes,Full-time,"Machine Learning, Power BI, NLP, PyTorch",201-1000,56000.0,20,2026-03-23
JOB01584,Data Science Manager,Manager,10.0,Vertex Analytics,Gaming,"Sydney, Australia",No,Full-time,"A/B Testing, Generative AI, AWS, GCP",201-1000,240500.0,31,2025-10-07
JOB01585,AI Engineer,Mid,3.0,Skyline Data Co,Consulting,Singapore,No,Full-time,"Machine Learning, Deep Learning, SQL",51-200,126500.0,17,2026-05-03
JOB01586,Analytics Engineer,Mid,3.0,Novacore AI,Manufacturing,"Bengaluru, India",No,Full-time,"PyTorch, Power BI, Spark, Deep Learning, NLP",1001-5000,40500.0,77,2025-09-18
JOB01587,AI Engineer,Mid,3.0,Fusion Analytics,Education,Singapore,No,Full-time,"Power BI, Spark, NLP, Computer Vision",51-200,106000.0,24,2026-01-26
JOB01588,Head of Analytics,Manager,10.0,Corelytics,Automotive,"London, UK",No,Contract,"GCP, A/B Testing, Generative AI, MLOps, Statistics",51-200,231000.0,36,2026-01-28
JOB01589,Senior ML Engineer,Senior,6.0,Corelytics,Technology,"London, UK",Yes,Full-time,"Deep Learning, Machine Learning, AWS, Generative AI, Data Visualization",201-1000,220500.0,22,2026-01-07
JOB01590,Data Scientist,Mid,3.0,Pulse Robotics,Manufacturing,"San Francisco, USA",No,Contract,"PyTorch, TensorFlow, Python, AWS, Spark",51-200,131000.0,52,2026-01-03
JOB01591,Junior Data Scientist,Entry,0.0,Skyline Data Co,Manufacturing,"London, UK",Yes,Full-time,"Data Visualization, Python, Excel, Statistics",201-1000,76500.0,29,2025-12-03
JOB01593,Computer Vision Engineer,Mid,3.0,Silverline AI,Consulting,"Sydney, Australia",Yes,Full-time,"AWS, SQL, TensorFlow, Spark, PyTorch",1-50,124500.0,63,2026-04-23
JOB01594,Data Analyst,Entry,0.0,Northstar Labs,Gaming,Singapore,No,Full-time,"Excel, Data Visualization, Tableau, GCP",201-1000,62000.0,23,2025-11-20
JOB01595,Data Scientist,Mid,3.0,Quantum Insight,Gaming,"Austin, USA",No,Full-time,"Python, Deep Learning, Spark, AWS",1-50,119000.0,19,2026-06-15
JOB01596,AI Research Scientist,Senior,6.0,Northstar Labs,Gaming,"New York, USA",No,Full-time,"Kubernetes, Computer Vision, Machine Learning, Deep Learning, LLMs",51-200,169000.0,16,2025-12-04
JOB01597,Data Analyst,Entry,0.0,Ironpeak Tech,E-commerce,"Dublin, Ireland",Yes,Contract,"SQL, Python, Data Visualization, Statistics, Excel",201-1000,60500.0,80,2025-10-18
JOB01598,Data Science Manager,Manager,10.0,Nexora AI,Automotive,"Toronto, Canada",No,Full-time,"GCP, Statistics, MLOps, AWS",201-1000,248500.0,64,2026-03-04
JOB01599,Data Engineer I,Entry,0.0,Corelytics,Healthcare,"Bengaluru, India",No,Full-time,"Tableau, Data Visualization, Python, Excel, Statistics",1-50,29500.0,14,2026-04-24
JOB01600,Head of Analytics,Manager,10.0,Bright Path AI,Consulting,"Austin, USA",No,Full-time,"LLMs, A/B Testing, MLOps, GCP, AWS, Excel",51-200,231000.0,111,2025-09-14
JOB01601,Senior ML Engineer,Senior,6.0,Horizon Cloud,Healthcare,"London, UK",No,Full-time,"Kubernetes, LLMs, AWS, NLP, GCP",5000+,173500.0,2,2026-04-22
JOB01602,BI Analyst,Entry,0.0,Vertex Analytics,Gaming,"Sydney, Australia",No,Full-time,"Tableau, Statistics, Python, MLOps",1-50,76000.0,48,2026-03-09
JOB01604,BI Analyst,Entry,0.0,Northstar Labs,Telecommunications,"Bengaluru, India",No,Full-time,"Python, Excel, Statistics, Tableau, SQL",201-1000,31500.0,25,2025-09-20
JOB01605,VP of Machine Learning,Manager,10.0,Skyline Data Co,Education,"Berlin, Germany",Yes,Full-time,"LLMs, Generative AI, Statistics",201-1000,173500.0,119,2026-04-25
JOB01606,Junior Data Scientist,Entry,0.0,Meridian Software,Automotive,"New York, USA",No,Full-time,"Tableau, Python, SQL, Excel",51-200,91500.0,32,2026-01-20
JOB01607,Computer Vision Engineer,Mid,3.0,DataForge,Consulting,"San Francisco, USA",Yes,Full-time,"Machine Learning, Deep Learning, AWS, SQL, Power BI",201-1000,147500.0,17,2026-07-11
JOB01608,Senior ML Engineer,Senior,6.0,Meridian Software,Gaming,"Bengaluru, India",Yes,Full-time,"MLOps, LLMs, NLP, Machine Learning, Power BI",201-1000,69500.0,135,2026-04-18
JOB01610,AI Research Assistant,Entry,0.0,Northstar Labs,Manufacturing,"Berlin, Germany",Yes,Full-time,"SQL, Tableau, Excel, Python",201-1000,66500.0,65,2026-02-08
JOB01611,Data Engineer I,Entry,0.0,Ironpeak Tech,Technology,"Austin, USA",Yes,Full-time,"Tableau, Python, Statistics, SQL, Excel",1001-5000,67500.0,11,2026-03-25
JOB01612,AI Research Scientist,Senior,6.0,Quantum Insight,Healthcare,Remote,Yes,Full-time,"Generative AI, Kubernetes, Machine Learning",1001-5000,146000.0,69,2026-06-16
JOB01614,AI Engineer,Mid,3.0,Fusion Analytics,Telecommunications,"Dublin, Ireland",No,Full-time,"Deep Learning, Machine Learning, NLP, PyTorch",1001-5000,86500.0,35,2025-09-20
JOB01616,Data Engineer,Mid,3.0,DataForge,Healthcare,Remote,Yes,Contract,"Deep Learning, SQL, PyTorch, Spark, Python",1-50,101000.0,38,2026-01-19
JOB01617,Data Scientist,Mid,3.0,Nexora AI,Education,"Bengaluru, India",No,Full-time,"Deep Learning, SQL, TensorFlow, Power BI, Python",201-1000,60000.0,37,2025-10-29
JOB01618,Data Engineer,Mid,3.0,Clearline Systems,E-commerce,"Dublin, Ireland",No,Full-time,"Spark, Machine Learning, AWS, PyTorch",201-1000,131000.0,20,2025-07-26
JOB01620,AI Research Scientist,Senior,6.0,Vertex Analytics,Manufacturing,"Austin, USA",No,Full-time,"AWS, Generative AI, LLMs, GCP",201-1000,190500.0,32,2025-09-18
JOB01621,Data Engineer,Mid,3.0,DataForge,E-commerce,"Austin, USA",No,Full-time,"Power BI, AWS, PyTorch, Spark",5000+,126500.0,19,2025-10-12
JOB01622,Data Analyst,Entry,0.0,Orbital Systems,E-commerce,"Austin, USA",No,Full-time,"Python, Excel, Tableau, Statistics",51-200,63000.0,35,2025-08-13
JOB01623,Data Scientist,Mid,3.0,Silverline AI,Automotive,Singapore,Yes,Full-time,"Machine Learning, SQL, Python",5000+,108000.0,21,2026-04-30
JOB01624,BI Analyst,Entry,0.0,Ironpeak Tech,Manufacturing,"Berlin, Germany",Yes,Full-time,"SQL, Data Visualization, Tableau, Statistics, Python",201-1000,50000.0,57,2025-10-08
JOB01625,Machine Learning Engineer,Mid,3.0,Atlas Intelligence,Automotive,"San Francisco, USA",Yes,Full-time,"AWS, Machine Learning, Python, Kubernetes",1-50,155500.0,42,2025-09-04
JOB01626,Data Engineer I,Entry,0.0,Fusion Analytics,Automotive,"New York, USA",No,Full-time,"Data Visualization, SQL, Excel, Statistics, Azure",201-1000,96000.0,51,2025-09-04
JOB01627,Senior Data Scientist,Senior,6.0,Bright Path AI,Gaming,"New York, USA",Yes,Full-time,"Azure, Deep Learning, Kubernetes, Generative AI",201-1000,191500.0,222,2025-10-15
JOB01628,AI Research Assistant,Entry,0.0,Quantum Insight,Manufacturing,"Berlin, Germany",No,Full-time,"SQL, Tableau, Statistics, Data Visualization, Python",201-1000,49500.0,134,2026-04-07
JOB01629,Analytics Engineer,Mid,3.0,Silverline AI,E-commerce,"Dublin, Ireland",Yes,Full-time,"AWS, TensorFlow, Power BI, NLP",1001-5000,116500.0,67,2025-11-14
JOB01630,AI Engineer,Mid,3.0,Quantum Insight,E-commerce,Singapore,No,Full-time,"Python, AWS, Spark, PyTorch, SQL",201-1000,130500.0,93,2026-01-01
JOB01631,Junior Data Scientist,Entry,0.0,Orbital Systems,Automotive,"Berlin, Germany",No,Full-time,"Data Visualization, Python, Statistics, Computer Vision",201-1000,49500.0,23,2026-04-08
JOB01632,Data Scientist,Mid,3.0,Quantum Insight,Finance,"London, UK",Yes,Full-time,"Python, AWS, PyTorch, Machine Learning",5000+,115000.0,30,2026-01-28
JOB01633,Computer Vision Engineer,Mid,3.0,Bluewave Tech,Consulting,Remote,Yes,Part-time,"Python, PyTorch, AWS",201-1000,95000.0,59,2026-04-03
JOB01634,Analytics Engineer,Mid,3.0,Silverline AI,Education,Remote,Yes,Full-time,"SQL, Deep Learning, Spark, AWS, Power BI, NLP",1001-5000,119000.0,36,2026-04-16
JOB01635,Data Scientist,Mid,3.0,Silverline AI,Finance,"Berlin, Germany",No,Full-time,"Power BI, Machine Learning, TensorFlow, NLP",201-1000,106000.0,93,2026-06-14
JOB01636,NLP Engineer,Mid,3.0,Novacore AI,E-commerce,"Bengaluru, India",Yes,Full-time,"TensorFlow, Spark, Power BI",51-200,58500.0,40,2026-03-17
JOB01637,Data Science Manager,Manager,10.0,Northstar Labs,Education,Remote,Yes,Contract,"MLOps, GCP, A/B Testing, Statistics",51-200,195000.0,64,2025-08-09
JOB01638,AI Research Scientist,Senior,6.0,Clearline Systems,Manufacturing,Remote,Yes,Full-time,"Generative AI, LLMs, GCP, Kubernetes",201-1000,150500.0,32,2025-07-31
JOB01639,Computer Vision Engineer,Mid,3.0,Bright Path AI,Gaming,"San Francisco, USA",No,Full-time,"Python, Spark, SQL, Generative AI",51-200,122000.0,111,2025-07-15
JOB01640,Data Analyst,Entry,0.0,Corelytics,Automotive,"San Francisco, USA",No,Full-time,"SQL, Tableau, Statistics, Excel, Data Visualization, AWS",201-1000,104000.0,44,2025-10-08
JOB01641,Data Engineer I,Entry,0.0,Nexora AI,Telecommunications,"Bengaluru, India",No,Full-time,"Data Visualization, Tableau, SQL",201-1000,29500.0,111,2026-06-10
JOB01642,Data Scientist,Mid,3.0,Fusion Analytics,Automotive,"Sydney, Australia",No,Contract,"Spark, NLP, PyTorch, Python, SQL, Kubernetes",1-50,113500.0,62,2026-05-31
JOB01643,Data Analyst,Entry,0.0,Clearline Systems,Automotive,Singapore,No,Full-time,"Statistics, SQL, Data Visualization, Python, Excel",201-1000,87500.0,68,2026-07-01
JOB01644,Senior ML Engineer,Senior,6.0,Orbital Systems,Manufacturing,Singapore,Yes,Full-time,"Deep Learning, Computer Vision, GCP",5000+,194000.0,168,2026-04-26
JOB01646,Data Analyst,Entry,0.0,Atlas Intelligence,Gaming,"London, UK",Yes,Full-time,"Tableau, Python, Data Visualization, A/B Testing",1001-5000,65500.0,28,2026-06-22
JOB01647,Senior Data Scientist,Senior,6.0,Vertex Analytics,Healthcare,"Dublin, Ireland",No,Full-time,"Azure, Computer Vision, LLMs, NLP, MLOps",1-50,192000.0,60,2026-03-22
JOB01648,Data Engineer I,Entry,0.0,Novacore AI,Manufacturing,"Dublin, Ireland",Yes,Full-time,"SQL, Tableau, Data Visualization, Python, Statistics, Spark",1001-5000,76000.0,48,2026-03-27
JOB01649,Data Engineer I,Entry,0.0,Clearline Systems,E-commerce,"New York, USA",No,Full-time,"Statistics, Excel, Python",201-1000,95500.0,1,2026-04-08
JOB01650,Principal Data Scientist,Senior,6.0,Orbital Systems,Finance,Singapore,No,Full-time,"GCP, Machine Learning, NLP",201-1000,208500.0,42,2025-08-30
JOB01651,Staff AI Engineer,Senior,6.0,Skyline Data Co,Telecommunications,"Toronto, Canada",No,Full-time,"NLP, AWS, Generative AI, GCP",51-200,169000.0,126,2026-05-05
JOB01652,Data Analyst,Entry,0.0,Northstar Labs,Healthcare,"Sydney, Australia",No,Full-time,"SQL, Statistics, Python, Data Visualization, Excel",51-200,87000.0,16,2026-01-02
JOB01653,AI Research Scientist,Senior,6.0,Atlas Intelligence,Healthcare,Remote,Yes,Full-time,"Azure, LLMs, MLOps, AWS, Generative AI, GCP",1-50,162000.0,6,2026-04-17
JOB01654,Data Engineer,Mid,3.0,Vertex Analytics,Manufacturing,"New York, USA",Yes,Full-time,"Spark, TensorFlow, NLP, AWS, Airflow",51-200,141500.0,57,2025-11-18
JOB01655,Staff AI Engineer,Senior,6.0,Zenith Data Group,Consulting,"San Francisco, USA",Yes,Contract,"Azure, Generative AI, Deep Learning, GCP, Data Visualization",51-200,188000.0,18,2026-02-17
JOB01656,Computer Vision Engineer,Mid,3.0,Meridian Software,E-commerce,Singapore,No,Full-time,"Deep Learning, Power BI, TensorFlow, PyTorch",1001-5000,110000.0,52,2025-07-21
JOB01657,AI Research Scientist,Senior,6.0,Ironpeak Tech,Telecommunications,"New York, USA",No,Full-time,"GCP, LLMs, Azure, AWS, Kubernetes",51-200,185000.0,137,2026-01-09
JOB01658,Computer Vision Engineer,Mid,3.0,Horizon Cloud,Technology,"Austin, USA",No,Full-time,"Python, TensorFlow, SQL, R",51-200,113500.0,20,2025-12-09
JOB01659,Principal Data Scientist,Senior,6.0,Fusion Analytics,Gaming,"Toronto, Canada",No,Full-time,"Computer Vision, Azure, GCP, Kubernetes",51-200,132000.0,45,2025-09-22
JOB01660,ML Engineer I,Entry,0.0,Fusion Analytics,Technology,Singapore,No,Full-time,"Statistics, Excel, SQL, AWS",1-50,73500.0,1,2026-02-10
JOB01661,AI Research Assistant,Entry,0.0,Horizon Cloud,Gaming,"Bengaluru, India",Yes,Full-time,"Excel, Tableau, Data Visualization, Statistics, Python",51-200,40500.0,36,2026-06-16
JOB01662,AI Research Assistant,Entry,0.0,Corelytics,E-commerce,"Bengaluru, India",No,Full-time,"Python, Data Visualization, SQL, Statistics",1001-5000,33500.0,37,2025-10-03
JOB01663,Computer Vision Engineer,Mid,3.0,Bluewave Tech,Manufacturing,Remote,Yes,Full-time,"NLP, Python, SQL",51-200,122000.0,176,2026-04-16
JOB01664,Data Analyst,Entry,0.0,Clearline Systems,Healthcare,Singapore,Yes,Full-time,"SQL, Statistics, Tableau",201-1000,56000.0,48,2025-12-14
JOB01665,AI Research Scientist,Senior,6.0,Northstar Labs,Gaming,Singapore,Yes,Contract,"Machine Learning, AWS, NLP, Computer Vision, LLMs",1-50,187000.0,34,2025-12-23
JOB01667,Data Scientist,Mid,3.0,Silverline AI,Manufacturing,"Bengaluru, India",No,Full-time,"TensorFlow, SQL, PyTorch",51-200,58000.0,57,2026-01-09
JOB01668,Lead Data Engineer,Senior,6.0,Meridian Software,Education,"London, UK",No,Full-time,"GCP, LLMs, Kubernetes, NLP",201-1000,157000.0,54,2025-08-29
JOB01669,Staff AI Engineer,Senior,6.0,Clearline Systems,Automotive,"Sydney, Australia",No,Full-time,"Azure, MLOps, AWS, Data Visualization",1001-5000,176500.0,52,2026-04-06
JOB01670,AI Research Assistant,Entry,0.0,Novacore AI,E-commerce,Remote,Yes,Full-time,"Tableau, Data Visualization, SQL, Statistics",5000+,69000.0,67,2025-11-04
JOB01671,Junior Data Scientist,Entry,0.0,Vertex Analytics,Education,Singapore,No,Full-time,"Statistics, Python, Tableau, Excel",1001-5000,80500.0,220,2026-04-15
JOB01672,Data Engineer I,Entry,0.0,Bluewave Tech,Telecommunications,"Sydney, Australia",No,Full-time,"Tableau, Excel, Python, SQL",1-50,65500.0,72,2025-10-22
JOB01673,Data Engineer I,Entry,0.0,Novacore AI,Healthcare,"London, UK",No,Contract,"Python, Data Visualization, SQL, R",1-50,60500.0,53,2025-08-27
JOB01674,Junior Data Scientist,Entry,0.0,Meridian Software,Consulting,"Austin, USA",No,Full-time,"SQL, Statistics, Excel",201-1000,77000.0,92,2026-07-13
JOB01675,Data Engineer I,Entry,0.0,Ironpeak Tech,Technology,"Berlin, Germany",Yes,Full-time,"SQL, Excel, Data Visualization, Statistics, Generative AI",51-200,60500.0,17,2025-09-12
JOB01676,AI Research Scientist,Senior,6.0,Fusion Analytics,Healthcare,"London, UK",Yes,Full-time,"NLP, Azure, Machine Learning, LLMs, Generative AI",1-50,154500.0,22,2026-01-17
JOB01677,ML Engineer I,Entry,0.0,Pulse Robotics,Technology,"Bengaluru, India",No,Full-time,"Statistics, Excel, SQL, Docker",51-200,30000.0,40,2026-05-29
JOB01678,Lead Data Engineer,Senior,6.0,Quantum Insight,Consulting,"San Francisco, USA",No,Full-time,"Azure, Machine Learning, GCP",201-1000,183500.0,36,2025-09-05
JOB01679,Machine Learning Engineer,Mid,3.0,Meridian Software,Technology,"Sydney, Australia",Yes,Full-time,"TensorFlow, NLP, SQL, Statistics",1-50,134500.0,137,2025-11-16
JOB01680,Data Engineer I,Entry,0.0,Skyline Data Co,Education,"Berlin, Germany",No,Full-time,"Excel, Statistics, SQL, Python",1001-5000,67500.0,15,2026-04-15
JOB01681,Data Scientist,Mid,3.0,Ironpeak Tech,Finance,"Toronto, Canada",Yes,Full-time,"PyTorch, NLP, Python",51-200,92500.0,17,2026-07-11
JOB01682,AI Research Scientist,Senior,6.0,Orbital Systems,Finance,"Sydney, Australia",No,Full-time,"NLP, Computer Vision, Kubernetes, Machine Learning, GCP",51-200,171500.0,45,2026-04-07
JOB01683,ML Engineer I,Entry,0.0,Clearline Systems,Gaming,"Sydney, Australia",No,Full-time,"SQL, Excel, Tableau, Statistics",201-1000,73500.0,20,2026-06-12
JOB01684,ML Engineer I,Entry,0.0,Bright Path AI,Automotive,Singapore,Yes,Contract,"Python, SQL, Data Visualization, AWS",1001-5000,59000.0,21,2026-01-05
JOB01685,Analytics Engineer,Mid,3.0,Corelytics,Automotive,"New York, USA",No,Full-time,"TensorFlow, Python, NLP",1-50,160500.0,56,2026-05-22
JOB01686,Machine Learning Engineer,Mid,3.0,Nexora AI,Manufacturing,"Austin, USA",Yes,Full-time,"Deep Learning, Machine Learning, SQL, Spark, AWS",5000+,98500.0,63,2026-02-18
JOB01687,Data Scientist,Mid,3.0,Silverline AI,Education,"Bengaluru, India",No,Full-time,"Python, TensorFlow, AWS, Machine Learning",1001-5000,58500.0,35,2025-12-21
JOB01688,Junior Data Scientist,Entry,0.0,Silverline AI,Healthcare,"San Francisco, USA",Yes,Full-time,"Python, Statistics, SQL",1-50,81000.0,39,2025-11-20
JOB01689,Junior Data Scientist,Entry,0.0,Meridian Software,Consulting,"Bengaluru, India",No,Full-time,"SQL, Statistics, Data Visualization, Python, Excel, NLP",51-200,38500.0,48,2026-03-29
JOB01690,Data Scientist,Mid,3.0,Horizon Cloud,Education,"New York, USA",No,Full-time,"SQL, NLP, Deep Learning, Spark, PyTorch",1001-5000,131500.0,82,2026-01-29
JOB01691,VP of Machine Learning,Manager,10.0,Bright Path AI,E-commerce,"Austin, USA",No,Full-time,"A/B Testing, Generative AI, AWS, MLOps, GCP",5000+,319000.0,43,2026-01-09
JOB01692,Junior Data Scientist,Entry,0.0,DataForge,Finance,"Austin, USA",Yes,Full-time,"Tableau, Statistics, Python",51-200,90000.0,18,2026-03-08
JOB01693,Data Science Manager,Manager,10.0,Bright Path AI,Healthcare,"Bengaluru, India",No,Contract,"Statistics, AWS, Generative AI",201-1000,117000.0,106,2025-11-06
JOB01694,AI Research Assistant,Entry,0.0,Silverline AI,Consulting,"New York, USA",Yes,Full-time,"Tableau, SQL, Excel, PyTorch",201-1000,70000.0,77,2026-05-30
JOB01695,Data Engineer,Mid,3.0,Northstar Labs,Gaming,"New York, USA",Yes,Part-time,"Power BI, Spark, PyTorch, SQL, Machine Learning",1001-5000,127500.0,71,2025-09-26
JOB01696,NLP Engineer,Mid,3.0,Nexora AI,Telecommunications,"Dublin, Ireland",No,Full-time,"TensorFlow, Spark, SQL",201-1000,111000.0,7,2026-03-07
JOB01697,Data Scientist,Mid,3.0,Bright Path AI,Gaming,"Austin, USA",Yes,Full-time,"SQL, Deep Learning, AWS, TensorFlow, Python",1001-5000,131000.0,22,2025-12-02
JOB01698,Data Engineer,Mid,3.0,Ironpeak Tech,Manufacturing,"London, UK",No,Full-time,"TensorFlow, PyTorch, Deep Learning, Spark, AWS",51-200,138500.0,55,2026-05-03
JOB01699,BI Analyst,Entry,0.0,Nexora AI,Technology,"Berlin, Germany",No,Full-time,"Statistics, SQL, Data Visualization, Python, Tableau, Generative AI",5000+,52000.0,50,2025-08-17
JOB01700,Senior Data Scientist,Senior,6.0,Quantum Insight,Gaming,"Berlin, Germany",No,Full-time,"Deep Learning, Generative AI, GCP, Spark",1001-5000,140000.0,24,2025-12-13
JOB01701,Director of Data Science,Manager,10.0,Nexora AI,Gaming,"Sydney, Australia",No,Contract,"A/B Testing, MLOps, AWS, Statistics, GCP",201-1000,214000.0,89,2026-01-28
JOB01702,AI Engineer,Mid,3.0,Pulse Robotics,Consulting,"Berlin, Germany",Yes,Full-time,"NLP, Machine Learning, Deep Learning, Spark, Computer Vision",1-50,85000.0,64,2026-04-18
JOB01703,Senior Data Scientist,Senior,6.0,Horizon Cloud,Consulting,Remote,Yes,Full-time,"Machine Learning, Azure, Computer Vision, LLMs, Statistics",1001-5000,191000.0,21,2025-10-23
JOB01704,Principal Data Scientist,Senior,6.0,Silverline AI,Healthcare,"New York, USA",No,Full-time,"Machine Learning, NLP, AWS, R",51-200,174500.0,78,2026-02-05
JOB01705,BI Analyst,Entry,0.0,Orbital Systems,Automotive,"Berlin, Germany",No,Full-time,"Statistics, Python, Tableau, SQL",201-1000,69000.0,22,2025-12-23
JOB01706,Analytics Engineer,Mid,3.0,Meridian Software,Manufacturing,Remote,Yes,Full-time,"Deep Learning, NLP, Python, TensorFlow, Tableau",1001-5000,112500.0,97,2026-01-20
JOB01707,Senior Data Scientist,Senior,6.0,Silverline AI,Automotive,"Dublin, Ireland",No,Full-time,"Machine Learning, Deep Learning, AWS, Spark",1001-5000,174500.0,67,2025-10-12
JOB01708,Staff AI Engineer,Senior,6.0,Clearline Systems,E-commerce,"New York, USA",Yes,Full-time,"Machine Learning, Computer Vision, GCP",5000+,179000.0,30,2025-11-15
JOB01709,Senior Data Scientist,Senior,6.0,Pulse Robotics,Finance,"Sydney, Australia",Yes,Full-time,"MLOps, Deep Learning, Machine Learning",1001-5000,194000.0,44,2026-01-03
JOB01710,NLP Engineer,Mid,3.0,Horizon Cloud,Gaming,"Berlin, Germany",No,Full-time,"Power BI, Machine Learning, SQL, NLP, TensorFlow",1-50,80000.0,11,2026-03-20
JOB01711,Analytics Engineer,Mid,3.0,Atlas Intelligence,E-commerce,Singapore,Yes,Full-time,"SQL, Power BI, PyTorch, Deep Learning",1001-5000,124500.0,33,2026-02-25
JOB01712,Data Scientist,Mid,3.0,Orbital Systems,Telecommunications,"Berlin, Germany",No,Full-time,"PyTorch, NLP, AWS, Spark, Python",1-50,88500.0,38,2026-01-23
JOB01713,Lead Data Engineer,Senior,6.0,Pulse Robotics,Healthcare,"Bengaluru, India",Yes,Full-time,"GCP, MLOps, Computer Vision",51-200,85500.0,10,2025-09-24
JOB01714,Senior ML Engineer,Senior,6.0,Northstar Labs,Manufacturing,"Dublin, Ireland",No,Full-time,"Computer Vision, GCP, Azure",51-200,148000.0,21,2025-10-20
JOB01715,BI Analyst,Entry,0.0,Corelytics,Finance,"San Francisco, USA",No,Full-time,"Python, Tableau, Data Visualization, A/B Testing",201-1000,95500.0,49,2025-08-20
JOB01716,Head of AI,Manager,10.0,Vertex Analytics,Technology,"San Francisco, USA",No,Full-time,"GCP, Generative AI, LLMs",201-1000,367000.0,42,2026-03-06
JOB01717,Junior Data Scientist,Entry,0.0,Novacore AI,Healthcare,Remote,Yes,Full-time,"Python, SQL, Tableau, Data Visualization",1001-5000,62000.0,20,2025-10-03
JOB01718,Lead Data Engineer,Senior,6.0,Zenith Data Group,Technology,"Sydney, Australia",No,Contract,"Azure, Kubernetes, Deep Learning, Machine Learning, NLP",201-1000,193500.0,39,2026-06-25
JOB01719,Principal Data Scientist,Senior,6.0,Atlas Intelligence,Gaming,"Dublin, Ireland",Yes,Full-time,"Computer Vision, Deep Learning, NLP, Kubernetes",5000+,194500.0,33,2026-03-18
JOB01720,Analytics Engineer,Mid,3.0,Ironpeak Tech,E-commerce,"Toronto, Canada",Yes,Full-time,"Spark, SQL, Power BI",1001-5000,118000.0,1,2025-09-10
JOB01721,Analytics Engineer,Mid,3.0,Skyline Data Co,Finance,Singapore,Yes,Full-time,"Deep Learning, Python, TensorFlow, Spark, NLP",1001-5000,94000.0,23,2026-04-27
JOB01722,Principal Data Scientist,Senior,6.0,Zenith Data Group,Healthcare,"London, UK",No,Full-time,"Machine Learning, GCP, LLMs, Generative AI, Kubernetes",51-200,157500.0,12,2026-01-02
JOB01723,NLP Engineer,Mid,3.0,Novacore AI,Education,"Bengaluru, India",No,Full-time,"TensorFlow, NLP, Deep Learning, Machine Learning",1001-5000,57500.0,15,2026-07-04
JOB01724,AI Research Assistant,Entry,0.0,Ironpeak Tech,Education,Singapore,No,Full-time,"Data Visualization, SQL, Statistics, Tableau",5000+,81000.0,9,2026-06-04
JOB01725,NLP Engineer,Mid,3.0,Corelytics,Finance,"Berlin, Germany",No,Full-time,"AWS, Deep Learning, Spark, Python, PyTorch",1001-5000,102000.0,45,2025-08-07
JOB01726,BI Analyst,Entry,0.0,Orbital Systems,Telecommunications,"Austin, USA",Yes,Contract,"SQL, Tableau, Excel",201-1000,76500.0,85,2025-12-10
JOB01727,Data Engineer I,Entry,0.0,Novacore AI,Technology,"Toronto, Canada",No,Full-time,"Statistics, Data Visualization, Excel, Tableau, Python, TensorFlow",1-50,75000.0,36,2026-03-15
JOB01728,Computer Vision Engineer,Mid,3.0,DataForge,Gaming,"New York, USA",No,Full-time,"PyTorch, NLP, Python, AWS, Spark",201-1000,104500.0,11,2026-01-03
JOB01729,Head of Analytics,Manager,10.0,Zenith Data Group,Finance,"Bengaluru, India",No,Full-time,"GCP, LLMs, AWS, Statistics, MLOps",201-1000,133500.0,65,2026-03-08
JOB01730,AI Research Scientist,Senior,6.0,Bluewave Tech,Healthcare,"Berlin, Germany",No,Full-time,"NLP, Generative AI, Azure",201-1000,165500.0,2,2026-03-17
JOB01731,Analytics Engineer,Mid,3.0,Pulse Robotics,Automotive,Remote,Yes,Full-time,"Power BI, Spark, PyTorch, Python, NLP, GCP",201-1000,96500.0,35,2025-09-20
JOB01732,Data Analyst,Entry,0.0,Silverline AI,Technology,"Sydney, Australia",Yes,Contract,"Python, Excel, SQL",201-1000,65000.0,34,2026-06-20
JOB01733,AI Engineer,Mid,3.0,Nexora AI,Education,"Bengaluru, India",No,Full-time,"PyTorch, Deep Learning, AWS",51-200,58500.0,11,2026-01-15
JOB01734,Data Science Manager,Manager,10.0,Bluewave Tech,Technology,Singapore,Yes,Full-time,"MLOps, Generative AI, LLMs, Statistics, A/B Testing",51-200,259500.0,115,2026-05-18
JOB01735,Analytics Engineer,Mid,3.0,Fusion Analytics,Manufacturing,Singapore,No,Full-time,"Python, TensorFlow, Deep Learning, AWS",1-50,127500.0,48,2025-11-15
JOB01736,Data Science Manager,Manager,10.0,Vertex Analytics,Finance,"Bengaluru, India",No,Contract,"Generative AI, LLMs, A/B Testing, MLOps, AWS",1-50,104500.0,39,2026-05-31
JOB01737,BI Analyst,Entry,0.0,Bluewave Tech,Consulting,Remote,Yes,Full-time,"Python, Tableau, Data Visualization, AWS",201-1000,60500.0,77,2025-10-27
JOB01738,Computer Vision Engineer,Mid,3.0,Northstar Labs,Finance,"Toronto, Canada",No,Full-time,"PyTorch, Power BI, SQL",1001-5000,118000.0,75,2026-04-01
JOB01739,Computer Vision Engineer,Mid,3.0,Horizon Cloud,Healthcare,"Toronto, Canada",No,Full-time,"SQL, TensorFlow, Python, PyTorch, Machine Learning",201-1000,109000.0,133,2025-08-20
JOB01741,NLP Engineer,Mid,3.0,Nexora AI,E-commerce,"Sydney, Australia",No,Full-time,"TensorFlow, NLP, Spark, Power BI",5000+,126500.0,2,2026-04-12
JOB01742,Senior ML Engineer,Senior,6.0,Northstar Labs,Automotive,Remote,Yes,Full-time,"LLMs, Generative AI, Kubernetes",201-1000,147500.0,26,2025-09-07
JOB01744,Lead Data Engineer,Senior,6.0,Horizon Cloud,Healthcare,Singapore,No,Full-time,"MLOps, AWS, Azure, NLP, Machine Learning",201-1000,167000.0,12,2025-11-13
JOB01745,Director of Data Science,Manager,10.0,Orbital Systems,Education,Remote,Yes,Full-time,"AWS, LLMs, A/B Testing, Generative AI, MLOps",51-200,297500.0,12,2026-05-17
JOB01746,Principal Data Scientist,Senior,6.0,Silverline AI,Automotive,"Toronto, Canada",No,Full-time,"Generative AI, Machine Learning, NLP, LLMs, Python",51-200,163500.0,28,2026-04-27
JOB01748,Junior Data Scientist,Entry,0.0,Nexora AI,Finance,"San Francisco, USA",No,Full-time,"Python, Statistics, Excel",5000+,112000.0,24,2025-11-15
JOB01749,AI Research Scientist,Senior,6.0,Novacore AI,E-commerce,"Berlin, Germany",No,Full-time,"Generative AI, NLP, Kubernetes, AWS",1-50,177500.0,68,2025-08-29
JOB01750,Lead Data Engineer,Senior,6.0,Quantum Insight,Education,Singapore,Yes,Full-time,"MLOps, NLP, Deep Learning, Azure, AWS",1-50,143500.0,14,2026-04-19
JOB01751,Data Analyst,Entry,0.0,Pulse Robotics,Technology,"Toronto, Canada",No,Contract,"Python, Excel, SQL, Tableau",201-1000,64500.0,61,2025-11-20
JOB01752,Computer Vision Engineer,Mid,3.0,Atlas Intelligence,Finance,"London, UK",Yes,Full-time,"NLP, Deep Learning, TensorFlow",201-1000,102500.0,11,2025-07-08
JOB01754,Director of Data Science,Manager,10.0,Bright Path AI,Gaming,"Sydney, Australia",No,Full-time,"MLOps, Statistics, AWS",51-200,316500.0,92,2026-07-13
JOB01755,AI Research Scientist,Senior,6.0,Orbital Systems,E-commerce,"London, UK",No,Full-time,"Computer Vision, Kubernetes, Machine Learning, LLMs, Azure, Deep Learning",51-200,181000.0,50,2026-01-17
JOB01757,NLP Engineer,Mid,3.0,Zenith Data Group,Manufacturing,"Dublin, Ireland",No,Full-time,"NLP, Python, PyTorch, Deep Learning, SQL",201-1000,113500.0,8,2025-09-09
JOB01758,BI Analyst,Entry,0.0,Skyline Data Co,Technology,"Dublin, Ireland",No,Full-time,"Tableau, SQL, Excel, GCP",201-1000,77000.0,39,2025-12-08
JOB01759,Principal Data Scientist,Senior,6.0,Corelytics,Telecommunications,"Sydney, Australia",No,Full-time,"Computer Vision, Azure, AWS, TensorFlow",1001-5000,187500.0,11,2025-08-31
JOB01760,Lead Data Engineer,Senior,6.0,Nexora AI,E-commerce,"Sydney, Australia",No,Full-time,"Azure, GCP, Machine Learning, AWS, MLOps, Tableau",1-50,151500.0,7,2026-06-04
JOB01761,Machine Learning Engineer,Mid,3.0,Bright Path AI,Manufacturing,Singapore,No,Contract,"Machine Learning, SQL, PyTorch, Python",1-50,106000.0,29,2026-03-16
JOB01762,Data Scientist,Mid,3.0,Novacore AI,Finance,"Austin, USA",No,Full-time,"SQL, Deep Learning, TensorFlow, Python, Power BI, Azure",1001-5000,120500.0,33,2025-10-09
JOB01763,NLP Engineer,Mid,3.0,Ironpeak Tech,Consulting,"Bengaluru, India",No,Full-time,"Deep Learning, PyTorch, Machine Learning, SQL, Azure",5000+,43500.0,52,2026-03-08
JOB01764,Principal Data Scientist,Senior,6.0,Novacore AI,Finance,Remote,Yes,Full-time,"Generative AI, Deep Learning, Machine Learning, GCP, Azure",51-200,188000.0,24,2026-02-10
JOB01765,Analytics Engineer,Mid,3.0,Vertex Analytics,Finance,"Berlin, Germany",No,Full-time,"TensorFlow, AWS, Spark, NLP, SQL, Azure",51-200,84000.0,35,2026-07-08
JOB01766,Machine Learning Engineer,Mid,3.0,Meridian Software,Automotive,"Bengaluru, India",No,Full-time,"NLP, Power BI, PyTorch, Python",201-1000,54000.0,4,2026-03-21
JOB01767,NLP Engineer,Mid,3.0,Corelytics,Gaming,"Berlin, Germany",No,Full-time,"PyTorch, SQL, NLP, Deep Learning, Power BI",51-200,85500.0,15,2026-01-31
JOB01768,ML Engineer I,Entry,0.0,DataForge,Finance,"Austin, USA",No,Full-time,"Data Visualization, Statistics, Python, SQL",1-50,91500.0,46,2026-05-30
JOB01769,Junior Data Scientist,Entry,0.0,Meridian Software,Technology,"Berlin, Germany",No,Full-time,"Tableau, Statistics, Python, SQL, Data Visualization",201-1000,47000.0,32,2026-01-02
JOB01770,Data Scientist,Mid,3.0,Zenith Data Group,Consulting,"Dublin, Ireland",No,Full-time,"NLP, Machine Learning, Python, TensorFlow",201-1000,105500.0,13,2026-03-13
JOB01771,Machine Learning Engineer,Mid,3.0,Meridian Software,Manufacturing,Singapore,Yes,Full-time,"SQL, Deep Learning, Python",1001-5000,116000.0,49,2025-09-30
JOB01772,Head of AI,Manager,10.0,Quantum Insight,Manufacturing,"Bengaluru, India",Yes,Full-time,"GCP, AWS, A/B Testing, MLOps, Generative AI, Python",1-50,86500.0,80,2025-07-18
JOB01773,Data Engineer I,Entry,0.0,Bluewave Tech,Manufacturing,"Sydney, Australia",No,Full-time,"Python, Tableau, SQL, Statistics, Docker",5000+,76500.0,25,2026-06-14
JOB01774,Data Scientist,Mid,3.0,Atlas Intelligence,Education,"Toronto, Canada",No,Full-time,"SQL, Deep Learning, AWS, TensorFlow",5000+,88500.0,18,2025-10-27
JOB01775,NLP Engineer,Mid,3.0,Fusion Analytics,Gaming,"London, UK",Yes,Full-time,"Python, AWS, NLP, TensorFlow",1001-5000,144000.0,45,2025-09-20
JOB01776,AI Engineer,Mid,3.0,Quantum Insight,Education,"Bengaluru, India",No,Full-time,"TensorFlow, Spark, Deep Learning, SQL, Tableau",1001-5000,41500.0,5,2025-08-15
JOB01777,Senior ML Engineer,Senior,6.0,Meridian Software,Finance,"Bengaluru, India",No,Contract,"Deep Learning, Computer Vision, GCP, NLP",51-200,64500.0,56,2026-02-08
JOB01778,Principal Data Scientist,Senior,6.0,Orbital Systems,Education,"London, UK",No,Full-time,"Kubernetes, Generative AI, Deep Learning",5000+,206500.0,68,2025-07-13
JOB01779,Computer Vision Engineer,Mid,3.0,Nexora AI,E-commerce,"Toronto, Canada",No,Contract,"TensorFlow, Python, Power BI",51-200,96500.0,51,2026-01-11
JOB01781,Data Engineer,Mid,3.0,Bluewave Tech,Technology,"Sydney, Australia",No,Full-time,"TensorFlow, SQL, Deep Learning, PyTorch, Machine Learning, MLOps",201-1000,94000.0,54,2025-07-03
JOB01782,AI Engineer,Mid,3.0,Orbital Systems,E-commerce,"London, UK",No,Full-time,"TensorFlow, AWS, Power BI, NLP, SQL, A/B Testing",1001-5000,122000.0,67,2025-08-10
JOB01783,Data Science Manager,Manager,10.0,Quantum Insight,Automotive,"San Francisco, USA",No,Full-time,"AWS, Generative AI, A/B Testing, LLMs, MLOps",201-1000,329500.0,69,2025-07-24
JOB01784,ML Engineer I,Entry,0.0,Corelytics,Education,"Austin, USA",Yes,Full-time,"Tableau, Excel, Data Visualization, Spark",1001-5000,84500.0,31,2026-03-20
JOB01785,Staff AI Engineer,Senior,6.0,Horizon Cloud,Finance,"Sydney, Australia",No,Full-time,"Generative AI, MLOps, GCP, LLMs, NLP",1001-5000,201000.0,38,2026-01-07
JOB01786,Data Engineer,Mid,3.0,Orbital Systems,Technology,"Dublin, Ireland",No,Full-time,"Python, NLP, Machine Learning, TensorFlow, AWS",51-200,102500.0,17,2025-09-26
JOB01787,Analytics Engineer,Mid,3.0,Fusion Analytics,Automotive,"Sydney, Australia",No,Full-time,"SQL, Power BI, TensorFlow, AWS, Data Visualization",201-1000,102500.0,101,2026-03-14
JOB01788,Lead Data Engineer,Senior,6.0,Clearline Systems,Finance,"New York, USA",No,Contract,"Generative AI, Computer Vision, AWS, Kubernetes, Deep Learning, Python",51-200,192000.0,11,2026-04-16
JOB01789,Data Engineer,Mid,3.0,Orbital Systems,Technology,"New York, USA",Yes,Full-time,"Deep Learning, Machine Learning, AWS, Power BI",51-200,127500.0,14,2026-03-17
JOB01790,AI Research Scientist,Senior,6.0,Fusion Analytics,Automotive,"Toronto, Canada",Yes,Full-time,"MLOps, GCP, NLP, Deep Learning, Generative AI, Tableau",51-200,170000.0,49,2026-02-26
JOB01791,Data Scientist,Mid,3.0,Orbital Systems,Consulting,"London, UK",No,Part-time,"PyTorch, Spark, SQL, Power BI, Python",51-200,108500.0,20,2025-07-07
JOB01792,Data Engineer,Mid,3.0,Northstar Labs,Automotive,Remote,Yes,Full-time,"AWS, Python, Deep Learning",51-200,94500.0,32,2026-05-12
JOB01793,Data Analyst,Entry,0.0,Northstar Labs,Education,Remote,Yes,Full-time,"SQL, Tableau, Statistics",1001-5000,64500.0,23,2025-09-02
JOB01794,Analytics Engineer,Mid,3.0,Skyline Data Co,Manufacturing,Remote,Yes,Full-time,"Machine Learning, Power BI, Python, TensorFlow, SQL",1-50,129500.0,162,2025-07-05
JOB01795,Data Engineer I,Entry,0.0,Vertex Analytics,Finance,"Austin, USA",No,Contract,"Statistics, Data Visualization, Excel, Tableau",1001-5000,80500.0,68,2026-07-13
JOB01796,Senior ML Engineer,Senior,6.0,Ironpeak Tech,Education,"San Francisco, USA",No,Full-time,"GCP, Computer Vision, Machine Learning, Kubernetes, Power BI",1-50,258500.0,15,2025-07-18
JOB01797,Principal Data Scientist,Senior,6.0,DataForge,Consulting,"Austin, USA",No,Full-time,"GCP, Computer Vision, LLMs, Machine Learning",1-50,207000.0,35,2026-02-23
JOB01798,Senior ML Engineer,Senior,6.0,Fusion Analytics,Gaming,Remote,Yes,Full-time,"MLOps, Kubernetes, Azure, Generative AI, Machine Learning, Power BI",51-200,155500.0,87,2026-01-22
JOB01799,Data Scientist,Mid,3.0,Corelytics,Education,"London, UK",No,Full-time,"Spark, TensorFlow, AWS, PyTorch, Deep Learning, Python",1001-5000,131000.0,33,2026-04-09
JOB01800,Data Engineer I,Entry,0.0,Silverline AI,Consulting,"London, UK",Yes,Full-time,"SQL, Statistics, Excel, LLMs",5000+,71000.0,7,2025-11-20
JOB01801,Analytics Engineer,Mid,3.0,Skyline Data Co,Telecommunications,"Austin, USA",No,Full-time,"Spark, Deep Learning, PyTorch",1-50,117500.0,184,2025-08-18
JOB01802,NLP Engineer,Mid,3.0,Novacore AI,Gaming,"Bengaluru, India",No,Full-time,"AWS, Spark, Power BI, Machine Learning",1001-5000,59000.0,26,2026-03-29
JOB01805,BI Analyst,Entry,0.0,Skyline Data Co,Technology,"Austin, USA",Yes,Contract,"Statistics, Tableau, SQL, Data Visualization, GCP",5000+,67500.0,19,2026-04-27
JOB01806,Data Engineer I,Entry,0.0,Orbital Systems,Healthcare,Remote,Yes,Full-time,"Statistics, SQL, Python",51-200,70500.0,39,2026-06-18
JOB01807,Machine Learning Engineer,Mid,3.0,Zenith Data Group,Healthcare,"Toronto, Canada",No,Full-time,"Power BI, TensorFlow, AWS, GCP",1-50,93500.0,130,2026-05-02
JOB01808,Data Engineer,Mid,3.0,Novacore AI,Education,"Dublin, Ireland",No,Full-time,"NLP, Python, Spark, Deep Learning",201-1000,90500.0,50,2026-06-02
JOB01809,Computer Vision Engineer,Mid,3.0,Northstar Labs,Automotive,Remote,Yes,Full-time,"Spark, Deep Learning, TensorFlow, Python, NLP",51-200,126000.0,47,2025-10-11
JOB01810,Analytics Engineer,Mid,3.0,Novacore AI,Manufacturing,"Berlin, Germany",No,Contract,"AWS, Deep Learning, Spark, Machine Learning, TensorFlow",1-50,88000.0,144,2025-10-27
JOB01811,Machine Learning Engineer,Mid,3.0,DataForge,Finance,"Berlin, Germany",No,Full-time,"TensorFlow, Machine Learning, Deep Learning, NLP, Kubernetes",1001-5000,103500.0,13,2025-11-28
JOB01812,Lead Data Engineer,Senior,6.0,Fusion Analytics,Gaming,"Bengaluru, India",No,Full-time,"Azure, NLP, Deep Learning, Machine Learning, LLMs, Data Visualization",1001-5000,66500.0,62,2025-09-13
JOB01813,ML Engineer I,Entry,0.0,Bluewave Tech,Consulting,"Austin, USA",Yes,Full-time,"Data Visualization, Python, Statistics, Computer Vision",1-50,83500.0,31,2025-09-10
JOB01814,Data Engineer I,Entry,0.0,Nexora AI,Technology,"Berlin, Germany",No,Full-time,"Data Visualization, Tableau, Statistics, Python, SQL",5000+,54500.0,29,2025-08-12
JOB01815,Senior ML Engineer,Senior,6.0,Zenith Data Group,Consulting,Remote,Yes,Full-time,"Machine Learning, MLOps, NLP, LLMs, Deep Learning, R",51-200,165500.0,10,2026-06-27
JOB01816,BI Analyst,Entry,0.0,DataForge,Education,"Toronto, Canada",No,Full-time,"Tableau, SQL, Excel",51-200,59500.0,52,2026-05-20
JOB01817,Data Analyst,Entry,0.0,Pulse Robotics,Telecommunications,Remote,Yes,Full-time,"Data Visualization, Excel, Statistics, SQL, A/B Testing",51-200,53500.0,34,2026-02-08
JOB01818,Data Analyst,Entry,0.0,DataForge,Finance,Singapore,No,Full-time,"Excel, Tableau, Statistics",1001-5000,67500.0,21,2026-01-26
JOB01819,ML Engineer I,Entry,0.0,Skyline Data Co,Healthcare,"London, UK",No,Full-time,"SQL, Statistics, Python, Tableau, Data Visualization, TensorFlow",1001-5000,81000.0,9,2025-12-22
JOB01820,Head of AI,Manager,10.0,Pulse Robotics,Healthcare,"London, UK",Yes,Full-time,"A/B Testing, Generative AI, AWS, Tableau",201-1000,290500.0,46,2025-08-11
JOB01821,Analytics Engineer,Mid,3.0,Atlas Intelligence,E-commerce,Singapore,Yes,Full-time,"PyTorch, AWS, SQL, Statistics",201-1000,117500.0,43,2026-06-22
JOB01822,NLP Engineer,Mid,3.0,Northstar Labs,Automotive,"Toronto, Canada",Yes,Full-time,"Machine Learning, SQL, Power BI, AWS",1-50,85000.0,80,2025-10-20
JOB01823,Data Scientist,Mid,3.0,Nexora AI,Gaming,"Dublin, Ireland",No,Contract,"Deep Learning, Power BI, Spark",5000+,92500.0,20,2025-12-20
JOB01824,AI Engineer,Mid,3.0,Skyline Data Co,Gaming,"Toronto, Canada",No,Full-time,"Deep Learning, NLP, AWS",5000+,90000.0,37,2025-07-11
JOB01825,Junior Data Scientist,Entry,0.0,Northstar Labs,Finance,"Austin, USA",Yes,Full-time,"Data Visualization, Statistics, Excel, SQL, Power BI",51-200,71000.0,53,2025-07-27
JOB01826,Staff AI Engineer,Senior,6.0,Horizon Cloud,Consulting,"Bengaluru, India",No,Contract,"GCP, Azure, LLMs, Machine Learning, Generative AI",5000+,70000.0,54,2025-07-26
JOB01827,Lead Data Engineer,Senior,6.0,Clearline Systems,Manufacturing,"San Francisco, USA",No,Full-time,"Kubernetes, Deep Learning, NLP, MLOps",5000+,232000.0,26,2025-08-20
JOB01828,VP of Machine Learning,Manager,10.0,Skyline Data Co,Finance,"New York, USA",Yes,Full-time,"GCP, Generative AI, MLOps, LLMs, AWS",5000+,306500.0,5,2026-06-08
JOB01830,Director of Data Science,Manager,10.0,Nexora AI,Automotive,Remote,Yes,Full-time,"GCP, MLOps, Generative AI, LLMs, R",1001-5000,275500.0,45,2025-09-13
JOB01831,Data Scientist,Mid,3.0,Clearline Systems,Consulting,"Sydney, Australia",No,Full-time,"Spark, Deep Learning, Python, SQL",1001-5000,133000.0,52,2025-08-17
JOB01832,Staff AI Engineer,Senior,6.0,Northstar Labs,Finance,Remote,Yes,Full-time,"Computer Vision, Azure, MLOps",5000+,166500.0,29,2026-01-28
JOB01833,AI Research Assistant,Entry,0.0,Bright Path AI,Technology,"London, UK",No,Full-time,"Tableau, SQL, Python, Statistics, Data Visualization",1001-5000,91000.0,42,2026-04-19
JOB01834,ML Engineer I,Entry,0.0,Zenith Data Group,Healthcare,"New York, USA",No,Full-time,"Tableau, Python, Statistics, Data Visualization, Spark",1001-5000,100000.0,24,2026-06-12
JOB01835,NLP Engineer,Mid,3.0,DataForge,Technology,"New York, USA",No,Full-time,"AWS, Power BI, NLP",51-200,128500.0,31,2026-04-30
JOB01836,Lead Data Engineer,Senior,6.0,Orbital Systems,Education,"Berlin, Germany",No,Full-time,"Machine Learning, LLMs, MLOps, Computer Vision",1001-5000,154000.0,52,2026-01-08
JOB01837,Staff AI Engineer,Senior,6.0,Nexora AI,E-commerce,"Austin, USA",No,Full-time,"Computer Vision, Machine Learning, AWS, Kubernetes, Generative AI",1001-5000,156000.0,10,2025-09-07
JOB01838,Junior Data Scientist,Entry,0.0,Ironpeak Tech,E-commerce,"Austin, USA",No,Full-time,"Tableau, Statistics, Data Visualization, Python, Spark",5000+,59500.0,16,2025-11-18
JOB01839,AI Engineer,Mid,3.0,Zenith Data Group,Gaming,"London, UK",Yes,Part-time,"Spark, Power BI, TensorFlow, PyTorch, Machine Learning",5000+,144000.0,31,2026-02-23
JOB01840,Data Engineer I,Entry,0.0,Pulse Robotics,Manufacturing,Remote,Yes,Full-time,"Data Visualization, Statistics, Tableau, Airflow",51-200,68500.0,23,2026-04-23
JOB01841,Lead Data Engineer,Senior,6.0,Skyline Data Co,Consulting,"San Francisco, USA",Yes,Full-time,"Computer Vision, MLOps, Deep Learning, Azure",1001-5000,246000.0,59,2026-04-21
JOB01842,Head of AI,Manager,10.0,Horizon Cloud,Gaming,"Toronto, Canada",No,Full-time,"GCP, MLOps, LLMs",5000+,279000.0,44,2025-11-18
JOB01843,ML Engineer I,Entry,0.0,Northstar Labs,Automotive,"New York, USA",Yes,Full-time,"Python, Statistics, Excel, Azure",5000+,75000.0,90,2025-07-25
JOB01844,AI Engineer,Mid,3.0,Bluewave Tech,Telecommunications,"Dublin, Ireland",Yes,Full-time,"Deep Learning, Spark, NLP",51-200,130000.0,52,2025-09-02
JOB01845,Data Analyst,Entry,0.0,Orbital Systems,E-commerce,"Sydney, Australia",No,Full-time,"Tableau, Data Visualization, Python, Excel, SQL",1-50,57500.0,60,2026-03-04
JOB01846,Data Scientist,Mid,3.0,Skyline Data Co,Manufacturing,"Bengaluru, India",No,Full-time,"NLP, TensorFlow, Machine Learning, Python, Power BI",1001-5000,45000.0,99,2026-05-03
JOB01847,AI Research Assistant,Entry,0.0,Ironpeak Tech,Education,"Sydney, Australia",Yes,Full-time,"Excel, SQL, Statistics, Tableau, Python",1001-5000,63500.0,46,2026-02-23
JOB01848,Senior ML Engineer,Senior,6.0,Corelytics,Manufacturing,"London, UK",No,Full-time,"Generative AI, AWS, Deep Learning, Azure, GCP, Computer Vision",51-200,206500.0,116,2026-01-01
JOB01849,AI Engineer,Mid,3.0,Ironpeak Tech,Gaming,"London, UK",No,Full-time,"Python, Spark, Machine Learning",1001-5000,143500.0,34,2026-05-16
JOB01851,Senior ML Engineer,Senior,6.0,Bluewave Tech,Manufacturing,"New York, USA",Yes,Full-time,"Machine Learning, NLP, Azure",51-200,211000.0,35,2026-01-03
JOB01852,Computer Vision Engineer,Mid,3.0,Corelytics,Finance,"Bengaluru, India",No,Full-time,"AWS, SQL, NLP, Python, Spark, LLMs",201-1000,58000.0,21,2026-01-01
JOB01853,VP of Machine Learning,Manager,10.0,Fusion Analytics,Education,Singapore,Yes,Full-time,"LLMs, Statistics, A/B Testing",1001-5000,290500.0,66,2025-07-12
JOB01854,AI Research Scientist,Senior,6.0,Ironpeak Tech,E-commerce,Remote,Yes,Contract,"Azure, Computer Vision, Generative AI, Kubernetes, AWS, Machine Learning",1001-5000,186000.0,60,2026-05-20
JOB01855,Senior ML Engineer,Senior,6.0,Fusion Analytics,Technology,"Sydney, Australia",Yes,Full-time,"Machine Learning, LLMs, Deep Learning, MLOps",1001-5000,140000.0,34,2025-12-15
JOB01857,BI Analyst,Entry,0.0,Clearline Systems,Automotive,"San Francisco, USA",No,Full-time,"Statistics, Python, Data Visualization, Computer Vision",51-200,100500.0,99,2026-05-30
JOB01858,Junior Data Scientist,Entry,0.0,Corelytics,Consulting,"London, UK",No,Full-time,"SQL, Tableau, Data Visualization",1-50,59000.0,15,2026-03-17
JOB01859,NLP Engineer,Mid,3.0,Meridian Software,Healthcare,Remote,Yes,Full-time,"SQL, Power BI, NLP, PyTorch, AWS, Docker",1001-5000,107000.0,95,2026-06-01
JOB01860,AI Research Scientist,Senior,6.0,Quantum Insight,Telecommunications,"Austin, USA",Yes,Full-time,"AWS, Deep Learning, NLP, Spark",1-50,216000.0,40,2025-10-08
JOB01861,AI Research Assistant,Entry,0.0,Bluewave Tech,E-commerce,"Dublin, Ireland",No,Full-time,"SQL, Tableau, Excel, Statistics, Data Visualization, Machine Learning",1-50,68000.0,33,2026-01-14
JOB01862,Machine Learning Engineer,Mid,3.0,Atlas Intelligence,E-commerce,"Austin, USA",Yes,Full-time,"SQL, Machine Learning, Spark, Python",1001-5000,136500.0,18,2025-10-18
JOB01863,Senior Data Scientist,Senior,6.0,Meridian Software,Telecommunications,"Dublin, Ireland",Yes,Full-time,"LLMs, Generative AI, Deep Learning, Machine Learning",5000+,153500.0,72,2025-09-30
JOB01864,BI Analyst,Entry,0.0,Pulse Robotics,Consulting,"New York, USA",No,Full-time,"Data Visualization, Excel, Statistics, SQL, Python",51-200,87000.0,39,2025-07-14
JOB01866,Data Engineer,Mid,3.0,Horizon Cloud,Technology,Remote,Yes,Full-time,"PyTorch, AWS, Python, Computer Vision",51-200,126000.0,41,2025-08-09
JOB01867,Junior Data Scientist,Entry,0.0,Atlas Intelligence,Technology,"Toronto, Canada",Yes,Full-time,"SQL, Data Visualization, Excel, Statistics, Tableau, Azure",51-200,67000.0,81,2025-07-02
JOB01868,BI Analyst,Entry,0.0,Quantum Insight,Education,"Toronto, Canada",No,Contract,"Data Visualization, Python, Tableau",1001-5000,55000.0,47,2026-05-11
JOB01869,Lead Data Engineer,Senior,6.0,Northstar Labs,Manufacturing,"Bengaluru, India",No,Full-time,"GCP, AWS, MLOps, Kubernetes",1001-5000,64000.0,42,2025-10-28
JOB01870,AI Research Scientist,Senior,6.0,Silverline AI,Telecommunications,"San Francisco, USA",No,Contract,"GCP, Generative AI, Machine Learning, NLP",1001-5000,199500.0,52,2025-11-27
JOB01871,AI Engineer,Mid,3.0,DataForge,Education,"Toronto, Canada",No,Full-time,"SQL, Python, NLP, Power BI, Spark, Generative AI",201-1000,125000.0,21,2026-05-08
JOB01872,Head of Analytics,Manager,10.0,Horizon Cloud,E-commerce,"Dublin, Ireland",Yes,Full-time,"AWS, LLMs, A/B Testing, MLOps",201-1000,198500.0,22,2025-08-15
JOB01873,Senior Data Scientist,Senior,6.0,Meridian Software,Automotive,Remote,Yes,Full-time,"GCP, Computer Vision, Kubernetes, Spark",51-200,148000.0,23,2025-07-09
JOB01874,VP of Machine Learning,Manager,10.0,Novacore AI,Telecommunications,"Bengaluru, India",Yes,Full-time,"Statistics, Generative AI, A/B Testing",1-50,133000.0,136,2026-02-15
JOB01875,Data Science Manager,Manager,10.0,Horizon Cloud,Education,"Berlin, Germany",No,Full-time,"Generative AI, MLOps, GCP",201-1000,184500.0,37,2025-10-20
JOB01876,AI Research Assistant,Entry,0.0,Quantum Insight,Healthcare,"Austin, USA",Yes,Full-time,"SQL, Data Visualization, Statistics, Tableau, Excel",201-1000,71000.0,101,2025-11-26
JOB01877,ML Engineer I,Entry,0.0,Atlas Intelligence,Gaming,"San Francisco, USA",Yes,Part-time,"Statistics, Data Visualization, SQL",5000+,80000.0,24,2026-05-25
JOB01878,Junior Data Scientist,Entry,0.0,Skyline Data Co,Healthcare,"Bengaluru, India",No,Full-time,"Python, Tableau, SQL, Data Visualization",5000+,29000.0,30,2026-03-16
JOB01880,Senior Data Scientist,Senior,6.0,Clearline Systems,Healthcare,"Sydney, Australia",No,Full-time,"LLMs, MLOps, Kubernetes, NLP",1001-5000,150000.0,11,2025-08-21
JOB01881,Data Engineer I,Entry,0.0,Quantum Insight,Manufacturing,"Berlin, Germany",No,Full-time,"Tableau, Data Visualization, Excel, Python, SQL",5000+,51000.0,84,2025-11-08
JOB01882,BI Analyst,Entry,0.0,Bluewave Tech,Consulting,"Austin, USA",No,Full-time,"Python, SQL, Tableau, Data Visualization",1-50,87000.0,21,2026-07-10
JOB01883,Director of Data Science,Manager,10.0,Clearline Systems,Manufacturing,Singapore,Yes,Full-time,"LLMs, GCP, AWS",1001-5000,227500.0,58,2026-02-27
JOB01884,Head of Analytics,Manager,10.0,Nexora AI,Education,"Austin, USA",Yes,Part-time,"A/B Testing, GCP, AWS, SQL",51-200,323000.0,24,2026-07-12
JOB01885,Data Engineer,Mid,3.0,Bluewave Tech,E-commerce,Remote,Yes,Contract,"Deep Learning, AWS, Power BI",5000+,94500.0,18,2026-06-05
JOB01886,BI Analyst,Entry,0.0,Northstar Labs,Telecommunications,"Dublin, Ireland",Yes,Full-time,"Tableau, SQL, Statistics, Machine Learning",1001-5000,61500.0,28,2026-01-27
JOB01887,Data Analyst,Entry,0.0,Orbital Systems,Finance,"Dublin, Ireland",Yes,Full-time,"Python, Data Visualization, Excel, Tableau, SQL",1001-5000,71000.0,30,2026-03-23
JOB01888,Computer Vision Engineer,Mid,3.0,Horizon Cloud,E-commerce,Singapore,Yes,Full-time,"Python, Machine Learning, SQL, TensorFlow, PyTorch, Data Visualization",1-50,106500.0,46,2026-01-05
JOB01889,AI Engineer,Mid,3.0,Bluewave Tech,Finance,"Bengaluru, India",No,Full-time,"Power BI, NLP, Machine Learning, SQL, R",1001-5000,58000.0,28,2026-06-19
JOB01890,AI Research Scientist,Senior,6.0,Novacore AI,Gaming,"New York, USA",Yes,Contract,"Kubernetes, Computer Vision, LLMs, Azure",201-1000,240500.0,28,2026-05-14
JOB01891,VP of Machine Learning,Manager,10.0,Zenith Data Group,Telecommunications,"Sydney, Australia",No,Full-time,"A/B Testing, MLOps, LLMs, Generative AI",51-200,201000.0,48,2025-09-30
JOB01892,Machine Learning Engineer,Mid,3.0,Silverline AI,Finance,"Austin, USA",No,Part-time,"TensorFlow, Deep Learning, Spark, NLP, Power BI",201-1000,130000.0,53,2026-03-07
JOB01893,Senior ML Engineer,Senior,6.0,DataForge,Automotive,"San Francisco, USA",Yes,Full-time,"Generative AI, MLOps, Azure, GCP, Deep Learning, AWS",5000+,200000.0,32,2026-02-15
JOB01894,BI Analyst,Entry,0.0,Bluewave Tech,E-commerce,"New York, USA",No,Full-time,"Excel, SQL, Data Visualization",51-200,66500.0,52,2025-08-17
JOB01895,Senior Data Scientist,Senior,6.0,Meridian Software,Education,"Toronto, Canada",No,Full-time,"GCP, Kubernetes, Generative AI, NLP, MLOps",51-200,187500.0,55,2026-01-05
JOB01896,Lead Data Engineer,Senior,6.0,Bluewave Tech,Manufacturing,Remote,Yes,Full-time,"AWS, LLMs, Deep Learning, Machine Learning, Computer Vision, Spark",201-1000,187000.0,50,2026-01-24
JOB01897,Lead Data Engineer,Senior,6.0,Meridian Software,Manufacturing,"Bengaluru, India",No,Full-time,"AWS, MLOps, Kubernetes",1-50,68000.0,64,2026-02-27
JOB01898,Computer Vision Engineer,Mid,3.0,Vertex Analytics,E-commerce,"Bengaluru, India",No,Full-time,"Deep Learning, Python, AWS, Kubernetes",201-1000,57000.0,24,2025-11-30
JOB01899,Staff AI Engineer,Senior,6.0,Pulse Robotics,Telecommunications,"New York, USA",No,Full-time,"Computer Vision, GCP, AWS, Deep Learning, Machine Learning",1001-5000,235500.0,101,2025-10-20
JOB01900,Head of Analytics,Manager,10.0,Novacore AI,Consulting,"Bengaluru, India",Yes,Full-time,"Statistics, GCP, AWS, A/B Testing",1001-5000,86000.0,59,2026-01-02
JOB01901,Data Engineer,Mid,3.0,Corelytics,Automotive,Remote,Yes,Full-time,"Python, Deep Learning, Machine Learning, SQL, NLP",5000+,131500.0,21,2026-02-13
JOB01902,Head of AI,Manager,10.0,Clearline Systems,Manufacturing,Remote,Yes,Full-time,"GCP, AWS, Generative AI, A/B Testing",1001-5000,250500.0,108,2025-12-25
JOB01903,Machine Learning Engineer,Mid,3.0,Novacore AI,E-commerce,"Berlin, Germany",No,Contract,"AWS, Python, Power BI, Deep Learning, Spark",51-200,100500.0,23,2025-07-04
JOB01904,BI Analyst,Entry,0.0,Northstar Labs,Consulting,"San Francisco, USA",No,Full-time,"Python, Data Visualization, Statistics, Excel",51-200,82000.0,55,2026-02-28
JOB01905,VP of Machine Learning,Manager,10.0,Horizon Cloud,Manufacturing,"Toronto, Canada",No,Full-time,"Statistics, GCP, A/B Testing, AWS, LLMs",5000+,217500.0,28,2026-04-19
JOB01906,VP of Machine Learning,Manager,10.0,Skyline Data Co,Automotive,Singapore,No,Full-time,"LLMs, GCP, A/B Testing, AWS",5000+,230000.0,236,2025-10-01
JOB01907,NLP Engineer,Mid,3.0,Clearline Systems,E-commerce,"London, UK",No,Full-time,"Spark, Deep Learning, Python, Machine Learning, PyTorch",5000+,119000.0,54,2025-07-21
JOB01908,Data Engineer,Mid,3.0,Horizon Cloud,Finance,"Dublin, Ireland",Yes,Full-time,"SQL, Python, NLP",201-1000,125500.0,14,2026-01-19
JOB01909,Junior Data Scientist,Entry,0.0,Silverline AI,Healthcare,"London, UK",No,Full-time,"Tableau, Python, Data Visualization, Excel, SQL, TensorFlow",1-50,76500.0,37,2025-09-26
JOB01910,Senior ML Engineer,Senior,6.0,Bluewave Tech,Gaming,"London, UK",No,Full-time,"MLOps, Computer Vision, AWS",51-200,200000.0,61,2026-04-24
JOB01911,Machine Learning Engineer,Mid,3.0,Zenith Data Group,Manufacturing,"Bengaluru, India",No,Full-time,"SQL, AWS, NLP",201-1000,56500.0,17,2025-08-08
JOB01912,Data Engineer,Mid,3.0,Silverline AI,Manufacturing,"Austin, USA",No,Full-time,"PyTorch, Deep Learning, TensorFlow, GCP",1-50,95500.0,42,2025-07-04
JOB01913,Principal Data Scientist,Senior,6.0,Fusion Analytics,Telecommunications,"Dublin, Ireland",No,Full-time,"Deep Learning, Computer Vision, Generative AI, Machine Learning",5000+,195000.0,82,2026-02-14
JOB01914,Director of Data Science,Manager,10.0,Atlas Intelligence,Technology,Remote,Yes,Full-time,"LLMs, AWS, MLOps, Tableau",5000+,282500.0,20,2026-06-25
JOB01915,Lead Data Engineer,Senior,6.0,Fusion Analytics,Telecommunications,Remote,Yes,Contract,"Computer Vision, Kubernetes, Generative AI",51-200,170500.0,25,2025-10-08
JOB01916,NLP Engineer,Mid,3.0,Ironpeak Tech,Education,"New York, USA",No,Contract,"Deep Learning, SQL, Python, TensorFlow, NLP",51-200,148500.0,55,2026-01-13
JOB01917,Data Scientist,Mid,3.0,Clearline Systems,Manufacturing,Singapore,Yes,Contract,"Machine Learning, Spark, Deep Learning, Power BI, LLMs",201-1000,102500.0,41,2026-03-04
JOB01918,Data Engineer,Mid,3.0,Horizon Cloud,Consulting,"Dublin, Ireland",Yes,Contract,"PyTorch, Power BI, SQL, Spark, TensorFlow",1-50,93000.0,29,2025-10-12
JOB01919,Data Engineer,Mid,3.0,Meridian Software,Manufacturing,"New York, USA",No,Full-time,"Machine Learning, Power BI, NLP, TensorFlow, Deep Learning",51-200,161000.0,85,2025-07-17
JOB01920,Director of Data Science,Manager,10.0,Silverline AI,Manufacturing,"Toronto, Canada",Yes,Full-time,"Generative AI, MLOps, AWS, GCP, SQL",5000+,288000.0,16,2025-07-29
JOB01921,BI Analyst,Entry,0.0,Vertex Analytics,Manufacturing,"New York, USA",Yes,Full-time,"Excel, Statistics, SQL, Data Visualization, Tableau",51-200,84000.0,5,2025-10-11
JOB01922,Data Engineer,Mid,3.0,Zenith Data Group,Education,"Austin, USA",Yes,Full-time,"PyTorch, Power BI, AWS, Deep Learning",5000+,122000.0,28,2025-12-25
JOB01923,Data Analyst,Entry,0.0,Orbital Systems,Healthcare,"Bengaluru, India",No,Full-time,"Statistics, Python, Data Visualization, Tableau",51-200,38500.0,74,2025-10-18
JOB01924,Data Engineer I,Entry,0.0,Bright Path AI,Technology,"Berlin, Germany",Yes,Full-time,"SQL, Data Visualization, Tableau, Statistics",5000+,71500.0,9,2025-09-09
JOB01925,Director of Data Science,Manager,10.0,Ironpeak Tech,Finance,"Sydney, Australia",No,Full-time,"Statistics, LLMs, MLOps, Generative AI, A/B Testing, Excel",1-50,196000.0,22,2026-01-24
JOB01926,AI Research Scientist,Senior,6.0,Meridian Software,E-commerce,"London, UK",Yes,Full-time,"GCP, Machine Learning, Kubernetes, Deep Learning, AWS",201-1000,219500.0,134,2026-04-23
JOB01927,Analytics Engineer,Mid,3.0,Zenith Data Group,Education,"New York, USA",No,Full-time,"Spark, TensorFlow, Python, AWS, Airflow",1-50,139000.0,41,2026-02-19
JOB01928,Computer Vision Engineer,Mid,3.0,DataForge,Gaming,"San Francisco, USA",No,Full-time,"Power BI, AWS, Spark, Deep Learning",201-1000,121000.0,16,2026-03-07
JOB01929,Computer Vision Engineer,Mid,3.0,Bluewave Tech,Gaming,"San Francisco, USA",No,Full-time,"Python, Power BI, NLP, TensorFlow, A/B Testing",5000+,141500.0,117,2026-06-20
JOB01930,Principal Data Scientist,Senior,6.0,Atlas Intelligence,Consulting,"Toronto, Canada",Yes,Full-time,"Computer Vision, Machine Learning, AWS, Power BI",51-200,138000.0,227,2026-02-25
JOB01931,Computer Vision Engineer,Mid,3.0,Atlas Intelligence,Telecommunications,"London, UK",Yes,Full-time,"Spark, Deep Learning, AWS, TensorFlow",51-200,103500.0,42,2025-11-18
JOB01932,Data Engineer I,Entry,0.0,Skyline Data Co,Telecommunications,Remote,Yes,Full-time,"Tableau, Statistics, Excel, A/B Testing",51-200,83500.0,87,2025-12-03
JOB01933,Analytics Engineer,Mid,3.0,Atlas Intelligence,Manufacturing,"London, UK",Yes,Full-time,"Python, SQL, TensorFlow",51-200,121500.0,10,2025-11-19
JOB01934,Staff AI Engineer,Senior,6.0,Ironpeak Tech,Finance,"San Francisco, USA",Yes,Full-time,"Machine Learning, Kubernetes, MLOps, Deep Learning, AWS",1001-5000,202500.0,23,2025-10-30
JOB01936,Data Engineer,Mid,3.0,Corelytics,Manufacturing,"Toronto, Canada",No,Full-time,"PyTorch, Machine Learning, Spark, Power BI, Deep Learning",201-1000,88000.0,53,2026-01-31
JOB01937,BI Analyst,Entry,0.0,Quantum Insight,E-commerce,"Dublin, Ireland",No,Full-time,"Excel, SQL, Tableau, TensorFlow",51-200,63500.0,8,2025-08-11
JOB01938,NLP Engineer,Mid,3.0,Quantum Insight,Healthcare,"Toronto, Canada",No,Full-time,"Spark, SQL, Power BI",201-1000,118500.0,150,2026-07-05
JOB01939,VP of Machine Learning,Manager,10.0,Meridian Software,Manufacturing,"Berlin, Germany",No,Full-time,"GCP, A/B Testing, MLOps",201-1000,256000.0,40,2026-03-07
JOB01940,Junior Data Scientist,Entry,0.0,Zenith Data Group,E-commerce,"Sydney, Australia",No,Full-time,"Excel, SQL, Statistics, Python, Data Visualization",1001-5000,75500.0,115,2025-12-20
JOB01941,BI Analyst,Entry,0.0,Bluewave Tech,Finance,Singapore,Yes,Full-time,"Excel, Data Visualization, SQL, Tableau, Statistics, Deep Learning",51-200,69000.0,70,2026-02-10
JOB01942,Staff AI Engineer,Senior,6.0,Zenith Data Group,Consulting,Singapore,No,Full-time,"Deep Learning, NLP, LLMs",201-1000,193000.0,24,2026-03-14
JOB01943,BI Analyst,Entry,0.0,Silverline AI,Automotive,"Toronto, Canada",No,Full-time,"Data Visualization, Excel, Python, Statistics, SQL",5000+,72000.0,37,2026-04-15
JOB01944,Computer Vision Engineer,Mid,3.0,Meridian Software,Healthcare,"Toronto, Canada",No,Full-time,"SQL, TensorFlow, Python, Spark",201-1000,88500.0,51,2026-02-08
JOB01945,Data Analyst,Entry,0.0,Fusion Analytics,Healthcare,"London, UK",No,Full-time,"Data Visualization, Tableau, Excel, Python, SQL",5000+,89500.0,77,2026-06-23
JOB01946,Computer Vision Engineer,Mid,3.0,Bright Path AI,Manufacturing,"Toronto, Canada",No,Contract,"Spark, SQL, TensorFlow, GCP",1001-5000,118500.0,30,2025-07-19
JOB01947,Head of Analytics,Manager,10.0,Bluewave Tech,Telecommunications,Remote,Yes,Full-time,"Generative AI, LLMs, GCP",201-1000,244000.0,28,2026-01-17
JOB01948,Data Engineer,Mid,3.0,Clearline Systems,Automotive,"Dublin, Ireland",Yes,Full-time,"Machine Learning, Deep Learning, Power BI, SQL, NLP, AWS",5000+,91000.0,105,2026-04-15
JOB01949,BI Analyst,Entry,0.0,Bluewave Tech,Technology,Singapore,Yes,Full-time,"Python, Excel, Data Visualization, SQL, Statistics",51-200,71000.0,12,2026-06-13
JOB01950,Analytics Engineer,Mid,3.0,Meridian Software,Finance,"Bengaluru, India",No,Full-time,"AWS, SQL, Machine Learning, PyTorch, Spark",5000+,61000.0,91,2026-03-11
JOB01951,VP of Machine Learning,Manager,10.0,DataForge,Consulting,"Austin, USA",No,Full-time,"AWS, Generative AI, LLMs, A/B Testing, MLOps",51-200,219500.0,98,2025-09-27
JOB01952,Machine Learning Engineer,Mid,3.0,Ironpeak Tech,Telecommunications,"Bengaluru, India",Yes,Full-time,"Deep Learning, Machine Learning, TensorFlow, SQL",51-200,45000.0,8,2026-03-26
JOB01953,Data Engineer I,Entry,0.0,Zenith Data Group,Automotive,Singapore,No,Full-time,"Tableau, Statistics, Data Visualization, SQL, Python",5000+,59000.0,60,2025-10-13
JOB01954,Data Engineer I,Entry,0.0,Zenith Data Group,Gaming,"Berlin, Germany",No,Full-time,"SQL, Python, Excel, Tableau, Statistics",201-1000,48500.0,73,2026-01-17
JOB01955,Machine Learning Engineer,Mid,3.0,Meridian Software,Telecommunications,"New York, USA",No,Full-time,"Spark, Power BI, Machine Learning, TensorFlow, SQL",51-200,114500.0,175,2025-12-23
JOB01956,Computer Vision Engineer,Mid,3.0,Vertex Analytics,Gaming,"New York, USA",No,Full-time,"PyTorch, NLP, Deep Learning, AWS, Machine Learning",1001-5000,133000.0,6,2025-11-14
JOB01957,Principal Data Scientist,Senior,6.0,Quantum Insight,Healthcare,"Berlin, Germany",No,Full-time,"MLOps, Computer Vision, GCP, Deep Learning",1-50,124000.0,44,2026-01-01
JOB01959,AI Engineer,Mid,3.0,Horizon Cloud,Telecommunications,Singapore,No,Full-time,"Python, Deep Learning, Power BI, SQL, NLP",201-1000,122500.0,36,2026-05-24
JOB01960,AI Engineer,Mid,3.0,Vertex Analytics,Finance,"Toronto, Canada",No,Full-time,"TensorFlow, PyTorch, Spark, Deep Learning",51-200,125500.0,23,2025-09-01
JOB01961,Data Science Manager,Manager,10.0,Pulse Robotics,Manufacturing,"Bengaluru, India",Yes,Full-time,"AWS, MLOps, Statistics, GCP",51-200,96000.0,49,2026-02-16
JOB01962,Data Analyst,Entry,0.0,Corelytics,Finance,"Berlin, Germany",Yes,Full-time,"Statistics, Data Visualization, SQL, Excel, Tableau",201-1000,72000.0,58,2025-10-02
JOB01963,Analytics Engineer,Mid,3.0,Horizon Cloud,Gaming,"Dublin, Ireland",No,Contract,"Machine Learning, Spark, AWS, PyTorch, Computer Vision",5000+,113500.0,38,2026-03-14
JOB01964,Data Engineer,Mid,3.0,Atlas Intelligence,E-commerce,"Austin, USA",No,Full-time,"TensorFlow, AWS, SQL, Deep Learning, PyTorch",51-200,102000.0,42,2025-11-03
JOB01965,Junior Data Scientist,Entry,0.0,Silverline AI,E-commerce,Singapore,Yes,Full-time,"Data Visualization, Excel, Tableau",1001-5000,68500.0,49,2025-10-06
JOB01966,Junior Data Scientist,Entry,0.0,Bright Path AI,Telecommunications,"Dublin, Ireland",No,Full-time,"Statistics, Tableau, Excel, Data Visualization, LLMs",5000+,78500.0,13,2026-06-28
JOB01967,Senior ML Engineer,Senior,6.0,Pulse Robotics,Technology,"Sydney, Australia",No,Full-time,"NLP, Computer Vision, MLOps, GCP, AWS",201-1000,191500.0,48,2025-09-23
JOB01969,ML Engineer I,Entry,0.0,Quantum Insight,Consulting,"London, UK",Yes,Full-time,"SQL, Statistics, Excel, Data Visualization, Python, Generative AI",51-200,91500.0,22,2025-08-27
JOB01970,Data Engineer I,Entry,0.0,Quantum Insight,E-commerce,"Dublin, Ireland",No,Full-time,"Excel, Statistics, SQL",1001-5000,77500.0,39,2026-02-23
JOB01971,Machine Learning Engineer,Mid,3.0,Silverline AI,Manufacturing,Remote,Yes,Contract,"TensorFlow, SQL, PyTorch, Deep Learning, Machine Learning",5000+,119000.0,28,2026-06-03
JOB01972,AI Research Assistant,Entry,0.0,Bright Path AI,Healthcare,"Sydney, Australia",No,Full-time,"SQL, Python, Excel, Airflow",201-1000,57000.0,40,2025-07-02
JOB01973,Principal Data Scientist,Senior,6.0,Zenith Data Group,Healthcare,"San Francisco, USA",No,Contract,"Computer Vision, AWS, MLOps",1-50,264000.0,50,2025-11-12
JOB01974,Data Scientist,Mid,3.0,Clearline Systems,Finance,"Bengaluru, India",Yes,Part-time,"NLP, Machine Learning, Spark, Python",201-1000,46000.0,44,2026-03-01
JOB01975,Senior Data Scientist,Senior,6.0,Silverline AI,Telecommunications,"Bengaluru, India",No,Contract,"NLP, GCP, Azure, MLOps, Generative AI",201-1000,93000.0,18,2025-07-25
JOB01976,Data Engineer I,Entry,0.0,Atlas Intelligence,Healthcare,Remote,Yes,Full-time,"Excel, Tableau, Statistics, SQL",1001-5000,73000.0,10,2025-12-19
JOB01977,Computer Vision Engineer,Mid,3.0,Silverline AI,Finance,"Toronto, Canada",No,Full-time,"SQL, NLP, Machine Learning, TensorFlow",1-50,120000.0,75,2026-06-25
JOB01978,Machine Learning Engineer,Mid,3.0,Horizon Cloud,E-commerce,"Austin, USA",No,Full-time,"NLP, AWS, Python, Spark, Computer Vision",51-200,96500.0,13,2025-10-15
JOB01979,Director of Data Science,Manager,10.0,Fusion Analytics,Finance,Remote,Yes,Contract,"LLMs, GCP, Statistics, AWS, Generative AI",201-1000,231500.0,99,2025-07-31
JOB01980,Principal Data Scientist,Senior,6.0,Corelytics,E-commerce,"Berlin, Germany",No,Full-time,"Azure, Kubernetes, Deep Learning",5000+,136500.0,40,2026-04-11
JOB01981,NLP Engineer,Mid,3.0,Fusion Analytics,Education,"Sydney, Australia",Yes,Full-time,"SQL, PyTorch, Python, Deep Learning, Machine Learning",201-1000,130500.0,51,2025-10-12
JOB01982,Data Engineer,Mid,3.0,Corelytics,Technology,"Sydney, Australia",No,Full-time,"Python, SQL, TensorFlow, NLP, Spark",201-1000,114000.0,16,2025-12-18
JOB01984,Senior ML Engineer,Senior,6.0,Novacore AI,Consulting,"San Francisco, USA",No,Full-time,"MLOps, Azure, Machine Learning",1001-5000,219000.0,78,2025-07-10
JOB01985,Computer Vision Engineer,Mid,3.0,Bluewave Tech,Consulting,"San Francisco, USA",Yes,Full-time,"SQL, NLP, Python, Spark, TensorFlow",201-1000,122500.0,21,2026-05-04
JOB01987,BI Analyst,Entry,0.0,Orbital Systems,E-commerce,"San Francisco, USA",No,Full-time,"SQL, Excel, Tableau",5000+,107500.0,24,2025-12-22
JOB01988,Senior ML Engineer,Senior,6.0,Ironpeak Tech,Manufacturing,"Toronto, Canada",No,Full-time,"AWS, Azure, MLOps, R",201-1000,184500.0,39,2025-12-30
JOB01990,Head of Analytics,Manager,10.0,Ironpeak Tech,Gaming,"Dublin, Ireland",Yes,Full-time,"Generative AI, MLOps, Statistics, AWS, GCP",51-200,233500.0,43,2025-07-26
JOB01992,NLP Engineer,Mid,3.0,Fusion Analytics,Healthcare,"Austin, USA",Yes,Full-time,"PyTorch, Deep Learning, NLP, Power BI, AWS",1-50,125500.0,23,2026-06-22
JOB01993,Computer Vision Engineer,Mid,3.0,Nexora AI,Manufacturing,"Toronto, Canada",No,Full-time,"Spark, TensorFlow, Deep Learning, Python",1-50,83000.0,18,2025-11-10
JOB01994,Principal Data Scientist,Senior,6.0,Bluewave Tech,Healthcare,"Berlin, Germany",No,Full-time,"Computer Vision, GCP, Kubernetes, Generative AI, LLMs, Statistics",1001-5000,147000.0,47,2026-07-04
JOB01995,AI Research Assistant,Entry,0.0,Novacore AI,Automotive,"Austin, USA",Yes,Full-time,"Tableau, Statistics, Excel, SQL, Python",1-50,76500.0,43,2026-02-22
JOB01996,Data Engineer I,Entry,0.0,Northstar Labs,Telecommunications,"London, UK",No,Full-time,"Python, SQL, Data Visualization, Statistics",201-1000,62000.0,69,2025-08-14
JOB01997,Data Engineer I,Entry,0.0,Fusion Analytics,Finance,"Bengaluru, India",No,Full-time,"Excel, Data Visualization, Tableau, Statistics, A/B Testing",1001-5000,36000.0,119,2025-12-12
JOB01998,Analytics Engineer,Mid,3.0,Ironpeak Tech,E-commerce,Singapore,Yes,Part-time,"Deep Learning, NLP, Power BI",5000+,136000.0,26,2025-11-13
JOB01999,Computer Vision Engineer,Mid,3.0,Fusion Analytics,Technology,"Dublin, Ireland",No,Full-time,"Spark, Machine Learning, Python, PyTorch, MLOps",51-200,92500.0,28,2025-08-13
JOB02000,Data Analyst,Entry,0.0,Horizon Cloud,Technology,"New York, USA",No,Full-time,"Python, Data Visualization, Statistics",51-200,81500.0,46,2026-03-15
JOB02001,Computer Vision Engineer,Mid,3.0,Fusion Analytics,Consulting,"Berlin, Germany",No,Full-time,"NLP, SQL, AWS, PyTorch, LLMs",201-1000,103500.0,20,2025-10-21
JOB02002,Principal Data Scientist,Senior,6.0,Vertex Analytics,Healthcare,"Bengaluru, India",No,Part-time,"Computer Vision, Machine Learning, Deep Learning, Statistics",201-1000,64500.0,39,2025-11-30
JOB02004,Senior Data Scientist,Senior,6.0,Ironpeak Tech,Automotive,"Berlin, Germany",No,Full-time,"Kubernetes, AWS, Azure",201-1000,145000.0,8,2026-05-06
JOB02005,ML Engineer I,Entry,0.0,Skyline Data Co,Consulting,"Bengaluru, India",Yes,Full-time,"Statistics, Python, Data Visualization",51-200,31500.0,138,2025-08-01
JOB02006,Data Engineer I,Entry,0.0,Nexora AI,Education,"New York, USA",No,Full-time,"Excel, Data Visualization, Statistics, SQL",1001-5000,101000.0,94,2026-06-02
JOB02007,Data Engineer,Mid,3.0,Corelytics,Automotive,"Sydney, Australia",No,Part-time,"NLP, TensorFlow, Deep Learning, Power BI",1001-5000,95000.0,68,2026-03-05
JOB02008,Head of Analytics,Manager,10.0,Zenith Data Group,Consulting,"Austin, USA",No,Full-time,"MLOps, Statistics, A/B Testing, AWS, NLP",1001-5000,202000.0,31,2025-10-29
JOB02009,Junior Data Scientist,Entry,0.0,Clearline Systems,Education,"Berlin, Germany",Yes,Full-time,"Excel, Tableau, SQL, Python, Statistics",201-1000,70500.0,24,2026-06-04
JOB02010,ML Engineer I,Entry,0.0,Corelytics,Gaming,"Dublin, Ireland",No,Full-time,"Excel, Statistics, Python, Data Visualization, SQL",51-200,57500.0,53,2026-01-31
JOB02011,ML Engineer I,Entry,0.0,Fusion Analytics,Gaming,"Sydney, Australia",No,Full-time,"Statistics, SQL, Excel, Data Visualization, Power BI",5000+,89000.0,82,2025-07-14
JOB02012,AI Research Scientist,Senior,6.0,Bluewave Tech,Healthcare,Remote,Yes,Full-time,"AWS, NLP, LLMs, Computer Vision, MLOps, Airflow",1001-5000,185000.0,41,2025-10-27
JOB02013,Machine Learning Engineer,Mid,3.0,Meridian Software,Technology,"London, UK",Yes,Full-time,"Python, Spark, Deep Learning, TensorFlow",1-50,95500.0,14,2026-04-29
JOB02014,AI Engineer,Mid,3.0,Quantum Insight,Manufacturing,Singapore,No,Contract,"AWS, Python, Power BI, Deep Learning",51-200,134000.0,68,2025-12-07
JOB02015,Data Engineer,Mid,3.0,Clearline Systems,Education,"London, UK",No,Contract,"Python, SQL, AWS, PyTorch, Spark",5000+,120000.0,43,2026-03-04
JOB02016,AI Engineer,Mid,3.0,Horizon Cloud,Technology,"London, UK",Yes,Full-time,"Deep Learning, AWS, Spark",1-50,102000.0,74,2026-04-12
JOB02017,Head of AI,Manager,10.0,Silverline AI,Manufacturing,"Toronto, Canada",No,Full-time,"AWS, LLMs, MLOps",51-200,185000.0,120,2026-05-30
JOB02018,Lead Data Engineer,Senior,6.0,Silverline AI,Manufacturing,"Berlin, Germany",No,Full-time,"MLOps, Deep Learning, GCP, Machine Learning, Kubernetes",51-200,142000.0,77,2026-02-24
JOB02019,Computer Vision Engineer,Mid,3.0,Northstar Labs,E-commerce,Singapore,No,Full-time,"Deep Learning, PyTorch, NLP, SQL",5000+,139000.0,66,2025-08-09
JOB02020,Data Engineer,Mid,3.0,Quantum Insight,Telecommunications,"Toronto, Canada",No,Full-time,"PyTorch, Machine Learning, AWS",51-200,118500.0,25,2025-12-01
JOB02021,Machine Learning Engineer,Mid,3.0,Bright Path AI,Finance,"Berlin, Germany",No,Full-time,"TensorFlow, Python, Deep Learning, AWS",51-200,85500.0,90,2025-10-03
JOB02023,Junior Data Scientist,Entry,0.0,Fusion Analytics,Automotive,"Toronto, Canada",Yes,Full-time,"SQL, Excel, Tableau",51-200,56000.0,36,2026-01-31
JOB02024,Staff AI Engineer,Senior,6.0,Bright Path AI,Gaming,"San Francisco, USA",No,Full-time,"Machine Learning, Generative AI, Kubernetes, Tableau",51-200,188000.0,56,2025-12-25
JOB02025,Data Scientist,Mid,3.0,Skyline Data Co,Telecommunications,Remote,Yes,Full-time,"Power BI, Machine Learning, AWS, Spark",5000+,104500.0,51,2025-12-10
JOB02026,Data Scientist,Mid,3.0,Ironpeak Tech,Education,"Toronto, Canada",No,Full-time,"SQL, Deep Learning, Power BI",5000+,84500.0,44,2026-03-11
JOB02027,Machine Learning Engineer,Mid,3.0,Quantum Insight,Manufacturing,"Toronto, Canada",Yes,Full-time,"PyTorch, Machine Learning, Python, Power BI",51-200,81500.0,72,2025-11-18
JOB02028,Data Engineer,Mid,3.0,Ironpeak Tech,Telecommunications,"Toronto, Canada",No,Full-time,"Python, Spark, Machine Learning, TensorFlow, NLP, Data Visualization",51-200,108000.0,76,2025-10-09
JOB02029,Data Analyst,Entry,0.0,Orbital Systems,Education,Remote,Yes,Full-time,"Python, Tableau, Data Visualization, SQL",5000+,84500.0,104,2026-02-13
JOB02030,Staff AI Engineer,Senior,6.0,Silverline AI,Telecommunications,Singapore,No,Full-time,"Kubernetes, Machine Learning, AWS, NLP, MLOps",1-50,203500.0,36,2025-10-06
JOB02031,AI Research Assistant,Entry,0.0,Orbital Systems,Healthcare,Remote,Yes,Full-time,"Tableau, Data Visualization, SQL",51-200,61500.0,5,2026-04-04
JOB02032,VP of Machine Learning,Manager,10.0,Ironpeak Tech,E-commerce,"Dublin, Ireland",No,Full-time,"Statistics, MLOps, AWS",1001-5000,195000.0,53,2026-04-02
JOB02033,AI Research Assistant,Entry,0.0,Zenith Data Group,E-commerce,"Austin, USA",No,Full-time,"Excel, Tableau, SQL",51-200,66000.0,183,2026-03-06
JOB02034,Machine Learning Engineer,Mid,3.0,Bluewave Tech,Gaming,"London, UK",Yes,Full-time,"PyTorch, Deep Learning, TensorFlow",201-1000,124000.0,33,2026-04-15
JOB02035,Data Engineer I,Entry,0.0,Northstar Labs,Gaming,"London, UK",No,Contract,"Data Visualization, SQL, Tableau, Python, Excel, A/B Testing",5000+,66500.0,53,2026-07-07
JOB02036,NLP Engineer,Mid,3.0,Horizon Cloud,Healthcare,"San Francisco, USA",No,Contract,"SQL, AWS, NLP, PyTorch, TensorFlow",5000+,126500.0,44,2026-07-01
JOB02037,AI Engineer,Mid,3.0,Atlas Intelligence,Manufacturing,"San Francisco, USA",No,Full-time,"Spark, AWS, Machine Learning, TensorFlow, NLP",51-200,150500.0,49,2026-02-20
JOB02039,NLP Engineer,Mid,3.0,Clearline Systems,Gaming,"Berlin, Germany",Yes,Full-time,"Python, Deep Learning, AWS",1-50,82500.0,12,2025-12-24
JOB02040,BI Analyst,Entry,0.0,Atlas Intelligence,Technology,"Austin, USA",No,Full-time,"Excel, Tableau, Statistics, Python",1-50,93500.0,12,2025-12-30
JOB02041,BI Analyst,Entry,0.0,Quantum Insight,Consulting,"London, UK",No,Full-time,"Python, Statistics, Data Visualization, Excel, Tableau, PyTorch",201-1000,66500.0,34,2026-03-09
JOB02042,ML Engineer I,Entry,0.0,Clearline Systems,Healthcare,"San Francisco, USA",No,Full-time,"SQL, Data Visualization, Statistics, Python, Machine Learning",1001-5000,75500.0,37,2026-03-09
JOB02043,Data Scientist,Mid,3.0,Quantum Insight,Automotive,"Austin, USA",No,Full-time,"AWS, SQL, NLP, Python, Tableau",1001-5000,107500.0,40,2025-11-26
JOB02044,VP of Machine Learning,Manager,10.0,Bluewave Tech,Healthcare,"Dublin, Ireland",No,Full-time,"Generative AI, LLMs, A/B Testing, GCP",1001-5000,289500.0,26,2025-12-10
JOB02045,Data Engineer I,Entry,0.0,Ironpeak Tech,Education,"Toronto, Canada",No,Full-time,"Python, Excel, Statistics, Data Visualization",201-1000,59000.0,45,2026-04-09
JOB02046,NLP Engineer,Mid,3.0,Quantum Insight,Consulting,"Austin, USA",No,Full-time,"SQL, Python, Deep Learning, Data Visualization",51-200,141000.0,57,2025-11-09
JOB02047,Machine Learning Engineer,Mid,3.0,Atlas Intelligence,Gaming,"Berlin, Germany",Yes,Full-time,"AWS, PyTorch, TensorFlow, NLP, Excel",51-200,110000.0,6,2026-04-11
JOB02048,Analytics Engineer,Mid,3.0,Orbital Systems,Technology,"Berlin, Germany",No,Full-time,"Python, Spark, TensorFlow, NLP",1001-5000,103000.0,151,2026-04-13
JOB02049,Principal Data Scientist,Senior,6.0,Pulse Robotics,Automotive,"Austin, USA",No,Full-time,"NLP, MLOps, LLMs, Azure, AWS, Generative AI",201-1000,200500.0,61,2025-09-06
JOB02051,Analytics Engineer,Mid,3.0,Zenith Data Group,Manufacturing,Remote,Yes,Full-time,"Deep Learning, PyTorch, Power BI, Python, SQL",201-1000,125000.0,72,2026-03-17
JOB02052,Principal Data Scientist,Senior,6.0,Skyline Data Co,Healthcare,Remote,Yes,Full-time,"Machine Learning, LLMs, NLP, Kubernetes",201-1000,142500.0,89,2026-04-24
JOB02053,BI Analyst,Entry,0.0,Silverline AI,Manufacturing,"Toronto, Canada",No,Full-time,"Python, Tableau, Excel, Statistics, Computer Vision",5000+,68500.0,126,2026-02-24
JOB02055,BI Analyst,Entry,0.0,Vertex Analytics,Healthcare,"Austin, USA",Yes,Full-time,"Excel, Data Visualization, Statistics, SQL, Python",51-200,68000.0,35,2026-05-10
JOB02056,AI Research Assistant,Entry,0.0,Clearline Systems,Healthcare,"Toronto, Canada",Yes,Full-time,"SQL, Python, Statistics, Data Visualization, Tableau",1001-5000,61000.0,88,2026-05-11
JOB02057,AI Research Assistant,Entry,0.0,Quantum Insight,E-commerce,"Toronto, Canada",No,Full-time,"Statistics, Python, Data Visualization",201-1000,70000.0,94,2025-09-20
JOB02058,Analytics Engineer,Mid,3.0,Bluewave Tech,Consulting,"New York, USA",Yes,Contract,"PyTorch, Python, Machine Learning, Tableau",201-1000,136000.0,57,2025-07-25
JOB02059,BI Analyst,Entry,0.0,Fusion Analytics,Consulting,"Austin, USA",Yes,Full-time,"Tableau, Python, SQL, Data Visualization",201-1000,81000.0,91,2026-01-26
JOB02060,Junior Data Scientist,Entry,0.0,Atlas Intelligence,Telecommunications,"Toronto, Canada",No,Full-time,"Tableau, Data Visualization, Statistics, Airflow",1001-5000,80000.0,32,2026-05-28
JOB02061,BI Analyst,Entry,0.0,Orbital Systems,Manufacturing,"New York, USA",No,Full-time,"Tableau, Statistics, Excel, Data Visualization, SQL",201-1000,91000.0,34,2025-09-11
JOB02062,BI Analyst,Entry,0.0,Meridian Software,Consulting,"Berlin, Germany",Yes,Full-time,"Tableau, Data Visualization, Excel, Statistics, Power BI",51-200,71500.0,109,2026-06-22
JOB02063,Senior Data Scientist,Senior,6.0,Atlas Intelligence,Automotive,Remote,Yes,Full-time,"AWS, Machine Learning, GCP, NLP",1001-5000,167500.0,27,2026-01-03
JOB02064,ML Engineer I,Entry,0.0,Ironpeak Tech,Automotive,Singapore,No,Full-time,"SQL, Tableau, Excel, Python, Data Visualization, TensorFlow",51-200,87500.0,6,2025-12-31
JOB02065,AI Research Scientist,Senior,6.0,Skyline Data Co,Consulting,Remote,Yes,Part-time,"LLMs, Deep Learning, MLOps",201-1000,193500.0,119,2025-08-18
JOB02066,Senior ML Engineer,Senior,6.0,DataForge,Automotive,"Dublin, Ireland",No,Full-time,"MLOps, GCP, LLMs",51-200,186000.0,50,2025-07-27
JOB02067,BI Analyst,Entry,0.0,Quantum Insight,Automotive,"San Francisco, USA",No,Full-time,"Statistics, SQL, Excel, Data Visualization",1-50,71500.0,57,2025-09-02
JOB02069,Data Scientist,Mid,3.0,Horizon Cloud,Finance,Remote,Yes,Full-time,"Power BI, Deep Learning, Machine Learning, TensorFlow",201-1000,115000.0,13,2026-01-20
JOB02070,Data Analyst,Entry,0.0,Orbital Systems,Education,Singapore,No,Contract,"Data Visualization, SQL, Excel",201-1000,74500.0,41,2025-09-03
JOB02071,AI Research Assistant,Entry,0.0,Pulse Robotics,Technology,"Sydney, Australia",No,Full-time,"SQL, Statistics, Tableau, Data Visualization, Airflow",201-1000,61000.0,122,2025-07-11
JOB02073,Staff AI Engineer,Senior,6.0,Novacore AI,Consulting,"Toronto, Canada",No,Full-time,"LLMs, Kubernetes, GCP, AWS, Airflow",201-1000,142000.0,43,2026-02-03
JOB02074,AI Engineer,Mid,3.0,Ironpeak Tech,Automotive,"Dublin, Ireland",Yes,Full-time,"Deep Learning, TensorFlow, AWS, NLP",1-50,101500.0,70,2026-04-20
JOB02075,ML Engineer I,Entry,0.0,Skyline Data Co,Manufacturing,"Bengaluru, India",Yes,Full-time,"Tableau, Statistics, Python, Excel, Data Visualization, R",51-200,38500.0,77,2026-01-30
JOB02076,ML Engineer I,Entry,0.0,Atlas Intelligence,Technology,"Berlin, Germany",Yes,Full-time,"Excel, Data Visualization, Python, AWS",51-200,47000.0,48,2025-12-09
JOB02077,AI Research Assistant,Entry,0.0,DataForge,Technology,Remote,Yes,Full-time,"Tableau, Statistics, Data Visualization, Excel, SQL",1001-5000,80000.0,105,2025-09-10
JOB02078,Principal Data Scientist,Senior,6.0,Skyline Data Co,Consulting,"Sydney, Australia",No,Full-time,"NLP, LLMs, Generative AI, GCP",51-200,179000.0,55,2025-09-07
JOB02079,Data Engineer I,Entry,0.0,Meridian Software,Gaming,"San Francisco, USA",No,Full-time,"Python, Statistics, Excel, Tableau",1001-5000,91000.0,19,2026-06-12
JOB02080,Machine Learning Engineer,Mid,3.0,Quantum Insight,E-commerce,"Berlin, Germany",Yes,Full-time,"Machine Learning, NLP, TensorFlow, Python, Computer Vision",201-1000,118500.0,88,2025-10-08
JOB02081,Analytics Engineer,Mid,3.0,Northstar Labs,Healthcare,"London, UK",Yes,Full-time,"AWS, SQL, Power BI, Computer Vision",1-50,126500.0,46,2026-02-20
JOB02082,BI Analyst,Entry,0.0,Clearline Systems,Manufacturing,"Austin, USA",No,Full-time,"Tableau, Statistics, SQL, Data Visualization, Excel, PyTorch",51-200,58000.0,34,2025-07-24
JOB02083,BI Analyst,Entry,0.0,Vertex Analytics,Gaming,"San Francisco, USA",No,Full-time,"Python, Excel, SQL, Docker",1001-5000,93500.0,11,2025-12-06
JOB02084,NLP Engineer,Mid,3.0,Northstar Labs,Consulting,"Bengaluru, India",Yes,Full-time,"NLP, Power BI, AWS, SQL",1001-5000,46500.0,6,2025-08-09
JOB02085,BI Analyst,Entry,0.0,Orbital Systems,E-commerce,"Toronto, Canada",No,Full-time,"Python, Statistics, Tableau",51-200,71000.0,65,2026-03-27
JOB02086,Junior Data Scientist,Entry,0.0,Corelytics,Manufacturing,"Berlin, Germany",Yes,Full-time,"Data Visualization, Excel, Statistics, SQL, Python",201-1000,72500.0,16,2026-03-02
JOB02087,BI Analyst,Entry,0.0,Zenith Data Group,Healthcare,"Sydney, Australia",Yes,Part-time,"Excel, Python, Data Visualization, PyTorch",201-1000,64000.0,27,2026-03-27
JOB02088,Machine Learning Engineer,Mid,3.0,Bright Path AI,Automotive,"Dublin, Ireland",No,Full-time,"NLP, Deep Learning, SQL, Spark",1001-5000,121500.0,10,2026-04-15
JOB02089,Data Science Manager,Manager,10.0,Northstar Labs,Technology,"Dublin, Ireland",No,Contract,"AWS, LLMs, GCP, Machine Learning",51-200,300000.0,53,2025-11-20
JOB02090,Staff AI Engineer,Senior,6.0,Vertex Analytics,Education,"San Francisco, USA",No,Contract,"Azure, Kubernetes, Deep Learning, Statistics",5000+,223500.0,12,2026-06-19
JOB02091,Computer Vision Engineer,Mid,3.0,Nexora AI,Gaming,"London, UK",Yes,Full-time,"Spark, TensorFlow, Deep Learning, Python, NLP, LLMs",51-200,126500.0,61,2026-01-20
JOB02092,Staff AI Engineer,Senior,6.0,Northstar Labs,Healthcare,"San Francisco, USA",No,Full-time,"MLOps, GCP, Generative AI, AWS, NLP",51-200,190000.0,34,2025-07-01
JOB02093,Data Analyst,Entry,0.0,Vertex Analytics,Technology,"Austin, USA",No,Full-time,"Statistics, Data Visualization, Tableau, Python, NLP",201-1000,82500.0,58,2026-03-26
JOB02094,NLP Engineer,Mid,3.0,Pulse Robotics,Manufacturing,"Sydney, Australia",No,Full-time,"SQL, PyTorch, Python, NLP, Spark, Airflow",1001-5000,90000.0,26,2026-05-31
JOB02095,BI Analyst,Entry,0.0,Horizon Cloud,Automotive,"Dublin, Ireland",No,Contract,"Statistics, Data Visualization, Excel, Tableau",51-200,81500.0,143,2026-03-10
JOB02096,Principal Data Scientist,Senior,6.0,Orbital Systems,Consulting,"Sydney, Australia",No,Full-time,"Machine Learning, Azure, AWS, Power BI",1001-5000,203500.0,47,2026-06-15
JOB02098,Data Analyst,Entry,0.0,Zenith Data Group,E-commerce,"London, UK",No,Full-time,"Tableau, Python, SQL",201-1000,83500.0,52,2026-01-06
JOB02099,AI Research Assistant,Entry,0.0,Atlas Intelligence,Automotive,"Berlin, Germany",Yes,Full-time,"Statistics, SQL, Excel, Python, Tableau, Spark",201-1000,59500.0,12,2025-11-15
JOB02100,Head of AI,Manager,10.0,Quantum Insight,Consulting,"Toronto, Canada",Yes,Full-time,"A/B Testing, Statistics, GCP, LLMs",1-50,279000.0,28,2026-05-21
JOB02101,Senior ML Engineer,Senior,6.0,Silverline AI,Consulting,"London, UK",Yes,Contract,"Machine Learning, Azure, Kubernetes",5000+,198500.0,49,2026-04-07
JOB02102,Staff AI Engineer,Senior,6.0,Vertex Analytics,Manufacturing,Singapore,No,Full-time,"MLOps, AWS, Computer Vision",201-1000,148000.0,32,2025-11-26
JOB02103,Senior ML Engineer,Senior,6.0,Fusion Analytics,Technology,"New York, USA",No,Full-time,"GCP, MLOps, Azure, AWS, Generative AI, Kubernetes",1-50,166500.0,113,2025-11-08
JOB02104,NLP Engineer,Mid,3.0,Novacore AI,Education,Singapore,No,Full-time,"Spark, AWS, SQL, Power BI, Excel",201-1000,129500.0,17,2026-02-04
JOB02105,Data Analyst,Entry,0.0,Quantum Insight,Manufacturing,Singapore,Yes,Full-time,"Excel, Statistics, Data Visualization, LLMs",51-200,56000.0,34,2025-11-11
JOB02106,BI Analyst,Entry,0.0,Quantum Insight,Gaming,Singapore,Yes,Full-time,"Statistics, Tableau, SQL, Excel, Data Visualization",1-50,78000.0,11,2026-03-17
JOB02107,AI Research Scientist,Senior,6.0,DataForge,Automotive,"London, UK",No,Full-time,"Computer Vision, Azure, GCP, Machine Learning, MLOps, Kubernetes",201-1000,187000.0,37,2025-10-28
JOB02108,AI Engineer,Mid,3.0,Skyline Data Co,Education,"Sydney, Australia",No,Full-time,"TensorFlow, SQL, PyTorch",201-1000,132000.0,51,2025-10-06
JOB02109,AI Research Assistant,Entry,0.0,Nexora AI,E-commerce,Singapore,No,Full-time,"SQL, Tableau, Excel, Python",201-1000,67500.0,27,2026-03-07
JOB02110,Head of AI,Manager,10.0,Quantum Insight,Gaming,"Dublin, Ireland",Yes,Full-time,"LLMs, MLOps, GCP, Generative AI, Spark",5000+,275000.0,42,2025-11-16
JOB02111,Director of Data Science,Manager,10.0,Zenith Data Group,Consulting,"London, UK",Yes,Full-time,"A/B Testing, Statistics, LLMs, AWS, PyTorch",1001-5000,305000.0,27,2025-07-15
JOB02112,BI Analyst,Entry,0.0,Meridian Software,Consulting,Remote,Yes,Full-time,"Statistics, Data Visualization, Excel, Tableau, Python",1-50,60000.0,57,2026-02-08
JOB02113,Principal Data Scientist,Senior,6.0,Nexora AI,Automotive,"London, UK",Yes,Contract,"Deep Learning, NLP, LLMs, Generative AI, Machine Learning, Spark",5000+,180000.0,12,2026-06-21
JOB02114,Senior ML Engineer,Senior,6.0,Northstar Labs,Healthcare,"Sydney, Australia",No,Full-time,"LLMs, Deep Learning, AWS, GCP, Kubernetes",51-200,165000.0,49,2025-12-06
JOB02115,Principal Data Scientist,Senior,6.0,Clearline Systems,Finance,Remote,Yes,Full-time,"NLP, AWS, Deep Learning, Machine Learning",5000+,149500.0,8,2026-05-27
JOB02116,Data Engineer I,Entry,0.0,Vertex Analytics,Consulting,Singapore,No,Full-time,"SQL, Data Visualization, Python, Statistics, PyTorch",5000+,63500.0,54,2026-02-01
JOB02117,Computer Vision Engineer,Mid,3.0,Fusion Analytics,Automotive,Remote,Yes,Contract,"TensorFlow, Spark, PyTorch, SQL, GCP",5000+,119500.0,55,2026-05-05
JOB02118,Analytics Engineer,Mid,3.0,Horizon Cloud,Technology,"Austin, USA",No,Full-time,"Python, Spark, PyTorch, NLP",51-200,115500.0,49,2026-05-09
JOB02119,AI Engineer,Mid,3.0,Novacore AI,Gaming,"Sydney, Australia",Yes,Full-time,"Machine Learning, Spark, Power BI",5000+,128000.0,15,2025-10-10
JOB02120,Principal Data Scientist,Senior,6.0,Novacore AI,Manufacturing,"New York, USA",Yes,Part-time,"Azure, GCP, Machine Learning, Kubernetes",5000+,216500.0,96,2026-02-06
JOB02122,NLP Engineer,Mid,3.0,Novacore AI,Finance,"Toronto, Canada",No,Full-time,"PyTorch, Deep Learning, NLP",201-1000,86000.0,84,2026-01-26
JOB02123,Data Engineer,Mid,3.0,Vertex Analytics,Gaming,"Sydney, Australia",Yes,Full-time,"AWS, Spark, TensorFlow, SQL, PyTorch",51-200,133500.0,38,2025-07-05
JOB02124,Data Engineer I,Entry,0.0,DataForge,Telecommunications,"London, UK",No,Full-time,"Excel, Data Visualization, Python, SQL",5000+,93500.0,11,2025-08-15
JOB02125,Lead Data Engineer,Senior,6.0,Quantum Insight,Telecommunications,"London, UK",Yes,Full-time,"Generative AI, LLMs, Machine Learning, Azure, AWS",1001-5000,193000.0,148,2026-06-04
JOB02126,Junior Data Scientist,Entry,0.0,Nexora AI,Automotive,Singapore,No,Full-time,"Tableau, Excel, Statistics",201-1000,84500.0,6,2025-08-09
JOB02127,NLP Engineer,Mid,3.0,Clearline Systems,Finance,"Austin, USA",Yes,Full-time,"Python, TensorFlow, Spark, Machine Learning, NLP",201-1000,103500.0,119,2025-09-12
JOB02128,Data Engineer,Mid,3.0,Nexora AI,Manufacturing,"Sydney, Australia",Yes,Full-time,"Machine Learning, Power BI, AWS, PyTorch, NLP, Deep Learning",201-1000,139500.0,27,2025-08-14
JOB02130,Head of AI,Manager,10.0,Novacore AI,Telecommunications,"Toronto, Canada",No,Full-time,"MLOps, AWS, LLMs",5000+,194000.0,52,2025-11-11
JOB02131,Data Analyst,Entry,0.0,DataForge,Consulting,Remote,Yes,Full-time,"Excel, Statistics, Data Visualization, Tableau",5000+,61000.0,2,2026-04-02
JOB02132,Junior Data Scientist,Entry,0.0,DataForge,Manufacturing,"New York, USA",No,Full-time,"Tableau, Python, Data Visualization, SQL, Excel",1-50,73000.0,95,2026-07-12
JOB02133,AI Research Scientist,Senior,6.0,Fusion Analytics,Automotive,"New York, USA",Yes,Full-time,"GCP, Deep Learning, MLOps, Azure",51-200,241000.0,50,2026-06-22
JOB02134,Data Engineer I,Entry,0.0,Corelytics,Telecommunications,"Dublin, Ireland",No,Full-time,"SQL, Tableau, Data Visualization, Statistics, TensorFlow",5000+,58000.0,19,2025-11-18
JOB02135,Data Scientist,Mid,3.0,Novacore AI,Education,"Toronto, Canada",Yes,Full-time,"NLP, TensorFlow, Deep Learning",5000+,119000.0,35,2026-06-24
JOB02136,AI Engineer,Mid,3.0,Bright Path AI,Automotive,"Sydney, Australia",Yes,Full-time,"Spark, Power BI, Python",5000+,94500.0,38,2026-04-05
JOB02137,Data Analyst,Entry,0.0,Zenith Data Group,E-commerce,Remote,Yes,Contract,"Excel, Python, Data Visualization, Deep Learning",51-200,80000.0,47,2026-06-13
JOB02138,Machine Learning Engineer,Mid,3.0,Vertex Analytics,Healthcare,"Toronto, Canada",No,Full-time,"AWS, Power BI, Machine Learning",1-50,97000.0,6,2026-03-23
JOB02139,Senior Data Scientist,Senior,6.0,Bright Path AI,Manufacturing,"Toronto, Canada",No,Full-time,"NLP, Generative AI, Kubernetes, MLOps",51-200,148500.0,174,2026-05-14
JOB02140,Analytics Engineer,Mid,3.0,Quantum Insight,Manufacturing,"Dublin, Ireland",No,Contract,"PyTorch, TensorFlow, Power BI",201-1000,108000.0,20,2025-08-13
JOB02141,Data Engineer I,Entry,0.0,Meridian Software,Automotive,"London, UK",No,Full-time,"Data Visualization, SQL, Python",1-50,93000.0,147,2025-12-08
JOB02142,ML Engineer I,Entry,0.0,Silverline AI,Education,"San Francisco, USA",No,Full-time,"Tableau, Statistics, SQL, Excel",1001-5000,104500.0,65,2025-11-29
JOB02143,AI Engineer,Mid,3.0,Vertex Analytics,Gaming,"Toronto, Canada",Yes,Full-time,"TensorFlow, NLP, Python, Spark, Deep Learning",51-200,90500.0,34,2025-12-18
JOB02144,Senior ML Engineer,Senior,6.0,Ironpeak Tech,Gaming,"Bengaluru, India",Yes,Full-time,"MLOps, AWS, GCP, Computer Vision",5000+,87000.0,10,2026-03-06
JOB02145,Head of AI,Manager,10.0,Pulse Robotics,Telecommunications,"New York, USA",Yes,Contract,"MLOps, Generative AI, Statistics",1001-5000,239500.0,48,2026-05-12
JOB02146,BI Analyst,Entry,0.0,Clearline Systems,Technology,"San Francisco, USA",No,Full-time,"Python, Excel, Statistics, Azure",201-1000,86000.0,25,2025-10-25
JOB02147,Data Science Manager,Manager,10.0,Pulse Robotics,Gaming,"New York, USA",No,Full-time,"GCP, AWS, A/B Testing, MLOps, Deep Learning",5000+,261500.0,23,2025-07-15
JOB02148,VP of Machine Learning,Manager,10.0,Quantum Insight,Gaming,"New York, USA",No,Full-time,"MLOps, A/B Testing, Statistics, AWS, PyTorch",1-50,317000.0,13,2026-01-25
JOB02149,AI Engineer,Mid,3.0,DataForge,Consulting,"London, UK",No,Full-time,"AWS, Python, SQL",1-50,110500.0,9,2025-12-11
JOB02150,AI Engineer,Mid,3.0,Bright Path AI,Gaming,"Austin, USA",Yes,Full-time,"SQL, Python, Spark, PyTorch, MLOps",201-1000,101500.0,8,2025-07-14
JOB02151,ML Engineer I,Entry,0.0,Quantum Insight,Telecommunications,"Sydney, Australia",No,Full-time,"Python, Statistics, Tableau, Excel, SQL",51-200,72500.0,50,2025-07-11
JOB02152,AI Engineer,Mid,3.0,Nexora AI,Consulting,"Berlin, Germany",No,Full-time,"Deep Learning, SQL, Python",201-1000,94000.0,108,2025-11-06
JOB02153,AI Research Assistant,Entry,0.0,Silverline AI,Education,"New York, USA",Yes,Contract,"Python, SQL, Excel, Data Visualization",201-1000,67500.0,93,2026-05-13
JOB02154,AI Research Assistant,Entry,0.0,Vertex Analytics,Technology,"Dublin, Ireland",No,Full-time,"Data Visualization, Statistics, Excel, SQL, Python",51-200,59500.0,39,2025-11-20
JOB02155,AI Research Assistant,Entry,0.0,Skyline Data Co,Education,"New York, USA",No,Full-time,"Statistics, Tableau, Python, Data Visualization",201-1000,79000.0,9,2026-03-04
JOB02156,Lead Data Engineer,Senior,6.0,Vertex Analytics,Consulting,"London, UK",Yes,Full-time,"AWS, Computer Vision, Kubernetes, NLP, LLMs, PyTorch",1-50,165000.0,40,2025-09-25
JOB02157,Machine Learning Engineer,Mid,3.0,Northstar Labs,Gaming,"San Francisco, USA",No,Full-time,"Machine Learning, AWS, NLP",51-200,128500.0,36,2026-07-09
JOB02158,Data Science Manager,Manager,10.0,Corelytics,Consulting,"Bengaluru, India",Yes,Full-time,"LLMs, MLOps, AWS, Statistics",201-1000,137500.0,12,2026-01-11
JOB02159,AI Engineer,Mid,3.0,Northstar Labs,E-commerce,"Dublin, Ireland",Yes,Full-time,"PyTorch, SQL, Deep Learning, Power BI, AWS",51-200,120500.0,24,2026-03-02
JOB02160,Principal Data Scientist,Senior,6.0,Quantum Insight,Healthcare,"Berlin, Germany",Yes,Full-time,"Kubernetes, Computer Vision, Machine Learning, Deep Learning",1001-5000,123000.0,40,2025-10-30
JOB02161,Data Engineer I,Entry,0.0,Pulse Robotics,Automotive,"Austin, USA",No,Full-time,"Excel, Statistics, Python, Data Visualization, SQL, Power BI",51-200,59500.0,5,2026-06-08
JOB02162,AI Research Scientist,Senior,6.0,Quantum Insight,Education,"New York, USA",Yes,Full-time,"Computer Vision, AWS, Machine Learning",5000+,200500.0,34,2026-07-03
JOB02163,Data Scientist,Mid,3.0,Silverline AI,Education,"Dublin, Ireland",No,Full-time,"Python, SQL, Spark, AWS, PyTorch, A/B Testing",51-200,89000.0,41,2026-02-26
JOB02164,NLP Engineer,Mid,3.0,Nexora AI,Automotive,"New York, USA",Yes,Full-time,"Python, NLP, Power BI, Data Visualization",201-1000,122000.0,39,2025-12-28
JOB02166,Computer Vision Engineer,Mid,3.0,Skyline Data Co,Telecommunications,Remote,Yes,Full-time,"AWS, Machine Learning, Spark",1-50,99500.0,26,2025-08-10
JOB02167,Data Engineer,Mid,3.0,Skyline Data Co,Telecommunications,Remote,Yes,Full-time,"Spark, SQL, AWS, LLMs",201-1000,131500.0,72,2025-10-22
JOB02168,AI Engineer,Mid,3.0,Corelytics,Telecommunications,"San Francisco, USA",Yes,Full-time,"Machine Learning, Power BI, PyTorch, Spark",51-200,135000.0,11,2026-03-11
JOB02169,Data Engineer,Mid,3.0,Ironpeak Tech,Education,"London, UK",Yes,Full-time,"NLP, Deep Learning, AWS, SQL",1-50,126000.0,39,2026-05-19
JOB02170,Senior Data Scientist,Senior,6.0,Nexora AI,Education,"San Francisco, USA",No,Contract,"Computer Vision, AWS, MLOps",1001-5000,246000.0,14,2025-07-08
JOB02171,Data Scientist,Mid,3.0,Nexora AI,Automotive,"Toronto, Canada",Yes,Full-time,"PyTorch, TensorFlow, SQL, Deep Learning",201-1000,92000.0,19,2026-02-10
JOB02172,Analytics Engineer,Mid,3.0,Silverline AI,Technology,"Bengaluru, India",Yes,Part-time,"SQL, Python, TensorFlow",201-1000,60500.0,98,2026-07-15
JOB02173,ML Engineer I,Entry,0.0,Zenith Data Group,E-commerce,"London, UK",Yes,Full-time,"Data Visualization, Excel, Tableau, Python",1-50,76500.0,119,2026-06-13
JOB02174,Data Engineer I,Entry,0.0,Skyline Data Co,Education,"Sydney, Australia",Yes,Full-time,"Tableau, Statistics, SQL",5000+,88000.0,21,2025-07-04
JOB02175,Data Engineer,Mid,3.0,Meridian Software,Gaming,"Toronto, Canada",No,Full-time,"Deep Learning, Power BI, Python, Computer Vision",5000+,116500.0,33,2025-07-31
JOB02176,Head of Analytics,Manager,10.0,Zenith Data Group,Consulting,"Dublin, Ireland",No,Full-time,"MLOps, LLMs, GCP, A/B Testing, Statistics",51-200,191000.0,17,2025-11-03
JOB02177,Data Scientist,Mid,3.0,Bluewave Tech,Consulting,"London, UK",No,Full-time,"Spark, Power BI, Machine Learning, Deep Learning",201-1000,98500.0,128,2026-05-04
JOB02178,Data Engineer,Mid,3.0,Ironpeak Tech,Telecommunications,"Dublin, Ireland",Yes,Full-time,"AWS, Spark, SQL, Tableau",51-200,126000.0,69,2025-09-23
JOB02179,VP of Machine Learning,Manager,10.0,Vertex Analytics,Manufacturing,"Dublin, Ireland",No,Full-time,"AWS, GCP, MLOps, Generative AI",1001-5000,301000.0,40,2026-05-25
JOB02180,Analytics Engineer,Mid,3.0,Novacore AI,Telecommunications,"Toronto, Canada",No,Full-time,"NLP, SQL, Python, TensorFlow, Spark, PyTorch",5000+,112000.0,82,2025-11-30
JOB02182,NLP Engineer,Mid,3.0,Meridian Software,Consulting,"Sydney, Australia",No,Full-time,"Python, AWS, Power BI, Airflow",1001-5000,134000.0,56,2025-07-26
JOB02183,Senior ML Engineer,Senior,6.0,DataForge,Telecommunications,"San Francisco, USA",No,Full-time,"Deep Learning, Generative AI, Azure",51-200,209000.0,47,2025-10-26
JOB02184,Data Science Manager,Manager,10.0,Zenith Data Group,Automotive,Remote,Yes,Full-time,"A/B Testing, MLOps, Statistics, GCP, AWS",201-1000,295500.0,33,2025-10-09
JOB02185,Computer Vision Engineer,Mid,3.0,Fusion Analytics,Telecommunications,"San Francisco, USA",No,Full-time,"Power BI, PyTorch, Python",51-200,127500.0,6,2025-10-22
JOB02186,Analytics Engineer,Mid,3.0,Silverline AI,Telecommunications,"San Francisco, USA",Yes,Full-time,"NLP, SQL, PyTorch, Deep Learning, AWS",51-200,177500.0,28,2026-05-16
JOB02187,AI Research Scientist,Senior,6.0,Fusion Analytics,Telecommunications,Singapore,Yes,Full-time,"AWS, NLP, Computer Vision, LLMs",5000+,189000.0,24,2025-12-11
JOB02188,Senior Data Scientist,Senior,6.0,Fusion Analytics,Manufacturing,Remote,Yes,Contract,"AWS, NLP, Computer Vision, Deep Learning, Spark",1001-5000,156000.0,26,2025-08-12
JOB02189,BI Analyst,Entry,0.0,Silverline AI,Finance,"San Francisco, USA",No,Full-time,"Excel, Statistics, Data Visualization, Tableau",51-200,104500.0,73,2025-07-09
JOB02190,AI Engineer,Mid,3.0,Novacore AI,Healthcare,"New York, USA",No,Full-time,"Spark, Power BI, AWS, Machine Learning, LLMs",201-1000,136000.0,66,2026-05-10
JOB02191,Head of AI,Manager,10.0,Vertex Analytics,Automotive,"Dublin, Ireland",No,Full-time,"AWS, A/B Testing, GCP, LLMs",201-1000,235000.0,40,2025-10-28
JOB02192,Staff AI Engineer,Senior,6.0,Clearline Systems,Automotive,"Bengaluru, India",No,Full-time,"MLOps, Azure, AWS, Kubernetes",1-50,77000.0,15,2025-11-18
JOB02193,Analytics Engineer,Mid,3.0,Orbital Systems,Healthcare,"Sydney, Australia",No,Full-time,"Deep Learning, NLP, AWS, Python",1-50,100000.0,72,2025-07-02
JOB02194,BI Analyst,Entry,0.0,Meridian Software,E-commerce,"Dublin, Ireland",Yes,Contract,"Tableau, Excel, Data Visualization, SQL, Statistics",51-200,64000.0,29,2026-06-21
JOB02195,AI Research Assistant,Entry,0.0,Ironpeak Tech,Education,"London, UK",No,Full-time,"Data Visualization, Excel, Tableau, SQL, Statistics",1-50,87000.0,98,2025-07-03
JOB02197,NLP Engineer,Mid,3.0,Atlas Intelligence,Consulting,"New York, USA",Yes,Contract,"Machine Learning, PyTorch, Spark, SQL, TensorFlow, Statistics",51-200,121000.0,53,2025-09-14
JOB02198,Senior Data Scientist,Senior,6.0,Silverline AI,Telecommunications,"Sydney, Australia",No,Full-time,"Machine Learning, GCP, Generative AI",201-1000,186500.0,23,2025-10-11
JOB02199,Data Scientist,Mid,3.0,Quantum Insight,Finance,"Bengaluru, India",Yes,Full-time,"Spark, PyTorch, Deep Learning, Machine Learning",1001-5000,56000.0,15,2026-03-02
JOB02200,Junior Data Scientist,Entry,0.0,Clearline Systems,Healthcare,Remote,Yes,Full-time,"Excel, Tableau, Python, Data Visualization, Kubernetes",201-1000,66000.0,15,2026-01-15
JOB02201,Staff AI Engineer,Senior,6.0,Silverline AI,Telecommunications,"Toronto, Canada",Yes,Full-time,"AWS, Kubernetes, GCP, NLP, Machine Learning",201-1000,143500.0,15,2026-05-08
JOB02202,Data Scientist,Mid,3.0,Skyline Data Co,Telecommunications,"Berlin, Germany",No,Full-time,"Deep Learning, PyTorch, TensorFlow",201-1000,93000.0,18,2026-02-08
JOB02203,Data Science Manager,Manager,10.0,Quantum Insight,Automotive,Singapore,No,Full-time,"AWS, Statistics, GCP, Generative AI, A/B Testing, Machine Learning",51-200,231000.0,13,2025-07-13
JOB02204,Junior Data Scientist,Entry,0.0,Corelytics,Telecommunications,"Austin, USA",No,Contract,"Data Visualization, Statistics, Python, SQL, Tableau",51-200,66500.0,14,2026-03-21
JOB02205,Machine Learning Engineer,Mid,3.0,Bluewave Tech,Education,"Austin, USA",No,Full-time,"AWS, Python, NLP, Tableau",201-1000,101500.0,23,2025-07-28
JOB02206,Junior Data Scientist,Entry,0.0,Nexora AI,Education,"New York, USA",No,Full-time,"SQL, Statistics, Tableau, Python, AWS",201-1000,92000.0,11,2025-11-19
JOB02207,Data Scientist,Mid,3.0,Zenith Data Group,Gaming,"London, UK",No,Full-time,"Deep Learning, Power BI, SQL",201-1000,145500.0,16,2025-12-24
JOB02208,AI Engineer,Mid,3.0,Clearline Systems,Gaming,"New York, USA",No,Full-time,"TensorFlow, Power BI, NLP, Machine Learning, MLOps",1001-5000,149500.0,15,2026-01-22
JOB02209,Computer Vision Engineer,Mid,3.0,Zenith Data Group,E-commerce,"Bengaluru, India",Yes,Full-time,"PyTorch, SQL, NLP, Deep Learning",5000+,50500.0,33,2025-09-09
JOB02210,Lead Data Engineer,Senior,6.0,Bright Path AI,Telecommunications,"Toronto, Canada",No,Full-time,"NLP, GCP, Kubernetes",51-200,159000.0,153,2025-12-04
JOB02211,Lead Data Engineer,Senior,6.0,Meridian Software,Finance,Remote,Yes,Full-time,"Machine Learning, LLMs, Azure, Computer Vision, GCP, PyTorch",5000+,185000.0,58,2026-07-10
JOB02212,Machine Learning Engineer,Mid,3.0,Quantum Insight,E-commerce,Singapore,Yes,Part-time,"Deep Learning, TensorFlow, PyTorch, Machine Learning, Python",1-50,117500.0,84,2026-01-14
JOB02213,AI Engineer,Mid,3.0,Vertex Analytics,Consulting,Singapore,Yes,Full-time,"TensorFlow, Power BI, NLP, AWS, Machine Learning",5000+,132000.0,84,2025-12-06
JOB02214,ML Engineer I,Entry,0.0,Atlas Intelligence,Healthcare,Singapore,Yes,Full-time,"SQL, Tableau, Excel, Python, Statistics, Machine Learning",201-1000,59500.0,65,2026-03-11
JOB02215,Senior Data Scientist,Senior,6.0,Corelytics,Manufacturing,Singapore,No,Full-time,"MLOps, GCP, Deep Learning",5000+,166000.0,5,2025-12-15
JOB02216,Junior Data Scientist,Entry,0.0,Vertex Analytics,Telecommunications,"Berlin, Germany",No,Full-time,"SQL, Python, Data Visualization, Generative AI",51-200,66000.0,34,2025-12-30
JOB02217,ML Engineer I,Entry,0.0,Bluewave Tech,Manufacturing,"Berlin, Germany",No,Full-time,"Statistics, Python, SQL, TensorFlow",1-50,75500.0,62,2026-01-11
JOB02218,Senior ML Engineer,Senior,6.0,Nexora AI,Gaming,"Bengaluru, India",Yes,Contract,"Deep Learning, NLP, Azure, GCP",1-50,90500.0,22,2026-06-12
JOB02219,AI Engineer,Mid,3.0,Skyline Data Co,Finance,"Bengaluru, India",No,Full-time,"Deep Learning, AWS, SQL, Machine Learning, GCP",201-1000,41000.0,103,2026-06-17
JOB02220,ML Engineer I,Entry,0.0,Zenith Data Group,Telecommunications,"San Francisco, USA",No,Full-time,"Excel, Statistics, Data Visualization, SQL, Tableau",201-1000,90000.0,42,2026-05-17
JOB02221,ML Engineer I,Entry,0.0,Ironpeak Tech,Telecommunications,Remote,Yes,Full-time,"SQL, Data Visualization, Tableau, Excel",1001-5000,67000.0,14,2026-07-02
JOB02222,Computer Vision Engineer,Mid,3.0,Bright Path AI,Telecommunications,"New York, USA",Yes,Full-time,"Deep Learning, Spark, TensorFlow, SQL, AWS",5000+,104500.0,64,2025-07-18
JOB02223,Data Engineer,Mid,3.0,Horizon Cloud,Telecommunications,"London, UK",Yes,Full-time,"TensorFlow, Machine Learning, Deep Learning, AWS, Excel",5000+,131000.0,18,2026-05-16
JOB02224,Director of Data Science,Manager,10.0,Bright Path AI,Healthcare,"London, UK",No,Full-time,"AWS, Statistics, MLOps",1001-5000,267000.0,51,2026-01-28
JOB02225,Head of Analytics,Manager,10.0,Pulse Robotics,Automotive,"New York, USA",No,Full-time,"Statistics, AWS, GCP, A/B Testing, MLOps, Kubernetes",1-50,255500.0,24,2025-07-02
JOB02226,Principal Data Scientist,Senior,6.0,Meridian Software,Manufacturing,Remote,Yes,Full-time,"Azure, Generative AI, Deep Learning, GCP, R",1-50,199000.0,23,2025-09-16
JOB02227,Senior Data Scientist,Senior,6.0,Clearline Systems,Healthcare,Remote,Yes,Full-time,"Azure, Computer Vision, AWS",1-50,179000.0,19,2025-07-13
JOB02228,Data Scientist,Mid,3.0,Orbital Systems,Gaming,"Berlin, Germany",Yes,Full-time,"Spark, Machine Learning, NLP, Power BI, AWS, GCP",51-200,100500.0,62,2025-07-18
JOB02229,AI Research Scientist,Senior,6.0,Orbital Systems,Manufacturing,"Toronto, Canada",No,Full-time,"MLOps, Computer Vision, Machine Learning",5000+,140500.0,27,2026-03-14
JOB02230,Data Analyst,Entry,0.0,Fusion Analytics,Automotive,"Toronto, Canada",No,Full-time,"Python, Tableau, Excel, Kubernetes",201-1000,56000.0,31,2025-11-17
JOB02231,Head of Analytics,Manager,10.0,DataForge,Consulting,"Toronto, Canada",Yes,Contract,"Generative AI, Statistics, LLMs, NLP",1001-5000,276000.0,8,2026-02-22
JOB02232,Data Analyst,Entry,0.0,Vertex Analytics,Gaming,"Austin, USA",Yes,Contract,"Python, SQL, Data Visualization, Excel",1-50,90000.0,97,2026-07-01
JOB02233,Computer Vision Engineer,Mid,3.0,Ironpeak Tech,Manufacturing,"New York, USA",No,Full-time,"Deep Learning, Machine Learning, TensorFlow, Spark, A/B Testing",201-1000,117500.0,32,2026-05-12
JOB02234,AI Research Assistant,Entry,0.0,Orbital Systems,Education,Remote,Yes,Full-time,"Python, SQL, Data Visualization",1001-5000,66500.0,114,2025-09-27
JOB02235,Junior Data Scientist,Entry,0.0,Horizon Cloud,Automotive,Remote,Yes,Contract,"Excel, Data Visualization, Tableau, SQL",1001-5000,81500.0,44,2025-08-21
JOB02236,BI Analyst,Entry,0.0,DataForge,Healthcare,Remote,Yes,Part-time,"Excel, Python, Tableau, Data Visualization, Docker",5000+,79500.0,22,2026-02-17
JOB02237,Junior Data Scientist,Entry,0.0,Zenith Data Group,Healthcare,"London, UK",Yes,Full-time,"Data Visualization, Python, Statistics, SQL",5000+,72500.0,24,2026-05-16
JOB02238,Computer Vision Engineer,Mid,3.0,DataForge,Technology,"Austin, USA",Yes,Full-time,"SQL, Deep Learning, Machine Learning",1001-5000,100000.0,21,2026-07-01
JOB02239,NLP Engineer,Mid,3.0,Meridian Software,Manufacturing,"Berlin, Germany",No,Full-time,"SQL, NLP, Spark, AWS, Machine Learning",51-200,113000.0,55,2026-01-29
JOB02240,Analytics Engineer,Mid,3.0,Novacore AI,Technology,Remote,Yes,Part-time,"AWS, SQL, Deep Learning, Python",201-1000,127000.0,54,2025-10-27
JOB02242,Computer Vision Engineer,Mid,3.0,Atlas Intelligence,Education,Singapore,No,Full-time,"AWS, SQL, TensorFlow, Python",5000+,119000.0,46,2025-10-16
JOB02243,Data Engineer I,Entry,0.0,Pulse Robotics,Healthcare,"Toronto, Canada",No,Full-time,"Tableau, Excel, Python, Statistics",1-50,69000.0,33,2026-02-11
JOB02244,Data Analyst,Entry,0.0,Skyline Data Co,Gaming,"Austin, USA",No,Part-time,"SQL, Data Visualization, Statistics, Excel, Tableau",1-50,93500.0,38,2026-01-17
JOB02245,Machine Learning Engineer,Mid,3.0,Northstar Labs,Telecommunications,"San Francisco, USA",No,Full-time,"Spark, Machine Learning, SQL, Deep Learning, Python",5000+,141000.0,4,2025-11-16
JOB02246,Analytics Engineer,Mid,3.0,Corelytics,Technology,"New York, USA",No,Full-time,"NLP, Power BI, Machine Learning, PyTorch",5000+,152000.0,20,2025-11-20
JOB02247,Data Engineer I,Entry,0.0,Silverline AI,Gaming,"New York, USA",No,Contract,"Statistics, Excel, Tableau, SQL, Data Visualization",51-200,88500.0,40,2026-06-18
JOB02248,Data Engineer I,Entry,0.0,Ironpeak Tech,Technology,"Bengaluru, India",No,Full-time,"Data Visualization, SQL, Excel, Tableau, Python",51-200,34000.0,43,2026-04-06
JOB02249,Principal Data Scientist,Senior,6.0,Corelytics,Gaming,"San Francisco, USA",No,Full-time,"MLOps, Azure, Computer Vision",1001-5000,247500.0,82,2026-06-27
JOB02250,BI Analyst,Entry,0.0,Horizon Cloud,Automotive,"Toronto, Canada",Yes,Full-time,"Statistics, Python, Excel",1-50,65000.0,28,2025-07-19
JOB02252,Computer Vision Engineer,Mid,3.0,Silverline AI,Automotive,"Toronto, Canada",Yes,Full-time,"Spark, Power BI, AWS, PyTorch, NLP, Machine Learning",1001-5000,116500.0,25,2025-10-09
JOB02253,Data Engineer I,Entry,0.0,Clearline Systems,Manufacturing,Singapore,No,Contract,"Excel, Python, Statistics, Spark",201-1000,70000.0,83,2026-05-14
JOB02255,Data Engineer,Mid,3.0,Northstar Labs,Telecommunications,"Dublin, Ireland",Yes,Full-time,"Machine Learning, Python, PyTorch",201-1000,119500.0,41,2026-06-27
JOB02256,Staff AI Engineer,Senior,6.0,Vertex Analytics,E-commerce,"Austin, USA",Yes,Full-time,"GCP, NLP, AWS, Computer Vision, MLOps",51-200,213500.0,34,2025-08-18
JOB02258,ML Engineer I,Entry,0.0,Novacore AI,Technology,Remote,Yes,Full-time,"Excel, Data Visualization, Statistics, LLMs",201-1000,83500.0,32,2025-11-06
JOB02259,Junior Data Scientist,Entry,0.0,Bluewave Tech,Finance,"Toronto, Canada",No,Full-time,"Statistics, Excel, Python, Data Visualization, Computer Vision",201-1000,57500.0,16,2026-02-15
JOB02260,Data Science Manager,Manager,10.0,DataForge,Technology,"New York, USA",Yes,Contract,"A/B Testing, Statistics, GCP, AWS, MLOps, Kubernetes",51-200,321000.0,21,2026-06-09
JOB02261,Data Engineer,Mid,3.0,Skyline Data Co,Finance,"San Francisco, USA",No,Full-time,"PyTorch, SQL, Power BI, TensorFlow, Spark, Kubernetes",1001-5000,155000.0,1,2026-06-09
JOB02262,Data Engineer,Mid,3.0,Zenith Data Group,E-commerce,"New York, USA",No,Full-time,"TensorFlow, Python, PyTorch, Power BI",51-200,133500.0,34,2026-07-06
JOB02264,Junior Data Scientist,Entry,0.0,Bluewave Tech,E-commerce,"Berlin, Germany",No,Full-time,"Excel, Statistics, Python, SQL",51-200,56500.0,72,2026-02-16
JOB02265,BI Analyst,Entry,0.0,Horizon Cloud,Healthcare,"Dublin, Ireland",No,Full-time,"Data Visualization, SQL, Tableau, Python, Statistics",1-50,58500.0,24,2025-10-15
JOB02266,Lead Data Engineer,Senior,6.0,Northstar Labs,Automotive,"Berlin, Germany",No,Full-time,"LLMs, Deep Learning, Azure, AWS, Machine Learning",1001-5000,177500.0,53,2026-01-03
JOB02267,Senior Data Scientist,Senior,6.0,Zenith Data Group,Automotive,"New York, USA",No,Full-time,"Deep Learning, Machine Learning, Kubernetes, Generative AI, R",51-200,167000.0,47,2026-06-25
JOB02268,AI Research Scientist,Senior,6.0,Meridian Software,Technology,Singapore,Yes,Full-time,"Kubernetes, GCP, Generative AI, Computer Vision, TensorFlow",51-200,142000.0,117,2025-11-05
JOB02269,Computer Vision Engineer,Mid,3.0,DataForge,Technology,"London, UK",Yes,Full-time,"PyTorch, Spark, Python, Kubernetes",201-1000,110000.0,31,2025-12-31
JOB02270,AI Engineer,Mid,3.0,Pulse Robotics,Finance,Remote,Yes,Full-time,"Spark, Deep Learning, TensorFlow, NLP",5000+,105000.0,71,2026-03-17
JOB02271,Machine Learning Engineer,Mid,3.0,Pulse Robotics,Technology,"Sydney, Australia",No,Full-time,"AWS, Machine Learning, Python, NLP, SQL",51-200,122500.0,58,2026-03-30
JOB02272,Computer Vision Engineer,Mid,3.0,Pulse Robotics,Automotive,"Toronto, Canada",No,Full-time,"Spark, NLP, Power BI, Python, A/B Testing",201-1000,85500.0,103,2026-01-29
JOB02273,Data Engineer I,Entry,0.0,Novacore AI,Telecommunications,"Dublin, Ireland",No,Full-time,"SQL, Data Visualization, Tableau, Statistics, Excel, Airflow",51-200,64000.0,37,2026-06-24
JOB02274,Head of AI,Manager,10.0,Bright Path AI,Automotive,"New York, USA",No,Contract,"AWS, GCP, MLOps, Azure",51-200,278500.0,14,2025-10-24
JOB02275,AI Research Assistant,Entry,0.0,Atlas Intelligence,Consulting,"San Francisco, USA",Yes,Full-time,"Data Visualization, Tableau, SQL, Python",201-1000,115000.0,7,2025-11-24
JOB02276,Principal Data Scientist,Senior,6.0,Pulse Robotics,Manufacturing,"Berlin, Germany",No,Full-time,"GCP, NLP, AWS, Azure",1-50,178000.0,53,2026-06-10
JOB02277,Data Analyst,Entry,0.0,Northstar Labs,Automotive,"Dublin, Ireland",No,Full-time,"Python, Statistics, Excel, SQL",201-1000,67500.0,44,2026-05-30
JOB02278,Data Engineer I,Entry,0.0,Silverline AI,Gaming,"Bengaluru, India",Yes,Contract,"Tableau, Statistics, Python, Data Visualization, Excel, NLP",5000+,37500.0,5,2026-07-02
JOB02279,ML Engineer I,Entry,0.0,Fusion Analytics,Education,"Berlin, Germany",Yes,Full-time,"Statistics, Python, SQL, Data Visualization, Excel",1001-5000,61000.0,9,2026-03-14
JOB02280,AI Research Scientist,Senior,6.0,Novacore AI,Automotive,"Dublin, Ireland",No,Full-time,"Machine Learning, LLMs, AWS, Tableau",1001-5000,139000.0,48,2026-03-10
JOB02281,Senior Data Scientist,Senior,6.0,Vertex Analytics,E-commerce,"Sydney, Australia",No,Full-time,"AWS, Generative AI, Computer Vision, Azure",51-200,171000.0,16,2026-03-17
JOB02282,Analytics Engineer,Mid,3.0,Orbital Systems,Automotive,Singapore,No,Full-time,"NLP, Spark, Deep Learning, Power BI, Machine Learning",1-50,95000.0,12,2025-10-18
JOB02283,Data Analyst,Entry,0.0,Bluewave Tech,Technology,Remote,Yes,Full-time,"Data Visualization, Statistics, Tableau, Python",1-50,53500.0,5,2025-08-04
JOB02284,NLP Engineer,Mid,3.0,Silverline AI,Telecommunications,"Bengaluru, India",No,Full-time,"Python, PyTorch, Power BI, NLP, Deep Learning",1-50,50500.0,26,2026-05-30
JOB02286,NLP Engineer,Mid,3.0,Atlas Intelligence,Education,"Dublin, Ireland",No,Full-time,"Power BI, NLP, Python, SQL, AWS",51-200,90000.0,17,2025-08-10
JOB02288,Principal Data Scientist,Senior,6.0,Bright Path AI,Technology,"Toronto, Canada",No,Full-time,"NLP, Kubernetes, LLMs, Deep Learning",1001-5000,145500.0,29,2025-09-09
JOB02289,Junior Data Scientist,Entry,0.0,Quantum Insight,Telecommunications,"San Francisco, USA",No,Full-time,"Excel, Data Visualization, Statistics, Python",51-200,99000.0,38,2025-10-12
JOB02290,Data Analyst,Entry,0.0,Horizon Cloud,Education,"San Francisco, USA",No,Full-time,"Statistics, SQL, Tableau, Excel",51-200,109000.0,13,2026-01-03
JOB02291,Head of Analytics,Manager,10.0,Meridian Software,Healthcare,"Sydney, Australia",No,Full-time,"MLOps, AWS, A/B Testing, TensorFlow",5000+,298500.0,35,2025-11-16
JOB02292,AI Engineer,Mid,3.0,Meridian Software,Consulting,"London, UK",No,Full-time,"SQL, Power BI, NLP",51-200,128500.0,87,2025-12-24
JOB02294,Data Scientist,Mid,3.0,Meridian Software,Automotive,"Sydney, Australia",No,Full-time,"TensorFlow, PyTorch, Power BI, SQL",51-200,112500.0,25,2025-07-02
JOB02295,AI Research Assistant,Entry,0.0,Skyline Data Co,Consulting,Remote,Yes,Contract,"Statistics, SQL, Excel, Data Visualization, Python, PyTorch",1001-5000,53000.0,135,2025-07-26
JOB02296,Data Scientist,Mid,3.0,DataForge,Gaming,"London, UK",Yes,Full-time,"Deep Learning, Machine Learning, PyTorch, Docker",1001-5000,114500.0,35,2025-11-16
JOB02297,Head of Analytics,Manager,10.0,Silverline AI,Finance,"Bengaluru, India",Yes,Full-time,"Generative AI, LLMs, Statistics, R",201-1000,96500.0,38,2026-03-20
JOB02299,AI Research Scientist,Senior,6.0,Bright Path AI,Consulting,"Dublin, Ireland",Yes,Full-time,"LLMs, Machine Learning, AWS, Generative AI, Kubernetes",201-1000,153500.0,13,2025-08-30
JOB02300,Senior Data Scientist,Senior,6.0,Northstar Labs,Consulting,"San Francisco, USA",Yes,Full-time,"Kubernetes, AWS, Computer Vision, NLP",51-200,223500.0,33,2026-06-29
JOB02301,NLP Engineer,Mid,3.0,Clearline Systems,E-commerce,"London, UK",Yes,Contract,"Deep Learning, AWS, NLP, SQL",1-50,123500.0,41,2025-10-30
JOB02302,Data Engineer,Mid,3.0,Horizon Cloud,Automotive,Remote,Yes,Full-time,"Deep Learning, AWS, Power BI, Spark, Machine Learning, Azure",201-1000,88500.0,80,2026-03-21
JOB02303,NLP Engineer,Mid,3.0,Zenith Data Group,Telecommunications,"Dublin, Ireland",Yes,Full-time,"Deep Learning, Power BI, Python, PyTorch",5000+,131000.0,66,2026-05-19
JOB02304,NLP Engineer,Mid,3.0,Fusion Analytics,Manufacturing,Remote,Yes,Full-time,"Python, Deep Learning, SQL",1001-5000,124500.0,90,2025-07-18
JOB02305,Computer Vision Engineer,Mid,3.0,Pulse Robotics,Telecommunications,"New York, USA",No,Full-time,"NLP, Power BI, Python, Spark, PyTorch",51-200,129000.0,18,2026-02-13
JOB02306,Data Engineer,Mid,3.0,Bluewave Tech,Telecommunications,"Sydney, Australia",No,Part-time,"AWS, NLP, Python, Azure",1001-5000,118000.0,7,2026-02-04
JOB02307,Machine Learning Engineer,Mid,3.0,DataForge,Technology,"Toronto, Canada",Yes,Full-time,"Power BI, Python, Spark, PyTorch",51-200,111000.0,35,2025-07-21
JOB02308,NLP Engineer,Mid,3.0,Zenith Data Group,Gaming,"London, UK",No,Full-time,"Python, Spark, SQL, GCP",1001-5000,115000.0,19,2025-10-31
JOB02309,Computer Vision Engineer,Mid,3.0,Orbital Systems,Technology,"Berlin, Germany",No,Full-time,"PyTorch, AWS, Spark, Deep Learning, Machine Learning",51-200,84000.0,66,2025-07-10
JOB02310,Senior ML Engineer,Senior,6.0,Orbital Systems,Gaming,"Austin, USA",No,Full-time,"LLMs, GCP, Machine Learning, Azure, Computer Vision",5000+,182500.0,31,2026-02-01
JOB02311,Data Engineer,Mid,3.0,Quantum Insight,Gaming,"New York, USA",No,Full-time,"PyTorch, Machine Learning, Python, Power BI",5000+,139000.0,57,2025-11-08
JOB02312,Head of Analytics,Manager,10.0,Fusion Analytics,Technology,"London, UK",No,Full-time,"Generative AI, Statistics, MLOps, GCP, Kubernetes",51-200,231500.0,38,2025-07-17
JOB02313,Principal Data Scientist,Senior,6.0,Ironpeak Tech,Finance,"Bengaluru, India",No,Full-time,"Deep Learning, Computer Vision, Kubernetes",51-200,82000.0,36,2025-08-11
JOB02314,Computer Vision Engineer,Mid,3.0,Meridian Software,Manufacturing,"Berlin, Germany",No,Full-time,"AWS, TensorFlow, SQL, Python, PyTorch",5000+,114000.0,12,2026-07-15
JOB02315,Junior Data Scientist,Entry,0.0,Pulse Robotics,Finance,"Dublin, Ireland",No,Full-time,"Data Visualization, SQL, Python, Tableau, Statistics, Excel",1-50,66500.0,23,2025-12-23
JOB02316,ML Engineer I,Entry,0.0,Corelytics,Manufacturing,Remote,Yes,Full-time,"SQL, Python, Tableau, Statistics, LLMs",201-1000,68500.0,14,2026-04-13
JOB02317,Head of Analytics,Manager,10.0,Vertex Analytics,Automotive,"Sydney, Australia",No,Part-time,"MLOps, Statistics, LLMs, A/B Testing, Machine Learning",51-200,270500.0,20,2026-01-08
JOB02319,ML Engineer I,Entry,0.0,Meridian Software,Education,"Austin, USA",No,Full-time,"SQL, Data Visualization, Tableau, Excel, Python",51-200,84000.0,41,2025-09-11
JOB02320,Analytics Engineer,Mid,3.0,Atlas Intelligence,Healthcare,"Toronto, Canada",No,Contract,"SQL, Machine Learning, Deep Learning, AWS, PyTorch",1001-5000,91000.0,128,2026-05-08
JOB02321,Senior Data Scientist,Senior,6.0,Bluewave Tech,Finance,Remote,Yes,Full-time,"Azure, Kubernetes, MLOps",1001-5000,153000.0,53,2026-02-18
JOB02322,Data Engineer I,Entry,0.0,Bright Path AI,Healthcare,"Dublin, Ireland",Yes,Full-time,"Excel, Statistics, Data Visualization, Kubernetes",51-200,78000.0,22,2025-09-02
JOB02323,Data Analyst,Entry,0.0,Bluewave Tech,Manufacturing,"San Francisco, USA",No,Full-time,"Data Visualization, SQL, Excel, Tableau, Statistics",51-200,101500.0,34,2025-07-28
JOB02324,ML Engineer I,Entry,0.0,Northstar Labs,Gaming,"London, UK",No,Contract,"Python, Data Visualization, SQL, Statistics, Tableau, AWS",1001-5000,81500.0,71,2025-11-18
JOB02326,Data Analyst,Entry,0.0,Nexora AI,Manufacturing,"London, UK",No,Full-time,"SQL, Tableau, Python, Data Visualization",5000+,93500.0,37,2026-03-17
JOB02327,BI Analyst,Entry,0.0,Vertex Analytics,Gaming,"Austin, USA",No,Full-time,"Statistics, Excel, SQL",5000+,85500.0,14,2025-09-04
JOB02329,Principal Data Scientist,Senior,6.0,Meridian Software,Finance,Singapore,No,Contract,"Kubernetes, AWS, Machine Learning, Computer Vision",201-1000,171500.0,61,2026-05-10
JOB02330,Junior Data Scientist,Entry,0.0,Nexora AI,Manufacturing,"Sydney, Australia",No,Full-time,"Statistics, Excel, Data Visualization, Tableau, SQL, NLP",1001-5000,76000.0,4,2025-07-15
JOB02331,Machine Learning Engineer,Mid,3.0,Orbital Systems,Technology,"Bengaluru, India",Yes,Full-time,"Deep Learning, Machine Learning, SQL",1001-5000,50500.0,23,2026-02-13
JOB02332,Data Science Manager,Manager,10.0,Bluewave Tech,E-commerce,"Dublin, Ireland",No,Full-time,"A/B Testing, MLOps, AWS",201-1000,215500.0,131,2026-04-10
JOB02333,Data Analyst,Entry,0.0,Meridian Software,Manufacturing,"Berlin, Germany",No,Full-time,"Data Visualization, Python, Tableau, Spark",1-50,74500.0,14,2026-03-01
JOB02334,Junior Data Scientist,Entry,0.0,Northstar Labs,E-commerce,"Bengaluru, India",No,Part-time,"Statistics, Tableau, Excel, Python, Data Visualization",5000+,33500.0,73,2026-06-19
JOB02335,Junior Data Scientist,Entry,0.0,Vertex Analytics,Consulting,"Bengaluru, India",No,Full-time,"Excel, Data Visualization, Tableau, Python",201-1000,25500.0,19,2025-09-14
JOB02336,Data Scientist,Mid,3.0,Clearline Systems,Gaming,"Dublin, Ireland",Yes,Part-time,"Python, PyTorch, Deep Learning, NLP, Machine Learning",1001-5000,109000.0,16,2026-07-13
JOB02337,Data Engineer I,Entry,0.0,Bluewave Tech,Manufacturing,"Bengaluru, India",No,Full-time,"Python, SQL, Data Visualization",201-1000,40000.0,39,2025-11-17
JOB02338,Data Engineer,Mid,3.0,Bright Path AI,Gaming,"Dublin, Ireland",Yes,Full-time,"NLP, Spark, Power BI, Machine Learning, AWS",201-1000,91000.0,40,2026-05-28
JOB02339,AI Engineer,Mid,3.0,Pulse Robotics,Manufacturing,"Austin, USA",Yes,Full-time,"Deep Learning, Machine Learning, NLP, Spark, Azure",1001-5000,101000.0,42,2026-03-25
JOB02340,ML Engineer I,Entry,0.0,Skyline Data Co,Education,"Toronto, Canada",No,Full-time,"Data Visualization, SQL, Excel, Tableau, Docker",51-200,53000.0,24,2025-08-25
JOB02341,Head of AI,Manager,10.0,Meridian Software,Gaming,"New York, USA",Yes,Full-time,"A/B Testing, Generative AI, Statistics, Computer Vision",201-1000,224500.0,47,2026-04-10
JOB02342,Computer Vision Engineer,Mid,3.0,Orbital Systems,Automotive,"Toronto, Canada",Yes,Full-time,"AWS, TensorFlow, Spark",201-1000,97500.0,66,2025-11-18
JOB02343,Director of Data Science,Manager,10.0,Silverline AI,Telecommunications,"Toronto, Canada",Yes,Full-time,"Generative AI, MLOps, Statistics",51-200,252500.0,131,2026-06-30
JOB02344,Computer Vision Engineer,Mid,3.0,Ironpeak Tech,Automotive,"New York, USA",No,Full-time,"TensorFlow, Power BI, NLP, Machine Learning",51-200,110000.0,68,2025-11-17
JOB02345,AI Engineer,Mid,3.0,Atlas Intelligence,E-commerce,Remote,Yes,Full-time,"TensorFlow, PyTorch, NLP",201-1000,97500.0,29,2026-07-10
JOB02346,AI Engineer,Mid,3.0,Bluewave Tech,Finance,"Austin, USA",No,Full-time,"Power BI, Deep Learning, SQL, NLP, Python",201-1000,96500.0,11,2025-08-18
JOB02347,Computer Vision Engineer,Mid,3.0,Vertex Analytics,Consulting,"London, UK",Yes,Full-time,"Python, NLP, AWS, Spark, Generative AI",1-50,143500.0,37,2026-02-16
JOB02348,Senior Data Scientist,Senior,6.0,Bluewave Tech,Gaming,"Toronto, Canada",No,Full-time,"AWS, Kubernetes, GCP, Machine Learning",51-200,141500.0,30,2025-08-25
JOB02349,NLP Engineer,Mid,3.0,Nexora AI,Gaming,"Sydney, Australia",No,Full-time,"SQL, Power BI, TensorFlow, NLP, Machine Learning",1001-5000,95000.0,12,2026-05-16
JOB02350,Senior ML Engineer,Senior,6.0,Vertex Analytics,Telecommunications,"Austin, USA",No,Part-time,"Computer Vision, GCP, Generative AI, Machine Learning, AWS",1-50,162000.0,103,2025-09-03
JOB02351,Head of AI,Manager,10.0,Meridian Software,Education,"Toronto, Canada",No,Full-time,"Generative AI, LLMs, MLOps, Statistics, Deep Learning",1001-5000,251500.0,31,2026-04-08
JOB02352,ML Engineer I,Entry,0.0,Corelytics,Automotive,"Dublin, Ireland",No,Full-time,"Data Visualization, Excel, SQL, Spark",5000+,65000.0,37,2025-08-21
JOB02354,Head of AI,Manager,10.0,Nexora AI,Telecommunications,"Toronto, Canada",Yes,Full-time,"A/B Testing, GCP, Generative AI, Airflow",201-1000,236000.0,41,2025-09-13
JOB02356,Data Science Manager,Manager,10.0,Orbital Systems,E-commerce,"Berlin, Germany",No,Full-time,"Statistics, GCP, A/B Testing",51-200,178000.0,160,2025-11-20
JOB02357,Lead Data Engineer,Senior,6.0,Horizon Cloud,Telecommunications,"Bengaluru, India",Yes,Full-time,"AWS, GCP, MLOps, LLMs",51-200,90500.0,11,2026-07-09
JOB02358,Machine Learning Engineer,Mid,3.0,Meridian Software,Finance,Remote,Yes,Full-time,"PyTorch, Machine Learning, SQL, NLP, AWS",201-1000,121000.0,97,2026-03-27
JOB02359,Data Scientist,Mid,3.0,Ironpeak Tech,Telecommunications,"Bengaluru, India",No,Full-time,"AWS, Machine Learning, Spark, SQL, TensorFlow, NLP",5000+,46000.0,59,2025-09-07
JOB02360,Data Analyst,Entry,0.0,Quantum Insight,Gaming,"Bengaluru, India",Yes,Full-time,"Statistics, Tableau, SQL, Python, Excel, TensorFlow",1001-5000,25500.0,15,2026-02-12
JOB02361,Data Analyst,Entry,0.0,Meridian Software,Healthcare,Singapore,Yes,Full-time,"Tableau, Data Visualization, SQL",5000+,79500.0,82,2025-07-16
JOB02362,Junior Data Scientist,Entry,0.0,Corelytics,Technology,"San Francisco, USA",No,Full-time,"Data Visualization, Statistics, Python, Kubernetes",1-50,106000.0,25,2025-12-31
JOB02363,Junior Data Scientist,Entry,0.0,Bluewave Tech,Telecommunications,"Austin, USA",Yes,Full-time,"Tableau, Statistics, Excel, Data Visualization, Python",1-50,78500.0,32,2025-09-25
JOB02364,NLP Engineer,Mid,3.0,Zenith Data Group,Education,"Bengaluru, India",No,Full-time,"Machine Learning, TensorFlow, Power BI, Spark, Python",51-200,56000.0,65,2025-07-13
JOB02365,Analytics Engineer,Mid,3.0,Ironpeak Tech,Finance,"Sydney, Australia",No,Full-time,"Deep Learning, SQL, Python, Power BI",1001-5000,116500.0,42,2026-03-15
JOB02366,AI Engineer,Mid,3.0,Nexora AI,E-commerce,"Austin, USA",Yes,Part-time,"Spark, Deep Learning, NLP, SQL, Computer Vision",51-200,127000.0,1,2025-12-07
JOB02367,Data Analyst,Entry,0.0,Bluewave Tech,Gaming,Singapore,Yes,Full-time,"SQL, Excel, Python, Statistics, AWS",201-1000,74500.0,91,2025-12-30
JOB02368,AI Research Assistant,Entry,0.0,Corelytics,Gaming,"New York, USA",No,Full-time,"Excel, SQL, Tableau, Python, MLOps",5000+,68000.0,46,2025-12-29
JOB02369,Data Scientist,Mid,3.0,Horizon Cloud,Gaming,"Dublin, Ireland",Yes,Full-time,"NLP, Spark, Power BI, Machine Learning",1001-5000,86500.0,61,2025-12-19
JOB02370,BI Analyst,Entry,0.0,Quantum Insight,Consulting,"Bengaluru, India",No,Full-time,"Python, Statistics, SQL, Deep Learning",201-1000,31500.0,68,2025-08-25
JOB02371,NLP Engineer,Mid,3.0,Ironpeak Tech,Automotive,"San Francisco, USA",No,Contract,"Spark, TensorFlow, PyTorch, AWS, SQL",5000+,160500.0,27,2025-08-19
JOB02372,Senior ML Engineer,Senior,6.0,Pulse Robotics,Finance,"Toronto, Canada",No,Full-time,"Kubernetes, Azure, Computer Vision, AWS, NLP, Airflow",51-200,132500.0,52,2026-05-29
JOB02373,Data Engineer,Mid,3.0,Novacore AI,Technology,"Sydney, Australia",No,Full-time,"PyTorch, SQL, Machine Learning, Python",201-1000,91500.0,57,2026-02-28
JOB02374,NLP Engineer,Mid,3.0,Nexora AI,Healthcare,"Bengaluru, India",No,Full-time,"SQL, Python, Power BI",1-50,47500.0,36,2026-01-05
JOB02375,Data Analyst,Entry,0.0,Orbital Systems,Education,"Berlin, Germany",No,Contract,"Data Visualization, SQL, Python, Tableau",1001-5000,49500.0,18,2026-04-25
JOB02376,Head of Analytics,Manager,10.0,Silverline AI,Automotive,"Bengaluru, India",No,Contract,"AWS, A/B Testing, Generative AI, SQL",201-1000,119000.0,56,2025-07-09
JOB02378,ML Engineer I,Entry,0.0,Clearline Systems,Automotive,Remote,Yes,Full-time,"Data Visualization, Excel, Python, Tableau, Statistics, Airflow",1-50,74000.0,27,2026-05-09
JOB02380,AI Research Assistant,Entry,0.0,Northstar Labs,Finance,Singapore,Yes,Full-time,"Data Visualization, Tableau, Python, Computer Vision",1001-5000,65500.0,89,2026-03-16
JOB02381,ML Engineer I,Entry,0.0,Orbital Systems,E-commerce,"Dublin, Ireland",Yes,Full-time,"Excel, Tableau, Statistics, Python, Data Visualization",1-50,67000.0,90,2025-12-06
JOB02382,BI Analyst,Entry,0.0,Skyline Data Co,Automotive,"Dublin, Ireland",Yes,Full-time,"Excel, Tableau, Data Visualization, Python",51-200,71500.0,51,2026-05-30
JOB02383,Staff AI Engineer,Senior,6.0,Meridian Software,Finance,Remote,Yes,Full-time,"Kubernetes, Generative AI, Machine Learning",5000+,196000.0,134,2025-10-25
JOB02384,Junior Data Scientist,Entry,0.0,Ironpeak Tech,Manufacturing,"London, UK",No,Full-time,"Data Visualization, Excel, Statistics, Tableau",1001-5000,80000.0,80,2026-02-24
JOB02385,BI Analyst,Entry,0.0,Atlas Intelligence,Manufacturing,"London, UK",No,Contract,"SQL, Data Visualization, Excel, Tableau, Statistics",201-1000,75500.0,51,2025-11-23
JOB02386,AI Engineer,Mid,3.0,Bluewave Tech,Telecommunications,"Austin, USA",No,Full-time,"Power BI, NLP, PyTorch",201-1000,96000.0,44,2026-02-13
JOB02387,Senior ML Engineer,Senior,6.0,Corelytics,Education,"San Francisco, USA",No,Full-time,"Deep Learning, NLP, Machine Learning, LLMs, Kubernetes",5000+,228500.0,27,2025-11-18
JOB02388,Analytics Engineer,Mid,3.0,Atlas Intelligence,E-commerce,"Toronto, Canada",Yes,Full-time,"Python, PyTorch, SQL, AWS",51-200,109000.0,52,2026-02-04
JOB02389,Analytics Engineer,Mid,3.0,Northstar Labs,Healthcare,"Dublin, Ireland",No,Full-time,"PyTorch, Deep Learning, TensorFlow, Spark",201-1000,120000.0,51,2026-06-06
JOB02390,Analytics Engineer,Mid,3.0,Novacore AI,Healthcare,"San Francisco, USA",No,Full-time,"PyTorch, Spark, Power BI, SQL",1-50,134000.0,76,2026-03-20
JOB02391,Data Engineer,Mid,3.0,Clearline Systems,Consulting,"Berlin, Germany",No,Full-time,"SQL, Spark, Power BI, PyTorch, Deep Learning",201-1000,78500.0,32,2025-12-30
JOB02392,Data Engineer,Mid,3.0,Northstar Labs,Healthcare,"Sydney, Australia",No,Full-time,"Power BI, Deep Learning, Machine Learning, Spark, TensorFlow, Computer Vision",5000+,113000.0,16,2025-09-15
JOB02393,Machine Learning Engineer,Mid,3.0,Ironpeak Tech,E-commerce,"Sydney, Australia",Yes,Full-time,"Deep Learning, Machine Learning, Python, PyTorch, NLP",201-1000,132000.0,62,2026-02-24
JOB02394,Data Engineer,Mid,3.0,Bluewave Tech,Manufacturing,"Dublin, Ireland",No,Full-time,"TensorFlow, Python, AWS",201-1000,114000.0,53,2026-04-13
JOB02395,Senior ML Engineer,Senior,6.0,Fusion Analytics,Finance,"New York, USA",No,Full-time,"LLMs, Generative AI, AWS, NLP",201-1000,233000.0,27,2025-12-29
JOB02396,AI Engineer,Mid,3.0,Meridian Software,Education,"New York, USA",No,Full-time,"Power BI, Spark, Python",51-200,135000.0,19,2025-09-14
JOB02397,Principal Data Scientist,Senior,6.0,Bluewave Tech,Healthcare,Singapore,Yes,Full-time,"Azure, AWS, Generative AI, Data Visualization",1-50,171500.0,1,2026-06-01
JOB02398,Lead Data Engineer,Senior,6.0,Meridian Software,Education,"Bengaluru, India",No,Full-time,"Computer Vision, Kubernetes, NLP, LLMs, Machine Learning",51-200,67000.0,101,2026-04-01
JOB02399,Data Engineer,Mid,3.0,Pulse Robotics,Gaming,"Austin, USA",Yes,Full-time,"PyTorch, SQL, AWS, Power BI, GCP",1001-5000,123000.0,101,2025-07-21
JOB02400,Senior ML Engineer,Senior,6.0,Bluewave Tech,Manufacturing,"Sydney, Australia",No,Full-time,"Generative AI, LLMs, GCP, Data Visualization",201-1000,156000.0,74,2026-01-08
JOB02401,Senior Data Scientist,Senior,6.0,Vertex Analytics,Automotive,"Berlin, Germany",No,Full-time,"Azure, Computer Vision, Kubernetes, GCP",5000+,174500.0,103,2026-03-25
JOB02402,Data Science Manager,Manager,10.0,Meridian Software,Finance,"Dublin, Ireland",No,Contract,"MLOps, A/B Testing, AWS",201-1000,187000.0,38,2026-01-23
JOB02403,NLP Engineer,Mid,3.0,Clearline Systems,Automotive,"Dublin, Ireland",No,Contract,"TensorFlow, AWS, Deep Learning, SQL, Machine Learning",51-200,130500.0,13,2026-02-20
JOB02404,Data Engineer,Mid,3.0,Quantum Insight,Consulting,"New York, USA",No,Full-time,"Spark, Power BI, Python, PyTorch, AWS",201-1000,159000.0,45,2025-11-16
JOB02405,ML Engineer I,Entry,0.0,Nexora AI,E-commerce,"London, UK",No,Full-time,"SQL, Tableau, Statistics, Data Visualization, Python",5000+,72000.0,50,2025-11-24
JOB02406,Lead Data Engineer,Senior,6.0,Clearline Systems,Education,"New York, USA",No,Contract,"GCP, NLP, Computer Vision, Deep Learning, SQL",51-200,225000.0,7,2025-07-15
JOB02407,ML Engineer I,Entry,0.0,Pulse Robotics,Consulting,"Dublin, Ireland",No,Full-time,"Excel, Python, SQL",5000+,55500.0,29,2026-01-18
JOB02408,ML Engineer I,Entry,0.0,Horizon Cloud,Education,"Bengaluru, India",No,Full-time,"Excel, Statistics, Data Visualization",51-200,28000.0,102,2025-12-21
JOB02409,Machine Learning Engineer,Mid,3.0,Northstar Labs,Healthcare,"London, UK",Yes,Full-time,"Power BI, Spark, Machine Learning, Python",1-50,124000.0,38,2026-05-17
JOB02410,Lead Data Engineer,Senior,6.0,Atlas Intelligence,Automotive,"London, UK",No,Part-time,"NLP, LLMs, Generative AI, Deep Learning, MLOps",1-50,215000.0,36,2026-01-19
JOB02411,Data Engineer I,Entry,0.0,Atlas Intelligence,E-commerce,"New York, USA",No,Contract,"Data Visualization, Tableau, Python, R",1001-5000,68500.0,51,2025-11-19
JOB02412,AI Engineer,Mid,3.0,Zenith Data Group,Telecommunications,"Toronto, Canada",No,Full-time,"TensorFlow, SQL, Python",1001-5000,100500.0,98,2026-06-13
JOB02413,Data Scientist,Mid,3.0,Northstar Labs,E-commerce,"San Francisco, USA",Yes,Full-time,"Spark, AWS, NLP",1001-5000,146500.0,58,2025-10-16
JOB02414,Data Engineer,Mid,3.0,Corelytics,E-commerce,Remote,Yes,Full-time,"Spark, Power BI, AWS, NLP",5000+,125500.0,20,2026-06-25
JOB02415,Head of Analytics,Manager,10.0,DataForge,Finance,Singapore,No,Full-time,"MLOps, LLMs, Generative AI, AWS",5000+,312000.0,54,2025-10-01
JOB02416,ML Engineer I,Entry,0.0,Bluewave Tech,Healthcare,"Toronto, Canada",No,Full-time,"SQL, Python, Excel",1001-5000,67000.0,25,2025-11-10
JOB02417,Computer Vision Engineer,Mid,3.0,Meridian Software,E-commerce,"Toronto, Canada",No,Full-time,"Spark, PyTorch, TensorFlow, Power BI, Deep Learning, Python",5000+,125000.0,103,2025-10-03
JOB02418,Data Analyst,Entry,0.0,Quantum Insight,Telecommunications,"Toronto, Canada",No,Full-time,"Python, Tableau, SQL, Statistics, Data Visualization, Machine Learning",1-50,54500.0,44,2025-07-12
JOB02419,AI Research Assistant,Entry,0.0,Zenith Data Group,Education,"London, UK",No,Full-time,"Excel, Python, SQL, Tableau, Docker",51-200,85500.0,26,2026-01-27
JOB02420,Senior Data Scientist,Senior,6.0,Zenith Data Group,Automotive,"Dublin, Ireland",No,Full-time,"Machine Learning, Deep Learning, Computer Vision, NLP, LLMs",51-200,170000.0,55,2025-09-28
JOB02421,BI Analyst,Entry,0.0,Quantum Insight,Gaming,Singapore,No,Full-time,"Excel, Python, Data Visualization, SQL, Statistics",1001-5000,68500.0,54,2025-10-22
JOB02422,AI Research Scientist,Senior,6.0,Northstar Labs,Telecommunications,"Toronto, Canada",No,Full-time,"MLOps, Deep Learning, GCP, AWS, Azure",5000+,159500.0,62,2025-08-01
JOB02423,Data Analyst,Entry,0.0,Ironpeak Tech,Technology,"Berlin, Germany",No,Full-time,"Tableau, SQL, Python, Excel, Data Visualization, TensorFlow",201-1000,71000.0,117,2026-07-08
JOB02424,AI Research Scientist,Senior,6.0,Atlas Intelligence,Technology,"Berlin, Germany",No,Contract,"MLOps, Kubernetes, Generative AI, NLP",51-200,170000.0,34,2026-05-13
JOB02425,Data Scientist,Mid,3.0,Meridian Software,Automotive,"Sydney, Australia",Yes,Full-time,"Deep Learning, PyTorch, SQL, Python",201-1000,135500.0,23,2025-07-14
JOB02426,AI Research Scientist,Senior,6.0,Quantum Insight,Finance,"Sydney, Australia",No,Full-time,"AWS, GCP, NLP, LLMs, Computer Vision, Generative AI",1001-5000,145000.0,35,2026-07-08
JOB02427,Junior Data Scientist,Entry,0.0,Atlas Intelligence,Education,"Toronto, Canada",Yes,Full-time,"Data Visualization, Excel, SQL, Tableau, Python",201-1000,61500.0,78,2025-11-03
JOB02428,Principal Data Scientist,Senior,6.0,Bright Path AI,Finance,"Toronto, Canada",No,Full-time,"Computer Vision, MLOps, AWS",1001-5000,170000.0,45,2026-02-11
JOB02429,Computer Vision Engineer,Mid,3.0,Nexora AI,Automotive,"New York, USA",No,Contract,"NLP, PyTorch, Deep Learning, Python, Machine Learning, Azure",51-200,131500.0,52,2025-07-01
JOB02430,AI Research Assistant,Entry,0.0,Novacore AI,Education,"Sydney, Australia",No,Full-time,"SQL, Statistics, Python, Excel, Data Visualization",5000+,63500.0,10,2026-01-24
JOB02431,Analytics Engineer,Mid,3.0,Skyline Data Co,Telecommunications,"Dublin, Ireland",Yes,Full-time,"AWS, Power BI, TensorFlow, Spark, A/B Testing",1-50,105500.0,69,2025-11-27
JOB02432,Data Analyst,Entry,0.0,Bluewave Tech,Consulting,"Austin, USA",Yes,Part-time,"Data Visualization, Statistics, Python, SQL, Excel, NLP",51-200,58500.0,94,2026-02-17
JOB02433,Senior ML Engineer,Senior,6.0,Atlas Intelligence,Manufacturing,"Bengaluru, India",No,Full-time,"Deep Learning, Generative AI, GCP, Azure",1-50,88500.0,98,2025-09-09
JOB02434,Data Engineer,Mid,3.0,Bright Path AI,Healthcare,"Toronto, Canada",No,Part-time,"Spark, SQL, PyTorch, Deep Learning, Power BI",1001-5000,112500.0,29,2025-08-08
JOB02435,BI Analyst,Entry,0.0,Ironpeak Tech,Technology,"Toronto, Canada",No,Full-time,"Data Visualization, Tableau, Excel, SQL, Python",1-50,75000.0,35,2025-07-27
JOB02436,ML Engineer I,Entry,0.0,Quantum Insight,Telecommunications,"Bengaluru, India",No,Full-time,"Tableau, Python, Excel, Data Visualization",51-200,29000.0,58,2026-04-14
JOB02437,Junior Data Scientist,Entry,0.0,Silverline AI,E-commerce,"Toronto, Canada",Yes,Full-time,"Tableau, Python, Data Visualization",201-1000,74000.0,199,2026-06-24
JOB02438,ML Engineer I,Entry,0.0,Novacore AI,Consulting,"London, UK",No,Full-time,"Python, SQL, Data Visualization, Tableau, Excel",201-1000,80000.0,20,2026-05-08
JOB02439,VP of Machine Learning,Manager,10.0,Bluewave Tech,Healthcare,"Austin, USA",Yes,Full-time,"GCP, LLMs, AWS, Generative AI, A/B Testing",51-200,301000.0,43,2026-04-26
JOB02440,Computer Vision Engineer,Mid,3.0,Ironpeak Tech,Gaming,"Bengaluru, India",Yes,Full-time,"PyTorch, Deep Learning, TensorFlow, NLP, Python",5000+,62500.0,35,2026-04-02
JOB02441,Data Scientist,Mid,3.0,Nexora AI,E-commerce,"Dublin, Ireland",No,Full-time,"PyTorch, AWS, Python",201-1000,108500.0,58,2026-04-10
JOB02442,VP of Machine Learning,Manager,10.0,Novacore AI,Education,Singapore,Yes,Full-time,"Statistics, MLOps, Generative AI, GCP",201-1000,260500.0,44,2026-07-15
JOB02443,Senior Data Scientist,Senior,6.0,Bright Path AI,Telecommunications,"Toronto, Canada",No,Full-time,"Kubernetes, MLOps, NLP, GCP, Airflow",1-50,145500.0,12,2025-12-30
JOB02444,Data Scientist,Mid,3.0,Fusion Analytics,Education,"San Francisco, USA",No,Full-time,"NLP, TensorFlow, Python, Spark, Statistics",201-1000,137000.0,2,2025-10-11
JOB02445,AI Engineer,Mid,3.0,Quantum Insight,E-commerce,"Berlin, Germany",No,Full-time,"Deep Learning, SQL, Spark",201-1000,111000.0,94,2026-03-26
JOB02446,ML Engineer I,Entry,0.0,Ironpeak Tech,Telecommunications,"San Francisco, USA",Yes,Full-time,"Statistics, Tableau, Python",51-200,113000.0,74,2025-10-14
JOB02447,NLP Engineer,Mid,3.0,Northstar Labs,Manufacturing,"Sydney, Australia",No,Full-time,"Spark, Python, AWS",51-200,92000.0,72,2025-11-11
JOB02448,Data Engineer I,Entry,0.0,Quantum Insight,E-commerce,"New York, USA",No,Full-time,"Tableau, Excel, Statistics, Python, NLP",201-1000,97500.0,14,2026-04-26
JOB02449,Senior Data Scientist,Senior,6.0,Fusion Analytics,Automotive,"Berlin, Germany",No,Full-time,"GCP, Computer Vision, Azure, LLMs, Deep Learning",1001-5000,164000.0,18,2025-12-18
JOB02450,Machine Learning Engineer,Mid,3.0,Skyline Data Co,Technology,"Sydney, Australia",Yes,Contract,"Power BI, Python, SQL, TensorFlow, Data Visualization",201-1000,97500.0,19,2026-04-27
JOB02451,NLP Engineer,Mid,3.0,DataForge,Healthcare,"Sydney, Australia",No,Full-time,"Deep Learning, Power BI, TensorFlow, Machine Learning, PyTorch",1001-5000,115500.0,9,2026-06-05
JOB02452,VP of Machine Learning,Manager,10.0,Corelytics,Consulting,"New York, USA",Yes,Full-time,"LLMs, Statistics, AWS, GCP, A/B Testing",1001-5000,346000.0,18,2026-04-02
JOB02453,ML Engineer I,Entry,0.0,Zenith Data Group,Consulting,Remote,Yes,Full-time,"SQL, Python, Tableau, Data Visualization",1001-5000,74000.0,27,2026-02-20
JOB02454,Lead Data Engineer,Senior,6.0,Ironpeak Tech,Technology,"Bengaluru, India",No,Full-time,"Computer Vision, Deep Learning, NLP",1001-5000,64500.0,110,2025-07-20
JOB02455,Staff AI Engineer,Senior,6.0,Corelytics,Technology,"Berlin, Germany",Yes,Full-time,"MLOps, Generative AI, AWS, Deep Learning, Computer Vision",201-1000,135000.0,42,2026-02-17
JOB02456,Analytics Engineer,Mid,3.0,Vertex Analytics,Finance,"London, UK",No,Full-time,"NLP, SQL, TensorFlow, PyTorch, Python",201-1000,146500.0,36,2026-01-12
JOB02457,Computer Vision Engineer,Mid,3.0,Silverline AI,Consulting,"New York, USA",Yes,Full-time,"PyTorch, Python, NLP, Machine Learning, AWS",5000+,130500.0,53,2026-07-02
JOB02458,Lead Data Engineer,Senior,6.0,DataForge,Finance,"New York, USA",Yes,Full-time,"GCP, Deep Learning, NLP, Azure, Kubernetes",201-1000,205000.0,228,2026-06-06
JOB02459,NLP Engineer,Mid,3.0,Nexora AI,Telecommunications,"San Francisco, USA",No,Full-time,"AWS, SQL, TensorFlow",5000+,148500.0,84,2025-12-19
JOB02460,Principal Data Scientist,Senior,6.0,Ironpeak Tech,Gaming,"Austin, USA",No,Full-time,"Computer Vision, GCP, Machine Learning, Azure, Excel",1-50,178000.0,17,2025-11-16
JOB02461,Data Engineer I,Entry,0.0,Nexora AI,Automotive,"Austin, USA",Yes,Full-time,"Data Visualization, Python, Tableau, Excel",5000+,88500.0,59,2025-10-23
JOB02462,Machine Learning Engineer,Mid,3.0,DataForge,Technology,Remote,Yes,Full-time,"PyTorch, Deep Learning, NLP",51-200,110000.0,57,2026-03-09
JOB02463,Junior Data Scientist,Entry,0.0,Quantum Insight,Finance,"Austin, USA",No,Contract,"SQL, Statistics, Data Visualization, Excel, Spark",51-200,73500.0,141,2026-03-19
JOB02464,Machine Learning Engineer,Mid,3.0,Meridian Software,Consulting,"Sydney, Australia",No,Full-time,"SQL, AWS, Power BI, Deep Learning, PyTorch",1001-5000,94000.0,44,2026-02-14
JOB02465,BI Analyst,Entry,0.0,Nexora AI,Technology,"Dublin, Ireland",No,Full-time,"Statistics, SQL, Excel, Machine Learning",201-1000,65500.0,23,2026-02-02
JOB02466,Junior Data Scientist,Entry,0.0,Nexora AI,Manufacturing,"New York, USA",No,Full-time,"Data Visualization, Tableau, Excel, SQL",201-1000,90000.0,10,2025-11-01
JOB02467,Director of Data Science,Manager,10.0,Novacore AI,Finance,"Sydney, Australia",No,Contract,"MLOps, Statistics, GCP",51-200,200500.0,95,2025-09-13
JOB02468,Data Analyst,Entry,0.0,Novacore AI,Gaming,"Austin, USA",Yes,Full-time,"Data Visualization, SQL, Excel, Statistics",1001-5000,61500.0,102,2025-08-29
JOB02469,Senior ML Engineer,Senior,6.0,Fusion Analytics,Gaming,"New York, USA",Yes,Full-time,"LLMs, Azure, Deep Learning, Machine Learning",201-1000,176500.0,36,2025-12-30
JOB02470,NLP Engineer,Mid,3.0,Orbital Systems,Automotive,"London, UK",No,Full-time,"Python, NLP, Spark",201-1000,122000.0,66,2026-04-01
JOB02471,Principal Data Scientist,Senior,6.0,Horizon Cloud,Gaming,"Berlin, Germany",No,Full-time,"Computer Vision, Deep Learning, NLP, Machine Learning",1-50,122000.0,28,2026-03-25
JOB02472,Data Analyst,Entry,0.0,Fusion Analytics,Healthcare,"San Francisco, USA",No,Full-time,"Statistics, Tableau, Python",1001-5000,115000.0,97,2025-11-04
JOB02473,ML Engineer I,Entry,0.0,DataForge,Manufacturing,Singapore,No,Full-time,"SQL, Excel, Python, Data Visualization, Tableau",5000+,79500.0,91,2025-10-10
JOB02474,Staff AI Engineer,Senior,6.0,DataForge,Automotive,"Austin, USA",No,Full-time,"Kubernetes, Azure, MLOps, Machine Learning",201-1000,163500.0,44,2026-02-02
JOB02475,Senior ML Engineer,Senior,6.0,Nexora AI,E-commerce,"Sydney, Australia",Yes,Full-time,"Deep Learning, Computer Vision, Azure, Excel",201-1000,195500.0,71,2025-10-12
JOB02477,AI Engineer,Mid,3.0,Bright Path AI,Gaming,"Austin, USA",Yes,Full-time,"Deep Learning, Machine Learning, TensorFlow",5000+,119000.0,12,2026-01-14
JOB02478,Junior Data Scientist,Entry,0.0,Zenith Data Group,Manufacturing,"Austin, USA",No,Full-time,"Excel, Python, Tableau, SQL, LLMs",51-200,82000.0,55,2026-01-28
JOB02479,Data Engineer I,Entry,0.0,Bluewave Tech,Gaming,Singapore,Yes,Full-time,"Python, Tableau, SQL, Excel, Statistics",201-1000,62000.0,2,2026-05-23
JOB02480,Data Analyst,Entry,0.0,Bright Path AI,E-commerce,"Toronto, Canada",Yes,Part-time,"Data Visualization, Statistics, Python, SQL",51-200,78000.0,69,2025-10-16
JOB02483,BI Analyst,Entry,0.0,Vertex Analytics,Manufacturing,"Sydney, Australia",Yes,Full-time,"SQL, Statistics, Tableau",51-200,73500.0,72,2026-05-18
JOB02484,NLP Engineer,Mid,3.0,Skyline Data Co,Consulting,"Berlin, Germany",No,Full-time,"Machine Learning, Deep Learning, NLP, AWS, PyTorch",1-50,87000.0,20,2025-09-05
JOB02485,Machine Learning Engineer,Mid,3.0,Zenith Data Group,Manufacturing,"London, UK",Yes,Full-time,"SQL, AWS, NLP",5000+,126000.0,11,2025-10-22
JOB02486,Principal Data Scientist,Senior,6.0,Fusion Analytics,Healthcare,"London, UK",Yes,Full-time,"Computer Vision, Generative AI, GCP, NLP, Kubernetes",5000+,176000.0,56,2025-08-12
JOB02488,Senior ML Engineer,Senior,6.0,Atlas Intelligence,Finance,"Austin, USA",No,Full-time,"Machine Learning, LLMs, Kubernetes, Deep Learning, R",51-200,153500.0,25,2026-02-04
JOB02489,Head of Analytics,Manager,10.0,Meridian Software,Telecommunications,"Sydney, Australia",Yes,Full-time,"Generative AI, Statistics, AWS, LLMs",1-50,232500.0,53,2026-03-11
JOB02490,AI Research Scientist,Senior,6.0,Ironpeak Tech,E-commerce,"Dublin, Ireland",No,Full-time,"Machine Learning, GCP, AWS, Azure",201-1000,167000.0,65,2025-08-26
JOB02491,Data Engineer,Mid,3.0,Quantum Insight,Consulting,"San Francisco, USA",Yes,Full-time,"TensorFlow, NLP, SQL, Spark",5000+,126500.0,161,2025-07-17
JOB02492,Senior Data Scientist,Senior,6.0,Skyline Data Co,Manufacturing,Remote,Yes,Full-time,"GCP, NLP, LLMs, Azure, AWS",201-1000,174000.0,8,2026-04-09
JOB02493,Data Engineer I,Entry,0.0,Vertex Analytics,Consulting,Remote,Yes,Full-time,"Data Visualization, SQL, Excel, Python",201-1000,59000.0,44,2025-12-09
JOB02494,Data Analyst,Entry,0.0,Bright Path AI,Education,"Dublin, Ireland",Yes,Full-time,"Statistics, Excel, SQL, Deep Learning",1-50,85000.0,60,2025-11-29
JOB02495,Data Analyst,Entry,0.0,Nexora AI,Healthcare,"Toronto, Canada",No,Full-time,"SQL, Excel, Python, Tableau",51-200,57000.0,30,2025-08-03
JOB02496,AI Research Assistant,Entry,0.0,Skyline Data Co,Telecommunications,"Toronto, Canada",Yes,Full-time,"Statistics, Python, Tableau, Data Visualization",1-50,63000.0,14,2025-08-21
JOB02497,Junior Data Scientist,Entry,0.0,Nexora AI,Gaming,"San Francisco, USA",No,Full-time,"Data Visualization, Statistics, Excel",51-200,110500.0,17,2025-08-04
JOB02498,Data Scientist,Mid,3.0,Bright Path AI,E-commerce,Singapore,No,Full-time,"AWS, TensorFlow, Machine Learning",51-200,111500.0,39,2025-11-17
JOB02499,Head of AI,Manager,10.0,Meridian Software,E-commerce,"London, UK",No,Full-time,"Statistics, A/B Testing, LLMs, MLOps, Generative AI",201-1000,273000.0,50,2026-01-21
JOB02500,Data Analyst,Entry,0.0,Fusion Analytics,Education,"Sydney, Australia",No,Full-time,"Statistics, SQL, Data Visualization, Excel",1001-5000,55500.0,21,2025-12-30
JOB02501,Senior Data Scientist,Senior,6.0,Corelytics,Healthcare,"Bengaluru, India",Yes,Full-time,"LLMs, AWS, Generative AI",51-200,63500.0,12,2026-07-03
JOB02502,Data Scientist,Mid,3.0,Zenith Data Group,Education,Singapore,No,Full-time,"Deep Learning, Python, Machine Learning, PyTorch",201-1000,129000.0,75,2025-11-30
JOB02503,Junior Data Scientist,Entry,0.0,Vertex Analytics,Gaming,"Dublin, Ireland",No,Full-time,"Excel, Tableau, Statistics, SQL, Airflow",1-50,59500.0,87,2025-10-25
JOB02504,Senior Data Scientist,Senior,6.0,Silverline AI,Healthcare,Singapore,Yes,Full-time,"GCP, Azure, NLP",51-200,176000.0,30,2026-04-10
JOB02505,Data Science Manager,Manager,10.0,Bright Path AI,Technology,Remote,Yes,Full-time,"Generative AI, MLOps, LLMs, Statistics",1-50,273000.0,67,2025-08-10
JOB02506,Computer Vision Engineer,Mid,3.0,Ironpeak Tech,Automotive,"London, UK",No,Contract,"TensorFlow, Spark, Machine Learning, PyTorch, NLP",5000+,118000.0,19,2025-11-04
JOB02507,Junior Data Scientist,Entry,0.0,Bright Path AI,Consulting,"London, UK",No,Full-time,"Data Visualization, Statistics, SQL, Tableau",1001-5000,59500.0,24,2025-09-04
JOB02508,Data Engineer I,Entry,0.0,Atlas Intelligence,Technology,"San Francisco, USA",Yes,Full-time,"Statistics, Tableau, Excel, SQL, NLP",5000+,109500.0,77,2026-07-03
JOB02509,Analytics Engineer,Mid,3.0,Clearline Systems,Automotive,"Berlin, Germany",Yes,Full-time,"AWS, Python, TensorFlow",51-200,104000.0,44,2025-10-05
JOB02510,Data Scientist,Mid,3.0,Skyline Data Co,Education,"Dublin, Ireland",Yes,Full-time,"SQL, Deep Learning, AWS, Machine Learning, NLP",1-50,123000.0,99,2025-11-11
JOB02511,BI Analyst,Entry,0.0,Orbital Systems,Healthcare,Remote,Yes,Contract,"Statistics, Python, SQL, Excel",51-200,72000.0,109,2025-09-09
JOB02512,NLP Engineer,Mid,3.0,Skyline Data Co,Telecommunications,"Sydney, Australia",Yes,Full-time,"SQL, Spark, TensorFlow, GCP",1001-5000,129500.0,47,2026-01-27
JOB02513,AI Research Scientist,Senior,6.0,Zenith Data Group,Education,"Dublin, Ireland",No,Full-time,"LLMs, Generative AI, Computer Vision, NLP, SQL",51-200,161000.0,69,2026-07-06
JOB02514,AI Engineer,Mid,3.0,Northstar Labs,Consulting,"London, UK",No,Full-time,"Deep Learning, Power BI, SQL",1-50,103000.0,6,2025-08-05
JOB02515,AI Research Scientist,Senior,6.0,Silverline AI,Manufacturing,"Toronto, Canada",No,Full-time,"Azure, GCP, Machine Learning, Computer Vision",51-200,172000.0,51,2025-08-17
JOB02516,Data Analyst,Entry,0.0,Orbital Systems,Telecommunications,Remote,Yes,Full-time,"Tableau, Statistics, Excel, Generative AI",1001-5000,71500.0,59,2025-10-15
JOB02517,BI Analyst,Entry,0.0,Pulse Robotics,Healthcare,"Bengaluru, India",No,Full-time,"SQL, Statistics, Excel, Tableau",1001-5000,37500.0,36,2025-07-30
JOB02518,AI Research Scientist,Senior,6.0,Nexora AI,E-commerce,"Berlin, Germany",No,Full-time,"MLOps, GCP, Kubernetes, Statistics",1001-5000,142500.0,18,2026-06-13
JOB02519,AI Research Scientist,Senior,6.0,Orbital Systems,Telecommunications,"Berlin, Germany",No,Full-time,"Computer Vision, NLP, GCP, Kubernetes, Airflow",1-50,141000.0,36,2025-07-22
JOB02520,NLP Engineer,Mid,3.0,Pulse Robotics,Telecommunications,"San Francisco, USA",No,Full-time,"AWS, Machine Learning, Power BI, PyTorch, Airflow",201-1000,117500.0,48,2026-04-05
JOB02521,Machine Learning Engineer,Mid,3.0,Pulse Robotics,Gaming,Remote,Yes,Full-time,"Power BI, AWS, TensorFlow, Machine Learning",201-1000,90500.0,56,2025-09-02
JOB02523,Analytics Engineer,Mid,3.0,Quantum Insight,Manufacturing,"Toronto, Canada",No,Full-time,"PyTorch, AWS, Machine Learning, Spark",201-1000,92500.0,68,2025-10-20
JOB02524,Lead Data Engineer,Senior,6.0,Ironpeak Tech,Healthcare,"San Francisco, USA",No,Full-time,"Deep Learning, LLMs, Azure, AWS",51-200,190000.0,66,2026-06-20
JOB02525,Data Engineer I,Entry,0.0,Clearline Systems,Finance,"Austin, USA",No,Part-time,"Python, Statistics, SQL",1-50,80500.0,7,2026-05-27
JOB02527,Staff AI Engineer,Senior,6.0,Ironpeak Tech,Manufacturing,"Bengaluru, India",Yes,Full-time,"Computer Vision, AWS, NLP",51-200,69500.0,35,2026-04-02
JOB02528,NLP Engineer,Mid,3.0,Horizon Cloud,Education,"New York, USA",Yes,Full-time,"TensorFlow, Deep Learning, Spark, Generative AI",201-1000,157500.0,16,2025-10-07
JOB02529,Data Engineer I,Entry,0.0,Novacore AI,E-commerce,"San Francisco, USA",Yes,Full-time,"Statistics, Data Visualization, Python, Excel, SQL",201-1000,73500.0,37,2026-01-21
JOB02530,AI Engineer,Mid,3.0,Atlas Intelligence,Education,"London, UK",No,Full-time,"Spark, Power BI, PyTorch",5000+,125000.0,51,2025-10-31
JOB02531,ML Engineer I,Entry,0.0,Meridian Software,Manufacturing,Remote,Yes,Part-time,"Python, Tableau, Excel, Data Visualization, SQL",1001-5000,60000.0,10,2026-03-23
JOB02532,Principal Data Scientist,Senior,6.0,Corelytics,Telecommunications,Singapore,Yes,Full-time,"Deep Learning, AWS, Generative AI, Kubernetes",5000+,195000.0,61,2026-05-29
JOB02533,AI Engineer,Mid,3.0,Horizon Cloud,Telecommunications,Singapore,No,Full-time,"Deep Learning, Machine Learning, Spark, Power BI, PyTorch",1-50,129500.0,22,2026-03-26
JOB02534,Computer Vision Engineer,Mid,3.0,Skyline Data Co,Manufacturing,"Toronto, Canada",No,Full-time,"Machine Learning, PyTorch, Power BI",51-200,114500.0,47,2025-08-13
JOB02535,Senior Data Scientist,Senior,6.0,Meridian Software,Healthcare,"Austin, USA",Yes,Full-time,"Kubernetes, Computer Vision, MLOps, NLP",51-200,153000.0,60,2025-08-09
JOB02536,Staff AI Engineer,Senior,6.0,Nexora AI,Technology,Singapore,Yes,Full-time,"Generative AI, LLMs, Computer Vision",201-1000,161000.0,74,2026-03-27
JOB02537,Analytics Engineer,Mid,3.0,Bright Path AI,Telecommunications,"Toronto, Canada",No,Full-time,"Spark, AWS, PyTorch, NLP, SQL",1-50,98500.0,8,2025-11-15
JOB02538,Senior Data Scientist,Senior,6.0,Pulse Robotics,Gaming,"San Francisco, USA",No,Full-time,"MLOps, GCP, AWS, Kubernetes, Generative AI",1001-5000,260500.0,18,2025-07-03
JOB02539,ML Engineer I,Entry,0.0,Quantum Insight,Healthcare,Remote,Yes,Full-time,"SQL, Tableau, Statistics",51-200,83000.0,50,2025-10-13
JOB02540,NLP Engineer,Mid,3.0,Bright Path AI,Healthcare,"Dublin, Ireland",No,Contract,"SQL, NLP, Deep Learning, TensorFlow, Python",1-50,91500.0,74,2026-02-23
JOB02541,Staff AI Engineer,Senior,6.0,Novacore AI,Finance,"Toronto, Canada",Yes,Full-time,"Machine Learning, AWS, Generative AI",1-50,147500.0,72,2026-04-05
JOB02542,Machine Learning Engineer,Mid,3.0,Meridian Software,Automotive,Remote,Yes,Full-time,"SQL, AWS, PyTorch",1-50,119500.0,34,2026-05-16
JOB02544,Analytics Engineer,Mid,3.0,Clearline Systems,Education,"Bengaluru, India",No,Full-time,"Machine Learning, NLP, Spark, Power BI, PyTorch, LLMs",51-200,50500.0,28,2025-08-23
JOB02545,Head of AI,Manager,10.0,Corelytics,Automotive,"Toronto, Canada",No,Full-time,"Statistics, Generative AI, MLOps, A/B Testing, LLMs, PyTorch",1-50,184000.0,8,2026-03-22
JOB02546,Data Engineer I,Entry,0.0,Orbital Systems,Healthcare,Singapore,No,Full-time,"Python, Tableau, Data Visualization",51-200,78500.0,79,2025-10-03
JOB02547,Senior Data Scientist,Senior,6.0,DataForge,Technology,"Berlin, Germany",Yes,Full-time,"Deep Learning, MLOps, Computer Vision, NLP",201-1000,139000.0,97,2025-07-30
JOB02548,Senior Data Scientist,Senior,6.0,Quantum Insight,Manufacturing,"Toronto, Canada",No,Full-time,"Machine Learning, AWS, Computer Vision",201-1000,133000.0,27,2025-12-29
JOB02549,AI Research Scientist,Senior,6.0,Zenith Data Group,Gaming,"Toronto, Canada",No,Full-time,"Computer Vision, Deep Learning, Kubernetes, TensorFlow",1001-5000,170500.0,106,2025-11-26
JOB02550,NLP Engineer,Mid,3.0,Fusion Analytics,E-commerce,"Sydney, Australia",Yes,Full-time,"Python, Power BI, NLP, Deep Learning",201-1000,110000.0,44,2025-10-15
JOB02551,Data Engineer I,Entry,0.0,Novacore AI,Healthcare,"Dublin, Ireland",Yes,Full-time,"Excel, Python, Data Visualization, SQL, Computer Vision",1001-5000,77000.0,28,2025-11-14
JOB02552,Head of AI,Manager,10.0,Zenith Data Group,Telecommunications,Singapore,No,Full-time,"AWS, GCP, LLMs",1-50,247000.0,34,2025-12-25
JOB02553,Analytics Engineer,Mid,3.0,Novacore AI,Education,"New York, USA",Yes,Full-time,"Python, Machine Learning, TensorFlow, NLP, Spark, AWS",1001-5000,117500.0,40,2026-01-20
JOB02554,Lead Data Engineer,Senior,6.0,Bluewave Tech,Gaming,"Bengaluru, India",No,Full-time,"Kubernetes, MLOps, NLP, AWS",201-1000,78000.0,121,2025-10-29
JOB02556,Analytics Engineer,Mid,3.0,Zenith Data Group,Consulting,"Bengaluru, India",No,Full-time,"PyTorch, AWS, Python, Power BI",1001-5000,46500.0,111,2025-08-21
JOB02557,AI Research Assistant,Entry,0.0,Ironpeak Tech,Consulting,"Austin, USA",Yes,Contract,"Statistics, Tableau, Excel, Python, SQL",201-1000,85500.0,46,2025-10-29
JOB02559,Lead Data Engineer,Senior,6.0,Skyline Data Co,Consulting,"Sydney, Australia",No,Full-time,"AWS, LLMs, Computer Vision, Deep Learning, Machine Learning",5000+,150000.0,56,2025-08-31
JOB02560,Junior Data Scientist,Entry,0.0,Meridian Software,Automotive,Singapore,No,Full-time,"SQL, Statistics, Tableau, Data Visualization, Excel",201-1000,59000.0,29,2025-12-03
JOB02561,Data Engineer I,Entry,0.0,Corelytics,Gaming,"London, UK",No,Full-time,"Tableau, Data Visualization, Statistics",51-200,80500.0,89,2026-06-21
JOB02562,NLP Engineer,Mid,3.0,Horizon Cloud,Manufacturing,"Dublin, Ireland",Yes,Full-time,"NLP, AWS, PyTorch, SQL",51-200,86000.0,73,2025-09-11
JOB02563,AI Research Assistant,Entry,0.0,Horizon Cloud,Gaming,"New York, USA",No,Full-time,"Excel, Data Visualization, Statistics, Tableau, SQL",1001-5000,77500.0,20,2025-12-14
JOB02564,AI Research Assistant,Entry,0.0,Ironpeak Tech,Telecommunications,"London, UK",No,Full-time,"Data Visualization, Python, SQL, Tableau",201-1000,84000.0,44,2026-01-22
JOB02565,Senior ML Engineer,Senior,6.0,Clearline Systems,Finance,"San Francisco, USA",No,Full-time,"AWS, Computer Vision, Azure, Spark",5000+,220500.0,25,2025-10-14
JOB02567,Data Scientist,Mid,3.0,Clearline Systems,Education,"New York, USA",No,Full-time,"Deep Learning, Spark, Machine Learning, Docker",5000+,104000.0,79,2026-01-16
JOB02568,Data Scientist,Mid,3.0,Fusion Analytics,E-commerce,"Toronto, Canada",No,Full-time,"AWS, SQL, Deep Learning, NLP, PyTorch, LLMs",201-1000,82500.0,55,2026-01-11
JOB02569,Principal Data Scientist,Senior,6.0,Skyline Data Co,Manufacturing,"San Francisco, USA",Yes,Full-time,"LLMs, AWS, Machine Learning, NLP, Kubernetes, Azure",5000+,202000.0,31,2026-02-23
JOB02571,NLP Engineer,Mid,3.0,Meridian Software,Automotive,"Dublin, Ireland",No,Full-time,"Python, PyTorch, AWS, Deep Learning",201-1000,108500.0,214,2025-07-04
JOB02572,AI Research Assistant,Entry,0.0,Fusion Analytics,E-commerce,"Sydney, Australia",No,Full-time,"Tableau, Python, Statistics, Data Visualization, Excel, Airflow",51-200,66500.0,44,2025-08-30
JOB02573,Data Engineer I,Entry,0.0,Bluewave Tech,Telecommunications,"London, UK",Yes,Full-time,"Data Visualization, SQL, Statistics",1001-5000,82000.0,58,2025-09-01
JOB02574,Data Engineer I,Entry,0.0,Meridian Software,Healthcare,Remote,Yes,Contract,"Excel, Python, Data Visualization",5000+,70000.0,59,2026-03-14
JOB02575,Analytics Engineer,Mid,3.0,Corelytics,Technology,Remote,Yes,Full-time,"SQL, Deep Learning, Spark, Power BI, PyTorch",51-200,122000.0,22,2025-12-25
JOB02576,Computer Vision Engineer,Mid,3.0,DataForge,Telecommunications,"Bengaluru, India",Yes,Full-time,"AWS, Deep Learning, Python, SQL, PyTorch",51-200,49500.0,52,2026-02-23
JOB02577,Analytics Engineer,Mid,3.0,Clearline Systems,Consulting,"Bengaluru, India",Yes,Full-time,"SQL, TensorFlow, PyTorch, Python, Deep Learning",201-1000,62000.0,40,2026-07-09
JOB02578,BI Analyst,Entry,0.0,Fusion Analytics,Consulting,"Austin, USA",Yes,Full-time,"Excel, Statistics, SQL",51-200,87500.0,50,2025-07-01
JOB02579,BI Analyst,Entry,0.0,Bluewave Tech,Finance,"Sydney, Australia",No,Full-time,"Statistics, Data Visualization, Excel, SQL, NLP",201-1000,81500.0,18,2026-02-05
JOB02581,Analytics Engineer,Mid,3.0,Fusion Analytics,Healthcare,Singapore,No,Full-time,"Deep Learning, TensorFlow, Python, SQL, Spark, Docker",201-1000,120500.0,60,2025-07-02
JOB02582,NLP Engineer,Mid,3.0,DataForge,Automotive,"London, UK",No,Full-time,"TensorFlow, NLP, SQL",5000+,140500.0,2,2026-02-23
JOB02583,ML Engineer I,Entry,0.0,DataForge,Gaming,Remote,Yes,Full-time,"Tableau, Statistics, Data Visualization, SQL",51-200,79000.0,120,2025-08-22
JOB02584,Junior Data Scientist,Entry,0.0,Novacore AI,Education,Singapore,No,Full-time,"Tableau, Statistics, Data Visualization",1-50,77500.0,30,2025-11-10
JOB02585,Computer Vision Engineer,Mid,3.0,Nexora AI,Manufacturing,"Toronto, Canada",Yes,Full-time,"NLP, SQL, TensorFlow, Power BI, AWS, Tableau",51-200,95500.0,28,2026-06-08
JOB02586,NLP Engineer,Mid,3.0,Fusion Analytics,Manufacturing,"Berlin, Germany",No,Full-time,"SQL, Power BI, NLP, AWS, Deep Learning",1001-5000,114500.0,107,2025-08-16
JOB02587,NLP Engineer,Mid,3.0,Skyline Data Co,Gaming,Singapore,Yes,Full-time,"AWS, SQL, Spark, Power BI, TensorFlow",1001-5000,91500.0,65,2025-11-19
JOB02588,Data Engineer,Mid,3.0,Skyline Data Co,Consulting,"New York, USA",No,Full-time,"Machine Learning, TensorFlow, NLP",1-50,130000.0,72,2026-05-15
JOB02589,Analytics Engineer,Mid,3.0,Vertex Analytics,Education,"Bengaluru, India",No,Full-time,"Power BI, Machine Learning, Python",1-50,54000.0,8,2025-09-22
JOB02592,BI Analyst,Entry,0.0,Orbital Systems,Finance,"Austin, USA",No,Full-time,"Tableau, Python, Statistics, SQL, Excel",1-50,85500.0,36,2026-06-13
JOB02593,Data Analyst,Entry,0.0,DataForge,Gaming,"Berlin, Germany",Yes,Full-time,"Excel, Tableau, SQL",1001-5000,58500.0,39,2026-01-28
JOB02594,Staff AI Engineer,Senior,6.0,Ironpeak Tech,E-commerce,"Berlin, Germany",No,Full-time,"MLOps, Deep Learning, Kubernetes, Generative AI, NLP",51-200,158500.0,39,2026-04-15
JOB02595,Junior Data Scientist,Entry,0.0,Vertex Analytics,Automotive,"Dublin, Ireland",No,Full-time,"Statistics, Data Visualization, Tableau, SQL",201-1000,59000.0,99,2025-08-20
JOB02597,Lead Data Engineer,Senior,6.0,Northstar Labs,Gaming,"Austin, USA",No,Contract,"Deep Learning, Kubernetes, AWS, GCP",201-1000,161000.0,45,2026-05-20
JOB02598,Senior ML Engineer,Senior,6.0,DataForge,Gaming,"Toronto, Canada",Yes,Full-time,"NLP, Machine Learning, Azure",5000+,183000.0,183,2025-11-11
JOB02599,Senior ML Engineer,Senior,6.0,Northstar Labs,Finance,Remote,Yes,Full-time,"Deep Learning, NLP, MLOps, Generative AI, LLMs, TensorFlow",201-1000,179500.0,62,2026-02-25
JOB02600,Data Scientist,Mid,3.0,Quantum Insight,E-commerce,Remote,Yes,Full-time,"PyTorch, TensorFlow, Machine Learning, AWS, Tableau",5000+,114500.0,30,2025-11-10
JOB02601,Data Analyst,Entry,0.0,Zenith Data Group,Healthcare,"Austin, USA",No,Full-time,"Statistics, Tableau, Python, Data Visualization",51-200,64000.0,47,2026-04-24
JOB02602,Machine Learning Engineer,Mid,3.0,Nexora AI,Gaming,"Sydney, Australia",No,Full-time,"SQL, NLP, TensorFlow, Deep Learning",201-1000,138500.0,10,2025-11-13
JOB02603,Data Engineer I,Entry,0.0,Bright Path AI,Gaming,"Sydney, Australia",Yes,Full-time,"Python, Excel, SQL, Statistics, Data Visualization",51-200,68500.0,24,2025-11-14
JOB02604,Data Science Manager,Manager,10.0,Skyline Data Co,Finance,"Bengaluru, India",Yes,Full-time,"MLOps, AWS, Statistics, LLMs",1001-5000,90500.0,50,2026-07-04
JOB02605,Principal Data Scientist,Senior,6.0,Novacore AI,Healthcare,"Austin, USA",No,Full-time,"GCP, Azure, Computer Vision",51-200,218000.0,71,2025-12-22
JOB02606,VP of Machine Learning,Manager,10.0,Corelytics,Manufacturing,"Bengaluru, India",No,Full-time,"Statistics, GCP, AWS, A/B Testing",5000+,125500.0,68,2025-10-19
JOB02607,Data Scientist,Mid,3.0,Vertex Analytics,Telecommunications,"Austin, USA",No,Full-time,"Spark, NLP, PyTorch, Deep Learning, SQL",51-200,128500.0,62,2026-07-13
JOB02608,Machine Learning Engineer,Mid,3.0,Fusion Analytics,Manufacturing,Singapore,Yes,Full-time,"Spark, TensorFlow, AWS, Python",51-200,123500.0,54,2026-01-14
JOB02609,NLP Engineer,Mid,3.0,Quantum Insight,Automotive,"Sydney, Australia",No,Part-time,"NLP, Python, Power BI, TensorFlow, Machine Learning",51-200,113500.0,66,2026-05-05
JOB02610,Senior Data Scientist,Senior,6.0,Bright Path AI,Healthcare,Remote,Yes,Full-time,"LLMs, AWS, Machine Learning, Deep Learning",201-1000,160000.0,52,2025-07-30
JOB02611,Analytics Engineer,Mid,3.0,Fusion Analytics,E-commerce,"Toronto, Canada",No,Full-time,"NLP, Machine Learning, Python, Spark, AWS",201-1000,105500.0,74,2026-05-08
JOB02612,BI Analyst,Entry,0.0,Vertex Analytics,Manufacturing,"Dublin, Ireland",No,Full-time,"Tableau, Python, Data Visualization, Excel, GCP",5000+,80500.0,58,2026-06-30
JOB02613,Machine Learning Engineer,Mid,3.0,Silverline AI,Consulting,"Austin, USA",Yes,Full-time,"Machine Learning, Python, Power BI, GCP",5000+,101500.0,54,2026-01-09
JOB02614,Data Analyst,Entry,0.0,Silverline AI,Consulting,"Dublin, Ireland",Yes,Full-time,"SQL, Statistics, Data Visualization",1001-5000,82500.0,71,2026-01-16
JOB02615,NLP Engineer,Mid,3.0,Vertex Analytics,Healthcare,Singapore,No,Full-time,"Spark, Python, Deep Learning",51-200,94000.0,63,2026-02-11
JOB02616,AI Research Assistant,Entry,0.0,Nexora AI,Finance,"Austin, USA",Yes,Full-time,"Tableau, Statistics, SQL",5000+,58000.0,25,2025-10-03
JOB02617,VP of Machine Learning,Manager,10.0,Nexora AI,Healthcare,"Bengaluru, India",No,Full-time,"Statistics, A/B Testing, AWS",5000+,122000.0,22,2025-12-07
JOB02618,AI Engineer,Mid,3.0,Bright Path AI,E-commerce,"Austin, USA",No,Full-time,"Machine Learning, PyTorch, AWS, SQL",51-200,125500.0,20,2026-01-30
JOB02619,Senior ML Engineer,Senior,6.0,Corelytics,Manufacturing,"Toronto, Canada",Yes,Full-time,"NLP, Kubernetes, LLMs, Computer Vision, GCP, Power BI",5000+,147000.0,15,2026-03-19
JOB02620,Analytics Engineer,Mid,3.0,Skyline Data Co,Technology,"Dublin, Ireland",No,Full-time,"Deep Learning, Python, SQL, PyTorch, TensorFlow, Statistics",201-1000,114000.0,49,2026-07-12
JOB02621,Principal Data Scientist,Senior,6.0,Clearline Systems,Technology,"Austin, USA",No,Full-time,"Azure, GCP, Generative AI, Machine Learning, A/B Testing",51-200,163500.0,4,2025-07-17
JOB02622,AI Research Scientist,Senior,6.0,Silverline AI,E-commerce,"San Francisco, USA",No,Full-time,"Deep Learning, LLMs, Machine Learning, Computer Vision",51-200,240000.0,100,2025-07-01
JOB02623,ML Engineer I,Entry,0.0,Meridian Software,Consulting,"Dublin, Ireland",No,Full-time,"Tableau, Excel, Statistics, Data Visualization, GCP",51-200,76500.0,28,2025-10-26
JOB02625,Staff AI Engineer,Senior,6.0,Novacore AI,Technology,"San Francisco, USA",Yes,Full-time,"Machine Learning, Kubernetes, Computer Vision, NLP, Azure",5000+,264000.0,36,2026-07-10
JOB02626,Machine Learning Engineer,Mid,3.0,Zenith Data Group,Consulting,"Berlin, Germany",No,Full-time,"Machine Learning, NLP, AWS, PyTorch, Python",51-200,89000.0,69,2025-12-13
JOB02627,Data Scientist,Mid,3.0,Silverline AI,Technology,"London, UK",No,Full-time,"TensorFlow, Python, AWS, Generative AI",5000+,135000.0,8,2026-07-07
JOB02628,ML Engineer I,Entry,0.0,Meridian Software,E-commerce,"Sydney, Australia",No,Full-time,"Python, Tableau, Statistics, Excel",51-200,64000.0,31,2025-07-29
JOB02629,Lead Data Engineer,Senior,6.0,Bluewave Tech,Gaming,Singapore,No,Full-time,"LLMs, Machine Learning, Generative AI, Deep Learning, MLOps",51-200,190500.0,6,2025-07-21
JOB02630,Analytics Engineer,Mid,3.0,Vertex Analytics,Automotive,"Berlin, Germany",No,Full-time,"AWS, Python, SQL, MLOps",201-1000,91500.0,54,2025-11-16
JOB02631,Lead Data Engineer,Senior,6.0,Pulse Robotics,Consulting,Singapore,No,Full-time,"Machine Learning, Generative AI, Azure, Computer Vision, AWS, Tableau",51-200,149500.0,38,2025-08-01
JOB02632,NLP Engineer,Mid,3.0,Meridian Software,Healthcare,Remote,Yes,Contract,"TensorFlow, Machine Learning, Python, Generative AI",1001-5000,111000.0,4,2025-12-10
JOB02633,Senior ML Engineer,Senior,6.0,Novacore AI,Manufacturing,"Bengaluru, India",No,Full-time,"Kubernetes, Machine Learning, Generative AI, GCP, Excel",51-200,74500.0,48,2025-07-13
JOB02634,Data Analyst,Entry,0.0,Bluewave Tech,Consulting,"San Francisco, USA",No,Full-time,"Excel, Python, Statistics, Tableau, Docker",1-50,98000.0,33,2026-01-06
JOB02635,Data Engineer I,Entry,0.0,Meridian Software,Education,"New York, USA",Yes,Full-time,"Data Visualization, Tableau, Excel, Python, Statistics",1-50,68500.0,87,2025-10-16
JOB02636,AI Engineer,Mid,3.0,Orbital Systems,Automotive,Singapore,Yes,Full-time,"TensorFlow, PyTorch, SQL",51-200,93500.0,29,2026-02-03
JOB02637,Computer Vision Engineer,Mid,3.0,Ironpeak Tech,E-commerce,"Austin, USA",No,Contract,"Spark, PyTorch, AWS, Deep Learning",1001-5000,143500.0,40,2026-05-24
JOB02638,Data Scientist,Mid,3.0,Vertex Analytics,Education,"San Francisco, USA",No,Full-time,"TensorFlow, PyTorch, SQL",51-200,170000.0,15,2025-08-24
JOB02639,Machine Learning Engineer,Mid,3.0,Northstar Labs,Automotive,"London, UK",Yes,Contract,"Machine Learning, SQL, Power BI",201-1000,119500.0,130,2025-12-20
JOB02640,Senior ML Engineer,Senior,6.0,Vertex Analytics,Gaming,"Dublin, Ireland",No,Full-time,"Kubernetes, Machine Learning, Azure, AWS",5000+,190500.0,32,2025-10-28
JOB02641,Staff AI Engineer,Senior,6.0,Bluewave Tech,Technology,"Dublin, Ireland",No,Full-time,"MLOps, Kubernetes, NLP, GCP, Computer Vision",201-1000,198000.0,39,2025-11-22
JOB02642,Machine Learning Engineer,Mid,3.0,Ironpeak Tech,Gaming,"Berlin, Germany",No,Full-time,"AWS, SQL, NLP, TensorFlow, Python",5000+,114000.0,13,2026-02-15
JOB02643,Data Science Manager,Manager,10.0,Horizon Cloud,Automotive,"Berlin, Germany",No,Part-time,"LLMs, Statistics, Generative AI, GCP, MLOps",1-50,197500.0,36,2026-07-06
JOB02644,Staff AI Engineer,Senior,6.0,Nexora AI,Finance,"Bengaluru, India",No,Full-time,"AWS, LLMs, Generative AI",51-200,69500.0,22,2026-05-09
JOB02646,Data Engineer I,Entry,0.0,Vertex Analytics,Education,"Bengaluru, India",Yes,Full-time,"Python, Statistics, Tableau, Excel",1001-5000,35500.0,59,2026-05-03
JOB02647,Analytics Engineer,Mid,3.0,Bright Path AI,Finance,"Berlin, Germany",Yes,Full-time,"Deep Learning, TensorFlow, NLP, AWS, SQL",51-200,91000.0,39,2026-04-13
JOB02649,Computer Vision Engineer,Mid,3.0,Quantum Insight,Education,"New York, USA",No,Contract,"Power BI, Python, NLP, PyTorch, AWS, Spark",201-1000,135500.0,119,2026-05-01
JOB02650,Data Analyst,Entry,0.0,Atlas Intelligence,Gaming,"Berlin, Germany",No,Full-time,"Data Visualization, Statistics, SQL",201-1000,73000.0,25,2026-04-10
JOB02651,ML Engineer I,Entry,0.0,DataForge,Healthcare,"Berlin, Germany",No,Full-time,"SQL, Statistics, Data Visualization, Tableau",51-200,56500.0,18,2025-09-22
JOB02652,Senior Data Scientist,Senior,6.0,Silverline AI,Manufacturing,Remote,Yes,Full-time,"NLP, Azure, AWS, Docker",5000+,167500.0,8,2025-09-13
JOB02653,Junior Data Scientist,Entry,0.0,Zenith Data Group,Telecommunications,Singapore,No,Full-time,"Tableau, Statistics, SQL, Excel, Data Visualization",1001-5000,76000.0,75,2026-04-18
JOB02654,Data Engineer,Mid,3.0,Nexora AI,Healthcare,"San Francisco, USA",Yes,Full-time,"Machine Learning, AWS, Spark, NLP, Power BI, Tableau",5000+,178500.0,57,2025-09-19
JOB02655,Data Engineer I,Entry,0.0,Ironpeak Tech,E-commerce,Remote,Yes,Full-time,"SQL, Data Visualization, Excel, Python, Deep Learning",1001-5000,85000.0,140,2025-12-28
JOB02656,NLP Engineer,Mid,3.0,Silverline AI,Gaming,"Toronto, Canada",Yes,Full-time,"Python, PyTorch, SQL, A/B Testing",201-1000,110000.0,137,2025-10-11
JOB02657,Computer Vision Engineer,Mid,3.0,Corelytics,Automotive,"Bengaluru, India",No,Full-time,"Deep Learning, SQL, Machine Learning",1001-5000,52500.0,52,2026-05-28
JOB02658,Senior Data Scientist,Senior,6.0,Meridian Software,Gaming,"London, UK",No,Full-time,"Computer Vision, AWS, Generative AI, GCP, Kubernetes, Machine Learning",1-50,158000.0,71,2025-08-25
JOB02659,Senior ML Engineer,Senior,6.0,Vertex Analytics,Automotive,"Dublin, Ireland",Yes,Full-time,"Kubernetes, GCP, Generative AI",5000+,154000.0,157,2025-09-24
JOB02660,Staff AI Engineer,Senior,6.0,Ironpeak Tech,Finance,"New York, USA",No,Full-time,"Computer Vision, MLOps, LLMs, Power BI",5000+,201500.0,64,2026-02-27
JOB02661,Junior Data Scientist,Entry,0.0,Silverline AI,Gaming,"Bengaluru, India",Yes,Full-time,"Tableau, Data Visualization, Excel",201-1000,31500.0,45,2026-07-14
JOB02662,AI Engineer,Mid,3.0,Northstar Labs,E-commerce,"New York, USA",No,Contract,"TensorFlow, Power BI, Machine Learning, NLP, PyTorch",1-50,121500.0,106,2026-01-24
JOB02663,NLP Engineer,Mid,3.0,Meridian Software,Education,"Bengaluru, India",Yes,Full-time,"Power BI, SQL, Deep Learning, AWS",201-1000,60000.0,29,2025-12-15
JOB02664,Senior ML Engineer,Senior,6.0,Novacore AI,E-commerce,Remote,Yes,Full-time,"MLOps, LLMs, GCP, Computer Vision, Deep Learning",201-1000,163500.0,55,2025-09-15
JOB02665,Data Scientist,Mid,3.0,Horizon Cloud,Telecommunications,Singapore,No,Full-time,"Spark, Machine Learning, SQL, AWS, Kubernetes",201-1000,117000.0,72,2026-03-29
JOB02666,Analytics Engineer,Mid,3.0,Clearline Systems,Manufacturing,"London, UK",Yes,Full-time,"Python, AWS, NLP, Deep Learning, Machine Learning",201-1000,121000.0,34,2025-08-19
JOB02667,Machine Learning Engineer,Mid,3.0,Orbital Systems,Finance,"Berlin, Germany",No,Full-time,"AWS, Power BI, Python, Generative AI",1-50,81500.0,58,2026-06-12
JOB02668,AI Research Scientist,Senior,6.0,Pulse Robotics,Telecommunications,Remote,Yes,Full-time,"Generative AI, GCP, LLMs, Azure",1-50,175000.0,79,2025-11-19
JOB02669,Junior Data Scientist,Entry,0.0,Horizon Cloud,Technology,"Toronto, Canada",No,Part-time,"Tableau, Python, Excel",51-200,52000.0,25,2025-08-27
JOB02670,Lead Data Engineer,Senior,6.0,Corelytics,E-commerce,"Austin, USA",Yes,Full-time,"Machine Learning, Kubernetes, NLP, AWS, R",5000+,155000.0,91,2025-08-26
JOB02671,NLP Engineer,Mid,3.0,Ironpeak Tech,Technology,"Austin, USA",Yes,Full-time,"Python, PyTorch, Machine Learning, TensorFlow, Power BI",201-1000,118000.0,26,2026-03-07
JOB02672,AI Research Assistant,Entry,0.0,Skyline Data Co,Education,"London, UK",No,Full-time,"Data Visualization, SQL, Statistics, Excel, Python, Generative AI",1001-5000,86000.0,63,2026-03-15
JOB02673,Data Scientist,Mid,3.0,Zenith Data Group,Education,Remote,Yes,Full-time,"TensorFlow, NLP, Python, R",51-200,101500.0,7,2026-04-19
JOB02674,Data Science Manager,Manager,10.0,Fusion Analytics,Manufacturing,"Berlin, Germany",No,Full-time,"LLMs, Generative AI, MLOps, GCP",201-1000,209000.0,52,2025-12-07
JOB02675,Machine Learning Engineer,Mid,3.0,Novacore AI,Manufacturing,"Toronto, Canada",Yes,Full-time,"Machine Learning, Python, TensorFlow, Spark, AWS",51-200,96000.0,115,2026-04-06
JOB02676,Analytics Engineer,Mid,3.0,Atlas Intelligence,Consulting,"Austin, USA",No,Full-time,"Spark, AWS, Python, Power BI, Machine Learning, Deep Learning",5000+,119000.0,44,2025-07-10
JOB02677,Data Science Manager,Manager,10.0,Nexora AI,Healthcare,"Berlin, Germany",No,Full-time,"LLMs, A/B Testing, AWS, Statistics",1-50,211000.0,43,2025-08-10
JOB02678,Analytics Engineer,Mid,3.0,Pulse Robotics,Consulting,"Berlin, Germany",Yes,Full-time,"Deep Learning, AWS, SQL, NLP",1001-5000,80500.0,32,2026-02-11
JOB02679,AI Research Assistant,Entry,0.0,Skyline Data Co,Automotive,"San Francisco, USA",Yes,Full-time,"Statistics, Excel, Python, Docker",51-200,84500.0,38,2026-04-06
JOB02680,Data Analyst,Entry,0.0,Corelytics,Telecommunications,"Dublin, Ireland",No,Full-time,"Statistics, Excel, Tableau, Python, Data Visualization, Deep Learning",201-1000,63000.0,108,2026-01-09
JOB02681,Junior Data Scientist,Entry,0.0,Orbital Systems,Manufacturing,"Bengaluru, India",No,Full-time,"Statistics, Excel, Data Visualization, SQL, Python, Generative AI",5000+,36500.0,10,2025-12-05
JOB02682,Junior Data Scientist,Entry,0.0,Vertex Analytics,Automotive,"New York, USA",No,Full-time,"Excel, Tableau, Python, Data Visualization, Spark",1001-5000,91500.0,37,2025-11-04
JOB02683,Senior Data Scientist,Senior,6.0,Fusion Analytics,Automotive,"London, UK",No,Full-time,"Azure, Generative AI, Computer Vision, MLOps, GCP",5000+,158000.0,13,2025-07-10
JOB02684,Computer Vision Engineer,Mid,3.0,Zenith Data Group,Manufacturing,"Dublin, Ireland",No,Full-time,"AWS, TensorFlow, NLP, SQL",1-50,98500.0,8,2026-02-19
JOB02685,Staff AI Engineer,Senior,6.0,Nexora AI,E-commerce,"Toronto, Canada",Yes,Full-time,"GCP, LLMs, Computer Vision, AWS",1001-5000,170500.0,159,2026-04-16
JOB02686,Data Engineer,Mid,3.0,Ironpeak Tech,Automotive,"Austin, USA",Yes,Full-time,"TensorFlow, PyTorch, SQL, Power BI, Deep Learning, LLMs",1001-5000,136500.0,18,2026-03-19
JOB02687,Lead Data Engineer,Senior,6.0,Skyline Data Co,Gaming,"Sydney, Australia",Yes,Full-time,"MLOps, NLP, Kubernetes, LLMs",51-200,173000.0,59,2026-06-24
JOB02688,AI Research Assistant,Entry,0.0,Bright Path AI,Consulting,"London, UK",Yes,Part-time,"Excel, SQL, Python, Data Visualization, Tableau, Generative AI",1001-5000,68000.0,23,2025-11-05
JOB02689,Junior Data Scientist,Entry,0.0,Skyline Data Co,Education,"Sydney, Australia",No,Full-time,"SQL, Statistics, Data Visualization, Excel, R",1001-5000,70500.0,53,2025-09-30
JOB02691,Analytics Engineer,Mid,3.0,Bluewave Tech,Automotive,Singapore,No,Full-time,"Deep Learning, PyTorch, NLP, Machine Learning, SQL",1-50,129500.0,98,2025-08-29
JOB02692,Computer Vision Engineer,Mid,3.0,Bluewave Tech,Manufacturing,"London, UK",No,Full-time,"Python, Deep Learning, SQL, Machine Learning",201-1000,105000.0,101,2026-04-02
JOB02693,AI Research Assistant,Entry,0.0,Orbital Systems,Manufacturing,Remote,Yes,Full-time,"SQL, Data Visualization, Excel, Airflow",201-1000,52500.0,23,2026-07-15
JOB02694,Lead Data Engineer,Senior,6.0,Clearline Systems,Technology,Remote,Yes,Full-time,"Machine Learning, GCP, Kubernetes, LLMs, A/B Testing",5000+,136000.0,4,2025-10-23
JOB02695,Machine Learning Engineer,Mid,3.0,Meridian Software,Healthcare,Singapore,No,Full-time,"Spark, PyTorch, Deep Learning",201-1000,133500.0,32,2026-04-07
JOB02696,Data Analyst,Entry,0.0,Bluewave Tech,Education,Remote,Yes,Full-time,"Statistics, Data Visualization, SQL",5000+,73500.0,80,2025-10-07
JOB02697,Data Engineer I,Entry,0.0,Pulse Robotics,Education,Singapore,No,Full-time,"Python, Data Visualization, Statistics, Excel",51-200,62500.0,153,2026-04-24
JOB02698,Analytics Engineer,Mid,3.0,Quantum Insight,Consulting,"London, UK",Yes,Full-time,"Machine Learning, SQL, Spark, NLP, Python",5000+,109500.0,37,2026-01-16
JOB02699,Computer Vision Engineer,Mid,3.0,Skyline Data Co,Technology,"Sydney, Australia",Yes,Full-time,"Python, Deep Learning, SQL, AWS, TensorFlow, A/B Testing",51-200,119000.0,142,2025-11-17
JOB02700,NLP Engineer,Mid,3.0,Skyline Data Co,Automotive,"Berlin, Germany",No,Full-time,"SQL, PyTorch, AWS",1001-5000,104500.0,16,2025-07-23
JOB02701,Lead Data Engineer,Senior,6.0,Atlas Intelligence,Consulting,"Sydney, Australia",No,Full-time,"GCP, NLP, Generative AI, LLMs, Machine Learning",51-200,208500.0,34,2025-10-19
JOB02702,Junior Data Scientist,Entry,0.0,Silverline AI,Telecommunications,"New York, USA",No,Full-time,"Excel, Data Visualization, Tableau, Python",51-200,95500.0,79,2026-06-07
JOB02703,Lead Data Engineer,Senior,6.0,Skyline Data Co,Telecommunications,"Bengaluru, India",No,Full-time,"LLMs, Kubernetes, Machine Learning, Computer Vision, AWS",201-1000,68000.0,22,2025-10-12
JOB02704,Data Engineer I,Entry,0.0,Meridian Software,Finance,"London, UK",No,Full-time,"Excel, Statistics, Tableau, Data Visualization, Python",51-200,88000.0,49,2025-12-04
JOB02705,BI Analyst,Entry,0.0,Quantum Insight,Technology,"London, UK",Yes,Full-time,"Statistics, Data Visualization, Tableau, Excel, SQL",1001-5000,72000.0,33,2025-10-12
JOB02707,Analytics Engineer,Mid,3.0,Pulse Robotics,Education,"Bengaluru, India",No,Full-time,"SQL, NLP, TensorFlow, Spark, AWS",51-200,54000.0,49,2025-09-01
JOB02708,AI Engineer,Mid,3.0,Vertex Analytics,Education,"Dublin, Ireland",No,Full-time,"PyTorch, TensorFlow, Deep Learning, AWS",51-200,126000.0,123,2025-08-28
JOB02709,AI Research Scientist,Senior,6.0,Silverline AI,Consulting,"Toronto, Canada",No,Full-time,"NLP, Machine Learning, Computer Vision, Kubernetes, Deep Learning, Statistics",1-50,171000.0,58,2026-03-02
JOB02710,Analytics Engineer,Mid,3.0,Bluewave Tech,E-commerce,"Dublin, Ireland",No,Contract,"PyTorch, Deep Learning, TensorFlow, SQL",1-50,109500.0,43,2026-02-01
JOB02711,Senior ML Engineer,Senior,6.0,Silverline AI,E-commerce,Singapore,No,Full-time,"NLP, AWS, Machine Learning, Kubernetes, TensorFlow",201-1000,199500.0,45,2026-02-10
JOB02712,Staff AI Engineer,Senior,6.0,Atlas Intelligence,Telecommunications,"London, UK",Yes,Full-time,"Deep Learning, Kubernetes, GCP, AWS",201-1000,170000.0,129,2025-10-15
JOB02713,Data Scientist,Mid,3.0,Bright Path AI,Consulting,"Bengaluru, India",Yes,Full-time,"PyTorch, Power BI, NLP",51-200,59500.0,49,2025-11-24
JOB02714,Data Engineer I,Entry,0.0,Bluewave Tech,Manufacturing,"Dublin, Ireland",No,Full-time,"Statistics, Python, Data Visualization, SQL, Tableau",5000+,70000.0,52,2025-10-30
JOB02715,Data Engineer,Mid,3.0,Northstar Labs,Automotive,Singapore,Yes,Full-time,"PyTorch, Python, Machine Learning, NLP",5000+,129000.0,65,2025-12-22
JOB02716,Head of Analytics,Manager,10.0,Meridian Software,Telecommunications,"New York, USA",No,Full-time,"AWS, LLMs, Generative AI",1001-5000,342000.0,58,2026-03-15
JOB02717,Data Engineer I,Entry,0.0,Quantum Insight,Healthcare,"Sydney, Australia",No,Full-time,"Python, Excel, Statistics, SQL, Tableau",201-1000,80500.0,17,2026-01-02
JOB02718,Principal Data Scientist,Senior,6.0,Skyline Data Co,Automotive,Remote,Yes,Full-time,"MLOps, LLMs, Azure",1-50,189000.0,20,2025-10-30
JOB02719,AI Research Scientist,Senior,6.0,Fusion Analytics,Telecommunications,"Toronto, Canada",No,Full-time,"Kubernetes, Deep Learning, Machine Learning, NLP",1001-5000,147000.0,162,2025-10-20
JOB02720,Senior Data Scientist,Senior,6.0,Orbital Systems,Education,"Dublin, Ireland",Yes,Full-time,"Generative AI, LLMs, Machine Learning",1-50,157500.0,17,2025-12-09
JOB02722,Computer Vision Engineer,Mid,3.0,Pulse Robotics,Technology,"Dublin, Ireland",No,Contract,"Deep Learning, TensorFlow, AWS",201-1000,86500.0,51,2026-07-05
JOB02723,Director of Data Science,Manager,10.0,Zenith Data Group,Consulting,"London, UK",Yes,Full-time,"Statistics, LLMs, MLOps, A/B Testing",5000+,251000.0,70,2026-06-04
JOB02724,Computer Vision Engineer,Mid,3.0,Bluewave Tech,Telecommunications,"Toronto, Canada",No,Full-time,"TensorFlow, SQL, Power BI, R",51-200,119500.0,92,2026-02-19
JOB02726,Senior ML Engineer,Senior,6.0,Clearline Systems,Consulting,"Berlin, Germany",Yes,Full-time,"GCP, NLP, AWS, Docker",1001-5000,152500.0,47,2026-03-22
JOB02729,ML Engineer I,Entry,0.0,Silverline AI,Manufacturing,"Toronto, Canada",No,Full-time,"Statistics, SQL, Python, Excel, TensorFlow",51-200,55500.0,68,2025-07-21
JOB02730,Staff AI Engineer,Senior,6.0,DataForge,Automotive,"Austin, USA",Yes,Contract,"MLOps, Machine Learning, LLMs, AWS, Deep Learning",201-1000,207000.0,34,2025-09-04
JOB02732,Analytics Engineer,Mid,3.0,Corelytics,Gaming,Remote,Yes,Full-time,"Power BI, TensorFlow, AWS",5000+,106000.0,9,2025-07-05
JOB02733,AI Research Scientist,Senior,6.0,Bluewave Tech,Finance,Remote,Yes,Contract,"AWS, GCP, Generative AI",5000+,150500.0,56,2026-01-10
JOB02734,NLP Engineer,Mid,3.0,Bluewave Tech,Education,"Toronto, Canada",No,Full-time,"SQL, AWS, Deep Learning",1-50,117500.0,93,2026-01-14
JOB02735,Lead Data Engineer,Senior,6.0,Corelytics,Manufacturing,"Austin, USA",Yes,Contract,"Kubernetes, Azure, NLP, GCP, Deep Learning, Tableau",1001-5000,155000.0,69,2025-11-08
JOB02738,Data Engineer,Mid,3.0,DataForge,Consulting,"Austin, USA",No,Full-time,"Spark, AWS, SQL, Python, Azure",201-1000,125500.0,87,2025-09-04
JOB02739,AI Engineer,Mid,3.0,Atlas Intelligence,Gaming,"Dublin, Ireland",No,Full-time,"AWS, NLP, TensorFlow, Spark, LLMs",5000+,130500.0,32,2025-11-21
JOB02740,Staff AI Engineer,Senior,6.0,Horizon Cloud,Manufacturing,"San Francisco, USA",No,Full-time,"AWS, Computer Vision, Kubernetes, Machine Learning",201-1000,214500.0,29,2025-07-01
JOB02741,Senior Data Scientist,Senior,6.0,Zenith Data Group,Technology,"New York, USA",Yes,Full-time,"Generative AI, Machine Learning, Computer Vision, MLOps, LLMs",5000+,180500.0,117,2025-07-18
JOB02742,Data Science Manager,Manager,10.0,Bluewave Tech,Gaming,"Berlin, Germany",Yes,Full-time,"Statistics, A/B Testing, Generative AI, R",1001-5000,183500.0,14,2025-10-12
JOB02743,Principal Data Scientist,Senior,6.0,Bright Path AI,Consulting,"Toronto, Canada",Yes,Full-time,"Machine Learning, Azure, AWS, Kubernetes, Deep Learning",1-50,180000.0,14,2025-07-19
JOB02744,Principal Data Scientist,Senior,6.0,Pulse Robotics,Healthcare,"Sydney, Australia",No,Full-time,"GCP, Generative AI, MLOps",201-1000,206000.0,11,2026-03-21
JOB02745,Senior Data Scientist,Senior,6.0,Skyline Data Co,Automotive,"New York, USA",Yes,Full-time,"LLMs, Computer Vision, Azure, AWS, NLP, Python",201-1000,173000.0,53,2025-12-25
JOB02746,Data Scientist,Mid,3.0,DataForge,Telecommunications,Singapore,No,Full-time,"Spark, Deep Learning, Machine Learning, R",51-200,124500.0,10,2026-05-21
JOB02747,Head of AI,Manager,10.0,Silverline AI,Gaming,"London, UK",Yes,Full-time,"LLMs, GCP, Statistics, A/B Testing, MLOps",201-1000,270000.0,16,2025-07-10
JOB02748,AI Research Scientist,Senior,6.0,Bluewave Tech,Technology,"London, UK",No,Contract,"LLMs, AWS, GCP, Spark",201-1000,212500.0,57,2025-10-04
JOB02750,Machine Learning Engineer,Mid,3.0,DataForge,Consulting,Singapore,Yes,Full-time,"Python, AWS, Power BI, Machine Learning",1001-5000,93000.0,87,2026-07-12
JOB02751,VP of Machine Learning,Manager,10.0,Bright Path AI,Gaming,"Berlin, Germany",Yes,Full-time,"A/B Testing, GCP, LLMs",51-200,194000.0,54,2025-09-05
JOB02752,Senior ML Engineer,Senior,6.0,Novacore AI,Gaming,"Toronto, Canada",No,Full-time,"LLMs, Machine Learning, MLOps, NLP, Statistics",5000+,132500.0,153,2026-07-07
JOB02753,Senior ML Engineer,Senior,6.0,Clearline Systems,E-commerce,"Toronto, Canada",Yes,Full-time,"Azure, Deep Learning, AWS, NLP",1001-5000,159500.0,67,2025-09-08
JOB02755,VP of Machine Learning,Manager,10.0,Meridian Software,Healthcare,"Sydney, Australia",No,Full-time,"AWS, A/B Testing, LLMs, Statistics",201-1000,226500.0,14,2026-03-26
JOB02756,Senior Data Scientist,Senior,6.0,Skyline Data Co,Gaming,"Bengaluru, India",No,Full-time,"Azure, Generative AI, Deep Learning",201-1000,74000.0,33,2026-04-10
JOB02757,Analytics Engineer,Mid,3.0,Fusion Analytics,Gaming,"New York, USA",No,Part-time,"TensorFlow, AWS, Machine Learning, PyTorch, Spark, Computer Vision",201-1000,135000.0,133,2025-11-22
JOB02758,AI Research Assistant,Entry,0.0,Novacore AI,Technology,"Toronto, Canada",No,Full-time,"Tableau, Data Visualization, Statistics, Excel",1-50,69500.0,46,2026-05-28
JOB02760,ML Engineer I,Entry,0.0,Horizon Cloud,Finance,"Berlin, Germany",No,Part-time,"Excel, Statistics, Tableau",5000+,66000.0,24,2026-01-22
JOB02761,Staff AI Engineer,Senior,6.0,Bluewave Tech,Automotive,"London, UK",No,Full-time,"MLOps, NLP, Generative AI",51-200,216500.0,52,2025-10-16
JOB02762,AI Research Scientist,Senior,6.0,Bright Path AI,Technology,"Toronto, Canada",No,Full-time,"GCP, Computer Vision, AWS, Machine Learning",51-200,139000.0,13,2025-10-10
JOB02763,Senior Data Scientist,Senior,6.0,Bright Path AI,Education,"San Francisco, USA",No,Full-time,"MLOps, Azure, Machine Learning, AWS, Deep Learning",51-200,269500.0,32,2025-11-02
JOB02764,Senior Data Scientist,Senior,6.0,Fusion Analytics,Education,"London, UK",Yes,Full-time,"GCP, Kubernetes, Generative AI, AWS, Machine Learning",1001-5000,154000.0,43,2025-12-21
JOB02765,Junior Data Scientist,Entry,0.0,Nexora AI,Consulting,Singapore,No,Full-time,"Statistics, Data Visualization, Excel, Tableau, Deep Learning",1001-5000,75500.0,15,2025-08-17
JOB02766,Senior Data Scientist,Senior,6.0,Bright Path AI,Finance,"San Francisco, USA",Yes,Full-time,"Deep Learning, Computer Vision, GCP, Kubernetes",1-50,272000.0,158,2025-11-04
JOB02767,Machine Learning Engineer,Mid,3.0,Meridian Software,Manufacturing,"Dublin, Ireland",Yes,Full-time,"Power BI, SQL, NLP, Machine Learning, Python",5000+,119500.0,45,2025-09-08
JOB02768,Computer Vision Engineer,Mid,3.0,Nexora AI,Telecommunications,"Austin, USA",No,Full-time,"Spark, Deep Learning, AWS, Python, TensorFlow",1001-5000,144000.0,53,2025-11-05
JOB02769,NLP Engineer,Mid,3.0,Atlas Intelligence,Consulting,"Toronto, Canada",No,Full-time,"AWS, Spark, Machine Learning, Power BI, Deep Learning",5000+,84000.0,88,2026-03-18
JOB02770,Data Scientist,Mid,3.0,Corelytics,Healthcare,"London, UK",No,Full-time,"SQL, NLP, Machine Learning",51-200,103000.0,42,2026-02-08
JOB02771,Head of Analytics,Manager,10.0,Orbital Systems,Manufacturing,"Sydney, Australia",No,Full-time,"MLOps, Statistics, GCP",1-50,272500.0,57,2026-07-08
JOB02772,AI Research Assistant,Entry,0.0,Clearline Systems,Finance,"Berlin, Germany",No,Full-time,"Statistics, SQL, Data Visualization, Excel, Python",1001-5000,75000.0,79,2026-01-12
JOB02773,NLP Engineer,Mid,3.0,Atlas Intelligence,Manufacturing,"Toronto, Canada",Yes,Full-time,"Spark, Python, NLP, SQL",5000+,92500.0,47,2025-11-01
JOB02774,Lead Data Engineer,Senior,6.0,Pulse Robotics,Consulting,"London, UK",No,Full-time,"Computer Vision, Generative AI, NLP, Kubernetes, Azure",5000+,196500.0,24,2025-11-25
JOB02775,AI Engineer,Mid,3.0,Novacore AI,Gaming,"New York, USA",No,Full-time,"Machine Learning, Deep Learning, NLP, Power BI, Tableau",1-50,158500.0,15,2025-12-16
JOB02776,VP of Machine Learning,Manager,10.0,Pulse Robotics,E-commerce,"London, UK",No,Contract,"A/B Testing, GCP, MLOps, LLMs, Generative AI, Tableau",51-200,277500.0,73,2026-04-30
JOB02777,AI Research Scientist,Senior,6.0,Bright Path AI,E-commerce,"Sydney, Australia",Yes,Full-time,"Generative AI, Machine Learning, Deep Learning, NLP, MLOps",1001-5000,151500.0,87,2026-07-10
JOB02778,Lead Data Engineer,Senior,6.0,Meridian Software,Finance,"Toronto, Canada",No,Full-time,"Machine Learning, GCP, Generative AI",5000+,164500.0,18,2025-09-05
JOB02779,Junior Data Scientist,Entry,0.0,Orbital Systems,Gaming,"Bengaluru, India",No,Full-time,"Tableau, Statistics, SQL, Data Visualization",1-50,28500.0,33,2026-05-27
JOB02780,AI Engineer,Mid,3.0,Northstar Labs,E-commerce,"Austin, USA",Yes,Contract,"Spark, SQL, Deep Learning, PyTorch",51-200,100000.0,83,2025-10-12
JOB02782,Senior ML Engineer,Senior,6.0,Horizon Cloud,Finance,Remote,Yes,Full-time,"GCP, Kubernetes, NLP, MLOps, Computer Vision",201-1000,152000.0,42,2025-10-21
JOB02783,AI Engineer,Mid,3.0,Corelytics,Education,"London, UK",No,Full-time,"TensorFlow, Spark, Machine Learning",51-200,135500.0,89,2025-11-21
JOB02784,ML Engineer I,Entry,0.0,Bluewave Tech,Automotive,"Dublin, Ireland",No,Full-time,"Statistics, Excel, Python",1001-5000,56500.0,25,2025-11-20
JOB02785,Machine Learning Engineer,Mid,3.0,Bright Path AI,E-commerce,Singapore,Yes,Full-time,"Spark, NLP, PyTorch, SQL, Docker",201-1000,135000.0,46,2025-12-30
JOB02786,VP of Machine Learning,Manager,10.0,Silverline AI,Consulting,Singapore,No,Full-time,"AWS, GCP, Statistics, Generative AI, SQL",1001-5000,250000.0,13,2026-07-06
JOB02787,NLP Engineer,Mid,3.0,Skyline Data Co,E-commerce,"Sydney, Australia",No,Full-time,"SQL, Deep Learning, AWS, TensorFlow, Spark",201-1000,104000.0,98,2026-01-04
JOB02788,Lead Data Engineer,Senior,6.0,Fusion Analytics,Finance,"Bengaluru, India",Yes,Full-time,"NLP, MLOps, GCP, Deep Learning",1001-5000,91500.0,34,2025-10-30
JOB02789,Junior Data Scientist,Entry,0.0,Horizon Cloud,Finance,"Bengaluru, India",No,Full-time,"Tableau, SQL, Excel",1-50,31000.0,18,2025-08-18
JOB02790,Data Engineer I,Entry,0.0,Quantum Insight,Consulting,"Berlin, Germany",No,Contract,"Python, Excel, Data Visualization, SQL",5000+,68000.0,15,2026-04-03
JOB02791,Data Scientist,Mid,3.0,Fusion Analytics,Gaming,"Sydney, Australia",No,Full-time,"Python, Power BI, AWS",1-50,137500.0,53,2025-11-28
JOB02792,Data Science Manager,Manager,10.0,Skyline Data Co,Finance,"London, UK",Yes,Full-time,"A/B Testing, Generative AI, LLMs",1001-5000,254000.0,119,2025-12-06
JOB02793,Analytics Engineer,Mid,3.0,DataForge,Consulting,"Dublin, Ireland",No,Full-time,"Deep Learning, AWS, Power BI, PyTorch, Python, Azure",201-1000,125000.0,49,2026-04-04
JOB02794,Data Engineer I,Entry,0.0,Atlas Intelligence,Automotive,Remote,Yes,Full-time,"Tableau, Python, Statistics, SQL, GCP",1-50,84500.0,107,2025-10-21
JOB02795,Senior Data Scientist,Senior,6.0,Bright Path AI,Technology,"Dublin, Ireland",Yes,Contract,"Generative AI, GCP, NLP, Machine Learning",1001-5000,178000.0,68,2026-02-21
JOB02796,Data Engineer I,Entry,0.0,Bluewave Tech,Telecommunications,"Berlin, Germany",No,Full-time,"SQL, Excel, Statistics, AWS",201-1000,52500.0,37,2025-11-15
JOB02797,Principal Data Scientist,Senior,6.0,Skyline Data Co,Gaming,"Berlin, Germany",Yes,Full-time,"LLMs, MLOps, Machine Learning, Generative AI, Kubernetes",51-200,143500.0,49,2026-05-18
JOB02798,Head of Analytics,Manager,10.0,Northstar Labs,Consulting,Singapore,No,Full-time,"A/B Testing, AWS, Generative AI, LLMs, Excel",1001-5000,303000.0,10,2025-09-15
JOB02799,ML Engineer I,Entry,0.0,Corelytics,Manufacturing,"London, UK",No,Full-time,"SQL, Tableau, Python, Azure",201-1000,74000.0,19,2026-05-18
JOB02800,Machine Learning Engineer,Mid,3.0,Corelytics,Education,Remote,Yes,Full-time,"Deep Learning, Machine Learning, AWS",1001-5000,99000.0,57,2025-08-21
JOB02801,Data Analyst,Entry,0.0,Corelytics,Technology,"Toronto, Canada",No,Full-time,"Data Visualization, Excel, Statistics, Python, TensorFlow",51-200,61000.0,34,2025-10-12
JOB02802,Junior Data Scientist,Entry,0.0,Silverline AI,Consulting,"New York, USA",Yes,Full-time,"Python, SQL, Data Visualization",1001-5000,65500.0,74,2025-10-04
JOB02803,Senior ML Engineer,Senior,6.0,Meridian Software,Telecommunications,"New York, USA",Yes,Full-time,"GCP, Machine Learning, Kubernetes, Azure, Deep Learning, Excel",5000+,192500.0,2,2026-04-30
JOB02804,Data Scientist,Mid,3.0,DataForge,Telecommunications,"Toronto, Canada",No,Full-time,"Machine Learning, TensorFlow, Python, SQL, MLOps",1001-5000,108500.0,87,2026-04-19
JOB02805,Staff AI Engineer,Senior,6.0,Meridian Software,Automotive,"Dublin, Ireland",Yes,Full-time,"LLMs, Machine Learning, Azure",201-1000,150500.0,1,2026-02-06
JOB02806,BI Analyst,Entry,0.0,Skyline Data Co,Manufacturing,"Berlin, Germany",No,Contract,"Statistics, Excel, Python, Data Visualization",1001-5000,58500.0,117,2026-02-24
JOB02807,Machine Learning Engineer,Mid,3.0,Horizon Cloud,Finance,"Berlin, Germany",Yes,Full-time,"TensorFlow, Python, PyTorch, Deep Learning, Spark",1-50,84000.0,42,2026-06-04
JOB02809,Data Analyst,Entry,0.0,Zenith Data Group,Telecommunications,"Austin, USA",No,Full-time,"Python, Data Visualization, Statistics",5000+,71000.0,77,2026-01-23
JOB02810,Staff AI Engineer,Senior,6.0,Clearline Systems,Manufacturing,"New York, USA",No,Full-time,"GCP, NLP, LLMs, AWS, Azure",51-200,229500.0,15,2026-05-30
JOB02811,Data Engineer I,Entry,0.0,Bluewave Tech,Healthcare,"London, UK",No,Full-time,"Data Visualization, Excel, Tableau, Python",1001-5000,85000.0,27,2026-04-25
JOB02812,AI Engineer,Mid,3.0,Quantum Insight,Telecommunications,"Dublin, Ireland",No,Part-time,"AWS, PyTorch, TensorFlow, Deep Learning",5000+,129000.0,66,2026-07-05
JOB02813,Machine Learning Engineer,Mid,3.0,Bright Path AI,Finance,"San Francisco, USA",No,Full-time,"TensorFlow, PyTorch, NLP, Spark",51-200,132000.0,28,2026-01-23
JOB02815,Senior Data Scientist,Senior,6.0,Ironpeak Tech,Manufacturing,"London, UK",No,Contract,"Generative AI, Kubernetes, NLP, Computer Vision, LLMs",5000+,188000.0,40,2026-06-23
JOB02816,Computer Vision Engineer,Mid,3.0,Ironpeak Tech,Consulting,"Sydney, Australia",Yes,Full-time,"TensorFlow, Spark, Machine Learning, NLP",1-50,125000.0,11,2026-03-14
JOB02817,AI Research Assistant,Entry,0.0,Quantum Insight,Consulting,"Berlin, Germany",No,Part-time,"Data Visualization, Python, SQL, Excel, Computer Vision",201-1000,69000.0,18,2025-11-01
JOB02818,Data Science Manager,Manager,10.0,Zenith Data Group,Consulting,"Dublin, Ireland",No,Full-time,"MLOps, AWS, Statistics, A/B Testing, LLMs, Machine Learning",201-1000,251000.0,29,2025-09-20
JOB02819,Computer Vision Engineer,Mid,3.0,Silverline AI,Healthcare,"New York, USA",No,Part-time,"Spark, NLP, Machine Learning, Python",51-200,141000.0,124,2026-04-13
JOB02820,ML Engineer I,Entry,0.0,Pulse Robotics,E-commerce,"Dublin, Ireland",Yes,Contract,"Tableau, Statistics, SQL, Python, Excel",51-200,60000.0,16,2026-03-13
JOB02821,Principal Data Scientist,Senior,6.0,Horizon Cloud,Automotive,Singapore,No,Full-time,"Azure, Deep Learning, Kubernetes, GCP",201-1000,194000.0,103,2025-11-26
JOB02822,BI Analyst,Entry,0.0,Zenith Data Group,Technology,"London, UK",No,Full-time,"Data Visualization, SQL, Statistics",51-200,90500.0,41,2026-02-20
JOB02823,AI Engineer,Mid,3.0,Orbital Systems,Education,"Toronto, Canada",No,Full-time,"Power BI, AWS, Machine Learning, Spark",1-50,103500.0,40,2025-09-17
JOB02824,Data Engineer,Mid,3.0,Meridian Software,Manufacturing,"Toronto, Canada",Yes,Full-time,"Power BI, Deep Learning, TensorFlow, Spark",201-1000,114500.0,4,2025-09-18
JOB02825,BI Analyst,Entry,0.0,Atlas Intelligence,Automotive,"Austin, USA",No,Full-time,"SQL, Excel, Python, Tableau",51-200,84000.0,9,2025-10-04
JOB02826,Senior ML Engineer,Senior,6.0,Horizon Cloud,Automotive,Remote,Yes,Full-time,"Machine Learning, GCP, LLMs",201-1000,135500.0,50,2025-10-16
JOB02827,NLP Engineer,Mid,3.0,Orbital Systems,Healthcare,Singapore,Yes,Full-time,"PyTorch, TensorFlow, Power BI",51-200,123500.0,84,2026-03-03
JOB02829,Staff AI Engineer,Senior,6.0,Quantum Insight,Automotive,"Austin, USA",Yes,Contract,"Azure, LLMs, Computer Vision",201-1000,149000.0,35,2025-12-04
JOB02830,NLP Engineer,Mid,3.0,Pulse Robotics,Consulting,"San Francisco, USA",No,Full-time,"Python, Spark, Deep Learning",51-200,175000.0,62,2025-11-16
JOB02831,Data Engineer,Mid,3.0,Silverline AI,Telecommunications,"Austin, USA",No,Full-time,"Python, NLP, TensorFlow, Machine Learning, Computer Vision",5000+,95000.0,56,2025-12-13
JOB02832,Senior Data Scientist,Senior,6.0,Pulse Robotics,Technology,"Berlin, Germany",No,Full-time,"Machine Learning, AWS, Generative AI, Kubernetes",201-1000,132000.0,58,2025-11-28
JOB02833,Data Scientist,Mid,3.0,Northstar Labs,Consulting,"Toronto, Canada",No,Full-time,"Spark, NLP, TensorFlow, PyTorch, SQL, Tableau",51-200,91000.0,70,2026-05-07
JOB02834,AI Engineer,Mid,3.0,Clearline Systems,Finance,"Dublin, Ireland",No,Full-time,"Deep Learning, AWS, Machine Learning, Spark, Power BI, Kubernetes",1001-5000,130000.0,37,2026-05-28
JOB02835,AI Research Assistant,Entry,0.0,Silverline AI,Technology,"Dublin, Ireland",Yes,Full-time,"Data Visualization, SQL, Tableau, R",201-1000,72000.0,35,2025-09-05
JOB02836,Data Scientist,Mid,3.0,Bluewave Tech,Healthcare,"Berlin, Germany",Yes,Full-time,"Power BI, TensorFlow, PyTorch, SQL, Machine Learning, R",5000+,95500.0,4,2025-11-22
JOB02838,Principal Data Scientist,Senior,6.0,Orbital Systems,Automotive,"Berlin, Germany",No,Full-time,"Deep Learning, AWS, LLMs, MLOps, Azure",5000+,147000.0,30,2025-09-17
JOB02839,Principal Data Scientist,Senior,6.0,Nexora AI,Healthcare,Singapore,Yes,Contract,"Deep Learning, NLP, MLOps, Computer Vision, Machine Learning",201-1000,198000.0,20,2026-01-08
JOB02840,Lead Data Engineer,Senior,6.0,Zenith Data Group,Automotive,"New York, USA",No,Part-time,"Computer Vision, MLOps, NLP, LLMs",201-1000,211500.0,15,2025-11-22
JOB02841,NLP Engineer,Mid,3.0,Skyline Data Co,Telecommunications,"Dublin, Ireland",No,Contract,"TensorFlow, SQL, Spark, Statistics",5000+,101000.0,30,2026-05-13
JOB02842,Senior Data Scientist,Senior,6.0,Corelytics,Telecommunications,"Bengaluru, India",No,Full-time,"Machine Learning, Computer Vision, Generative AI, Deep Learning, MLOps",201-1000,82000.0,58,2026-02-10
JOB02843,Computer Vision Engineer,Mid,3.0,Novacore AI,Automotive,"Austin, USA",Yes,Full-time,"TensorFlow, NLP, Spark, Python",1-50,125500.0,31,2025-07-08
JOB02844,NLP Engineer,Mid,3.0,Clearline Systems,Automotive,"London, UK",No,Full-time,"Spark, Python, Machine Learning, Deep Learning",5000+,105500.0,99,2025-07-29
JOB02845,AI Engineer,Mid,3.0,Bright Path AI,Healthcare,"Toronto, Canada",Yes,Contract,"NLP, Spark, SQL, AWS, PyTorch, Tableau",201-1000,116500.0,5,2026-05-11
JOB02846,NLP Engineer,Mid,3.0,Zenith Data Group,Education,"Bengaluru, India",Yes,Full-time,"Machine Learning, PyTorch, TensorFlow, Tableau",1001-5000,46000.0,47,2025-07-09
JOB02847,Staff AI Engineer,Senior,6.0,Pulse Robotics,Education,"Sydney, Australia",Yes,Contract,"Azure, GCP, LLMs",1-50,200500.0,17,2025-11-30
JOB02848,NLP Engineer,Mid,3.0,Corelytics,Gaming,"Toronto, Canada",Yes,Full-time,"Deep Learning, Spark, TensorFlow, Python, PyTorch",51-200,123500.0,46,2026-07-13
JOB02849,Head of AI,Manager,10.0,Orbital Systems,E-commerce,"Dublin, Ireland",No,Full-time,"AWS, Statistics, MLOps, GCP",51-200,293500.0,96,2026-06-28
JOB02850,VP of Machine Learning,Manager,10.0,Fusion Analytics,Education,"Dublin, Ireland",No,Full-time,"GCP, A/B Testing, LLMs, SQL",51-200,211000.0,37,2026-04-14
JOB02851,Director of Data Science,Manager,10.0,Clearline Systems,E-commerce,"Austin, USA",No,Full-time,"Generative AI, GCP, LLMs, A/B Testing, AWS, Data Visualization",51-200,243000.0,81,2025-12-10
JOB02852,Data Scientist,Mid,3.0,Corelytics,Manufacturing,"Berlin, Germany",Yes,Full-time,"Python, Machine Learning, Spark, TensorFlow, AWS",1001-5000,106500.0,6,2025-11-02
JOB02853,Senior Data Scientist,Senior,6.0,Corelytics,Education,Singapore,No,Full-time,"Azure, Machine Learning, AWS, Generative AI, MLOps",51-200,207500.0,43,2025-10-04
JOB02854,Data Engineer I,Entry,0.0,Quantum Insight,Education,Singapore,Yes,Full-time,"Data Visualization, Excel, Statistics, Python, SQL, NLP",5000+,74500.0,25,2026-06-01
JOB02855,Data Engineer I,Entry,0.0,Clearline Systems,Consulting,"New York, USA",Yes,Full-time,"SQL, Statistics, Data Visualization",51-200,100000.0,12,2025-07-29
JOB02856,Analytics Engineer,Mid,3.0,Novacore AI,Finance,Singapore,No,Contract,"SQL, Spark, Python, Machine Learning, Power BI",1001-5000,120500.0,79,2026-06-13
JOB02857,Machine Learning Engineer,Mid,3.0,Pulse Robotics,Telecommunications,"Sydney, Australia",No,Full-time,"NLP, Deep Learning, Power BI",51-200,136500.0,85,2026-03-05
JOB02859,VP of Machine Learning,Manager,10.0,Novacore AI,Telecommunications,"Toronto, Canada",No,Full-time,"GCP, Generative AI, Statistics, MLOps, LLMs",1001-5000,213500.0,179,2025-08-24
JOB02860,BI Analyst,Entry,0.0,Horizon Cloud,Finance,"Austin, USA",No,Full-time,"Statistics, Tableau, Python",1001-5000,74000.0,8,2025-08-19
JOB02861,VP of Machine Learning,Manager,10.0,Novacore AI,Manufacturing,"Sydney, Australia",No,Part-time,"Generative AI, Statistics, LLMs, Kubernetes",201-1000,285500.0,13,2025-08-27
JOB02865,NLP Engineer,Mid,3.0,Bluewave Tech,Finance,"Bengaluru, India",No,Full-time,"PyTorch, SQL, Spark",201-1000,49000.0,34,2025-09-24
JOB02866,ML Engineer I,Entry,0.0,Novacore AI,Healthcare,Singapore,No,Full-time,"Tableau, SQL, Data Visualization, Excel, Python",51-200,58000.0,12,2026-03-27
JOB02867,Junior Data Scientist,Entry,0.0,Nexora AI,Manufacturing,"London, UK",No,Full-time,"Statistics, Tableau, Excel, Python, Data Visualization",51-200,69000.0,62,2025-08-07
JOB02868,Data Engineer,Mid,3.0,Vertex Analytics,Telecommunications,"Austin, USA",No,Full-time,"SQL, Python, TensorFlow, Deep Learning, Generative AI",5000+,102000.0,21,2025-08-07
JOB02869,Lead Data Engineer,Senior,6.0,Silverline AI,Finance,"San Francisco, USA",No,Full-time,"Machine Learning, Computer Vision, LLMs, Kubernetes",5000+,186500.0,20,2025-09-19
JOB02870,Machine Learning Engineer,Mid,3.0,Zenith Data Group,Education,"Toronto, Canada",Yes,Full-time,"Deep Learning, SQL, Power BI, NLP, TensorFlow, AWS",201-1000,123000.0,54,2025-12-11
JOB02871,Junior Data Scientist,Entry,0.0,Meridian Software,Manufacturing,"Dublin, Ireland",No,Full-time,"Data Visualization, Statistics, Python, Tableau, A/B Testing",1-50,55500.0,37,2026-07-12
JOB02872,Junior Data Scientist,Entry,0.0,Fusion Analytics,Technology,"Toronto, Canada",No,Full-time,"Excel, Tableau, SQL, Statistics, Python",51-200,68000.0,93,2026-05-19
JOB02873,AI Research Assistant,Entry,0.0,Ironpeak Tech,E-commerce,"Berlin, Germany",Yes,Full-time,"Excel, Python, Statistics, Data Visualization",201-1000,62000.0,18,2026-05-12
JOB02874,ML Engineer I,Entry,0.0,Meridian Software,E-commerce,"London, UK",No,Contract,"Data Visualization, Excel, SQL",1001-5000,82000.0,12,2026-06-12
JOB02875,Computer Vision Engineer,Mid,3.0,DataForge,Healthcare,"Sydney, Australia",No,Contract,"TensorFlow, Deep Learning, Python",1001-5000,135000.0,93,2026-07-09
JOB02876,ML Engineer I,Entry,0.0,Meridian Software,Automotive,Remote,Yes,Full-time,"Tableau, Data Visualization, Python, SQL, Statistics",5000+,61000.0,37,2025-12-08
JOB02877,Head of Analytics,Manager,10.0,DataForge,Education,"Dublin, Ireland",Yes,Contract,"LLMs, Statistics, Generative AI",1-50,269500.0,67,2025-12-04
JOB02878,AI Engineer,Mid,3.0,Zenith Data Group,Manufacturing,"Toronto, Canada",No,Full-time,"Python, TensorFlow, PyTorch, Power BI",1001-5000,124000.0,64,2026-01-10
JOB02879,Data Engineer,Mid,3.0,Atlas Intelligence,Finance,"London, UK",No,Full-time,"Python, TensorFlow, Power BI",51-200,100500.0,53,2026-04-10
JOB02880,Analytics Engineer,Mid,3.0,Northstar Labs,Healthcare,"Sydney, Australia",Yes,Part-time,"Machine Learning, NLP, Power BI, AWS, Python",201-1000,131000.0,65,2025-08-22
JOB02881,Data Engineer I,Entry,0.0,Northstar Labs,Consulting,"Sydney, Australia",No,Full-time,"Statistics, SQL, Excel, Data Visualization, Tableau",51-200,76500.0,79,2025-09-29
JOB02882,BI Analyst,Entry,0.0,Fusion Analytics,Education,"San Francisco, USA",Yes,Full-time,"Tableau, Excel, Python, Statistics",201-1000,114500.0,5,2025-09-30
JOB02883,Senior ML Engineer,Senior,6.0,Quantum Insight,E-commerce,"Austin, USA",Yes,Full-time,"NLP, MLOps, Machine Learning",51-200,166000.0,56,2025-09-09
JOB02884,AI Research Assistant,Entry,0.0,Meridian Software,Gaming,"Sydney, Australia",No,Full-time,"SQL, Statistics, Python, Data Visualization",51-200,90000.0,36,2026-05-22
JOB02885,Principal Data Scientist,Senior,6.0,Bluewave Tech,Gaming,"San Francisco, USA",No,Full-time,"LLMs, NLP, Generative AI, Kubernetes, GCP",51-200,270000.0,115,2026-06-08
JOB02886,NLP Engineer,Mid,3.0,Novacore AI,Consulting,"Toronto, Canada",Yes,Full-time,"SQL, NLP, AWS, Machine Learning, R",201-1000,88500.0,11,2025-07-26
JOB02887,VP of Machine Learning,Manager,10.0,Bright Path AI,E-commerce,"London, UK",Yes,Full-time,"MLOps, Statistics, A/B Testing, AWS",51-200,276500.0,104,2026-02-15
JOB02888,Lead Data Engineer,Senior,6.0,Nexora AI,E-commerce,"Bengaluru, India",No,Full-time,"Kubernetes, GCP, NLP, Azure, LLMs",51-200,91500.0,51,2025-09-14
JOB02889,Senior ML Engineer,Senior,6.0,Bright Path AI,Consulting,"New York, USA",No,Full-time,"NLP, MLOps, Azure, LLMs, Statistics",1-50,227500.0,77,2025-07-29
JOB02890,NLP Engineer,Mid,3.0,Pulse Robotics,Finance,"New York, USA",Yes,Full-time,"Machine Learning, Python, SQL",51-200,128500.0,25,2026-01-14
JOB02891,Computer Vision Engineer,Mid,3.0,Quantum Insight,Gaming,"Toronto, Canada",No,Full-time,"Deep Learning, Python, PyTorch, Machine Learning",1-50,94500.0,34,2025-09-23
JOB02892,Computer Vision Engineer,Mid,3.0,Novacore AI,Automotive,"New York, USA",No,Part-time,"TensorFlow, Power BI, PyTorch, Deep Learning, SQL, Python",5000+,149000.0,12,2025-08-07
JOB02893,AI Research Assistant,Entry,0.0,Silverline AI,Automotive,"Toronto, Canada",Yes,Full-time,"SQL, Tableau, Python, Statistics",1001-5000,76000.0,19,2025-08-25
JOB02895,AI Engineer,Mid,3.0,Meridian Software,Consulting,"San Francisco, USA",No,Contract,"TensorFlow, PyTorch, Deep Learning, Data Visualization",51-200,123000.0,70,2025-10-03
JOB02896,Principal Data Scientist,Senior,6.0,Nexora AI,E-commerce,"London, UK",Yes,Contract,"Machine Learning, Generative AI, LLMs, NLP, Deep Learning",201-1000,159500.0,113,2026-04-16
JOB02897,Data Engineer,Mid,3.0,Horizon Cloud,Education,Singapore,No,Full-time,"Machine Learning, NLP, Python",51-200,111500.0,8,2026-02-03
JOB02898,NLP Engineer,Mid,3.0,Northstar Labs,E-commerce,Remote,Yes,Full-time,"Spark, Machine Learning, Python, SQL",201-1000,122500.0,72,2026-05-03
JOB02899,Senior Data Scientist,Senior,6.0,Nexora AI,E-commerce,"London, UK",Yes,Full-time,"Deep Learning, MLOps, Azure, AWS, TensorFlow",1001-5000,211000.0,39,2025-07-01
JOB02900,Data Scientist,Mid,3.0,Vertex Analytics,Manufacturing,"Toronto, Canada",Yes,Full-time,"SQL, Python, TensorFlow",1001-5000,113000.0,85,2025-08-02
JOB02901,Data Engineer I,Entry,0.0,Pulse Robotics,Consulting,"Toronto, Canada",Yes,Full-time,"Tableau, Statistics, Excel, Data Visualization",51-200,51000.0,104,2025-08-11
JOB02902,Machine Learning Engineer,Mid,3.0,Silverline AI,Education,"San Francisco, USA",Yes,Full-time,"Spark, SQL, AWS, Deep Learning, Power BI",1-50,135500.0,110,2025-12-20
JOB02903,Principal Data Scientist,Senior,6.0,Atlas Intelligence,Education,Remote,Yes,Full-time,"Kubernetes, LLMs, MLOps, Computer Vision, AWS",51-200,182500.0,22,2026-07-06
JOB02904,Data Analyst,Entry,0.0,Meridian Software,Manufacturing,"Dublin, Ireland",No,Full-time,"Tableau, SQL, Data Visualization, Excel, MLOps",51-200,82000.0,59,2025-12-05
JOB02905,Staff AI Engineer,Senior,6.0,Zenith Data Group,Consulting,"Dublin, Ireland",No,Full-time,"NLP, GCP, Generative AI, Excel",1001-5000,133500.0,13,2025-12-02
JOB02906,Data Scientist,Mid,3.0,Ironpeak Tech,Finance,"Sydney, Australia",Yes,Full-time,"Deep Learning, Python, Spark, NLP, Power BI",201-1000,112500.0,39,2026-06-11
JOB02907,Computer Vision Engineer,Mid,3.0,Zenith Data Group,Manufacturing,"Berlin, Germany",No,Contract,"SQL, TensorFlow, Machine Learning, Deep Learning, Python, GCP",51-200,99000.0,122,2026-04-10
JOB02908,Head of AI,Manager,10.0,Bright Path AI,Technology,"Dublin, Ireland",No,Full-time,"A/B Testing, Generative AI, AWS, MLOps, GCP",1001-5000,265500.0,11,2026-06-27
JOB02909,Head of Analytics,Manager,10.0,Horizon Cloud,Consulting,"San Francisco, USA",Yes,Full-time,"MLOps, Statistics, A/B Testing, LLMs, GCP, Deep Learning",201-1000,358000.0,62,2025-11-27
JOB02910,Lead Data Engineer,Senior,6.0,Ironpeak Tech,Technology,Remote,Yes,Full-time,"AWS, GCP, Deep Learning, Excel",51-200,198500.0,104,2026-03-14
JOB02911,Junior Data Scientist,Entry,0.0,Atlas Intelligence,Manufacturing,"New York, USA",No,Part-time,"SQL, Tableau, Data Visualization, AWS",51-200,95500.0,9,2026-01-27
JOB02912,Machine Learning Engineer,Mid,3.0,Clearline Systems,E-commerce,Singapore,No,Full-time,"Python, AWS, Deep Learning, Machine Learning",1001-5000,97500.0,133,2026-02-02
JOB02913,Junior Data Scientist,Entry,0.0,Clearline Systems,Automotive,"Berlin, Germany",Yes,Part-time,"Excel, SQL, Tableau, Python, Statistics",201-1000,53500.0,84,2025-12-04
JOB02914,Junior Data Scientist,Entry,0.0,Ironpeak Tech,Manufacturing,"Toronto, Canada",Yes,Full-time,"Excel, Statistics, Python, Data Visualization, Azure",51-200,60500.0,59,2026-07-03
JOB02915,AI Research Scientist,Senior,6.0,Fusion Analytics,Gaming,"Dublin, Ireland",No,Full-time,"NLP, Kubernetes, LLMs, Deep Learning, AWS, GCP",1001-5000,198500.0,23,2025-07-19
JOB02916,AI Engineer,Mid,3.0,Northstar Labs,Gaming,"Bengaluru, India",No,Full-time,"Python, SQL, TensorFlow, Power BI",1-50,51500.0,59,2026-05-13
JOB02917,Data Engineer I,Entry,0.0,Northstar Labs,Finance,"San Francisco, USA",No,Full-time,"SQL, Python, Excel, Data Visualization, Statistics",1-50,104000.0,91,2026-04-28
JOB02918,AI Research Assistant,Entry,0.0,Silverline AI,Automotive,"Bengaluru, India",Yes,Full-time,"Statistics, Tableau, Data Visualization, SQL, Python",51-200,37000.0,56,2026-05-24
JOB02920,Junior Data Scientist,Entry,0.0,Bright Path AI,Consulting,Remote,Yes,Part-time,"Excel, Statistics, SQL, Power BI",201-1000,53000.0,23,2026-03-26
JOB02921,AI Research Assistant,Entry,0.0,Ironpeak Tech,Manufacturing,"Sydney, Australia",No,Contract,"Tableau, SQL, Statistics, Python",1-50,56000.0,50,2025-07-29
JOB02922,Principal Data Scientist,Senior,6.0,Meridian Software,Healthcare,Remote,Yes,Full-time,"Kubernetes, NLP, Machine Learning, GCP, Azure",51-200,142000.0,77,2026-03-05
JOB02923,Data Engineer,Mid,3.0,Orbital Systems,Consulting,"Berlin, Germany",Yes,Part-time,"Machine Learning, NLP, Power BI",1-50,78500.0,106,2025-10-24
JOB02924,Senior Data Scientist,Senior,6.0,Silverline AI,Healthcare,"New York, USA",No,Full-time,"AWS, Kubernetes, Computer Vision",1-50,180000.0,7,2025-11-17
JOB02925,AI Research Assistant,Entry,0.0,Corelytics,Automotive,"Bengaluru, India",Yes,Full-time,"Excel, SQL, Data Visualization, Statistics, R",1001-5000,28000.0,17,2026-03-24
JOB02926,Analytics Engineer,Mid,3.0,Pulse Robotics,Technology,"New York, USA",No,Full-time,"Power BI, Deep Learning, PyTorch",51-200,144500.0,13,2025-10-05
JOB02928,Computer Vision Engineer,Mid,3.0,Nexora AI,E-commerce,Singapore,Yes,Full-time,"Machine Learning, Spark, TensorFlow, NLP, PyTorch",1-50,126000.0,62,2026-03-08
JOB02929,Data Analyst,Entry,0.0,Silverline AI,Healthcare,"San Francisco, USA",No,Part-time,"Statistics, Python, Tableau, A/B Testing",1001-5000,95000.0,14,2025-09-28
JOB02930,Head of AI,Manager,10.0,Corelytics,Gaming,"New York, USA",Yes,Full-time,"Generative AI, LLMs, AWS, A/B Testing",51-200,365000.0,21,2025-10-30
JOB02932,AI Research Assistant,Entry,0.0,Atlas Intelligence,Manufacturing,Remote,Yes,Full-time,"Data Visualization, SQL, Python, Excel, Airflow",1001-5000,58500.0,39,2025-07-31
JOB02933,Computer Vision Engineer,Mid,3.0,Meridian Software,E-commerce,Singapore,Yes,Full-time,"AWS, Deep Learning, Machine Learning, Spark, TensorFlow, Excel",1-50,131500.0,27,2025-11-21
JOB02934,BI Analyst,Entry,0.0,Silverline AI,Consulting,Remote,Yes,Full-time,"SQL, Statistics, Tableau, Data Visualization, Computer Vision",1-50,53500.0,50,2025-10-01
JOB02935,Computer Vision Engineer,Mid,3.0,Horizon Cloud,Finance,Singapore,No,Full-time,"Power BI, Spark, SQL, NLP, Python, Machine Learning",201-1000,120500.0,30,2026-05-23
JOB02936,Analytics Engineer,Mid,3.0,Silverline AI,Gaming,Remote,Yes,Contract,"SQL, AWS, Machine Learning",5000+,87500.0,89,2026-04-30
JOB02937,Lead Data Engineer,Senior,6.0,Bright Path AI,E-commerce,"London, UK",Yes,Full-time,"LLMs, Computer Vision, Generative AI, Machine Learning",1-50,176000.0,96,2025-12-29
JOB02938,Analytics Engineer,Mid,3.0,Clearline Systems,Gaming,"San Francisco, USA",Yes,Full-time,"TensorFlow, Deep Learning, Spark, Power BI",51-200,154000.0,68,2026-06-17
JOB02939,Data Analyst,Entry,0.0,Bluewave Tech,Gaming,"Austin, USA",Yes,Full-time,"Statistics, Excel, Data Visualization, SQL, Tableau",1-50,78000.0,17,2025-07-06
JOB02940,Data Scientist,Mid,3.0,Fusion Analytics,Finance,Singapore,Yes,Full-time,"TensorFlow, Python, Spark, Deep Learning, NLP",201-1000,115000.0,39,2025-08-06
JOB02941,Data Engineer,Mid,3.0,Bright Path AI,Technology,"Dublin, Ireland",Yes,Full-time,"Power BI, TensorFlow, PyTorch, Machine Learning, NLP",201-1000,89000.0,31,2025-10-21
JOB02942,Lead Data Engineer,Senior,6.0,Bright Path AI,Automotive,Singapore,No,Full-time,"GCP, AWS, Machine Learning",51-200,155500.0,98,2026-01-31
JOB02943,Data Analyst,Entry,0.0,Orbital Systems,Gaming,"Austin, USA",No,Full-time,"Python, Statistics, Tableau, Data Visualization, GCP",1001-5000,65000.0,24,2026-01-05
JOB02944,Machine Learning Engineer,Mid,3.0,Novacore AI,Telecommunications,"Dublin, Ireland",No,Full-time,"PyTorch, Spark, Deep Learning, Machine Learning",1001-5000,87000.0,145,2026-02-08
JOB02945,AI Engineer,Mid,3.0,Novacore AI,Gaming,Remote,Yes,Full-time,"Deep Learning, Power BI, Python, GCP",1001-5000,92500.0,13,2025-08-14
JOB02946,ML Engineer I,Entry,0.0,Pulse Robotics,Finance,"London, UK",No,Full-time,"Tableau, Statistics, Excel, AWS",1-50,77000.0,6,2025-08-22
JOB02947,Junior Data Scientist,Entry,0.0,Orbital Systems,Education,"San Francisco, USA",Yes,Part-time,"Excel, SQL, Data Visualization, Tableau, Python",51-200,95000.0,116,2026-05-31
JOB02948,Senior Data Scientist,Senior,6.0,Bright Path AI,Manufacturing,"Toronto, Canada",No,Full-time,"NLP, Azure, Kubernetes, AWS, Computer Vision",1001-5000,139000.0,55,2025-10-28
JOB02949,Staff AI Engineer,Senior,6.0,DataForge,Technology,"San Francisco, USA",No,Full-time,"NLP, Generative AI, Azure",201-1000,201000.0,30,2026-01-03
JOB02950,Analytics Engineer,Mid,3.0,Corelytics,Healthcare,"Bengaluru, India",Yes,Full-time,"PyTorch, NLP, SQL, Spark",51-200,58500.0,34,2026-05-01
JOB02951,Computer Vision Engineer,Mid,3.0,Northstar Labs,Consulting,"Toronto, Canada",No,Full-time,"Spark, TensorFlow, PyTorch, SQL, Deep Learning",201-1000,90000.0,39,2026-06-11
JOB02952,AI Research Scientist,Senior,6.0,DataForge,Finance,"Austin, USA",No,Contract,"NLP, Kubernetes, Computer Vision, AWS, Tableau",201-1000,211000.0,12,2025-08-07
JOB02953,Data Engineer,Mid,3.0,Fusion Analytics,Education,"Austin, USA",No,Contract,"Machine Learning, Python, TensorFlow, AWS",5000+,97000.0,29,2026-01-21
JOB02954,NLP Engineer,Mid,3.0,DataForge,Education,"London, UK",No,Full-time,"Python, Deep Learning, Machine Learning, Spark, NLP, Computer Vision",51-200,146000.0,59,2025-09-16
JOB02955,Data Engineer I,Entry,0.0,Orbital Systems,Education,"San Francisco, USA",Yes,Full-time,"SQL, Python, Tableau, Data Visualization",201-1000,91500.0,5,2026-04-07
JOB02956,Data Scientist,Mid,3.0,Fusion Analytics,Technology,"Toronto, Canada",No,Full-time,"NLP, SQL, PyTorch",201-1000,109500.0,105,2025-12-28
JOB02957,Data Engineer,Mid,3.0,Silverline AI,Education,"London, UK",No,Full-time,"NLP, Python, AWS, Computer Vision",5000+,95000.0,9,2025-12-31
JOB02958,Data Analyst,Entry,0.0,Ironpeak Tech,Automotive,"Bengaluru, India",No,Full-time,"Python, Excel, Data Visualization, AWS",1-50,29500.0,1,2025-10-18
JOB02960,Data Analyst,Entry,0.0,Northstar Labs,E-commerce,"Dublin, Ireland",No,Full-time,"Data Visualization, Python, Excel, Tableau",51-200,83500.0,76,2025-07-28
JOB02961,Head of Analytics,Manager,10.0,Zenith Data Group,E-commerce,"London, UK",No,Full-time,"AWS, GCP, Generative AI, MLOps, A/B Testing, Kubernetes",1001-5000,313000.0,48,2026-02-02
JOB02962,Data Engineer I,Entry,0.0,Atlas Intelligence,Automotive,"Dublin, Ireland",No,Full-time,"Tableau, Excel, Statistics, Python, MLOps",5000+,72000.0,68,2025-08-22
JOB02963,ML Engineer I,Entry,0.0,Atlas Intelligence,Finance,"San Francisco, USA",No,Full-time,"Excel, Data Visualization, Tableau, Python",201-1000,100000.0,9,2025-08-06
JOB02964,Principal Data Scientist,Senior,6.0,Pulse Robotics,Telecommunications,"Austin, USA",Yes,Full-time,"MLOps, AWS, Generative AI, LLMs, GCP",201-1000,190000.0,26,2026-06-24
JOB02965,Data Scientist,Mid,3.0,DataForge,Manufacturing,"Berlin, Germany",No,Full-time,"TensorFlow, AWS, Python",201-1000,89500.0,28,2026-06-18
JOB02967,Analytics Engineer,Mid,3.0,Bluewave Tech,Technology,"San Francisco, USA",No,Full-time,"AWS, Spark, PyTorch, Power BI, NLP",51-200,165500.0,69,2026-04-09
JOB02968,Analytics Engineer,Mid,3.0,Clearline Systems,Education,"Sydney, Australia",No,Full-time,"Spark, NLP, AWS, Machine Learning",201-1000,91000.0,44,2026-05-21
JOB02970,Data Engineer I,Entry,0.0,Corelytics,Healthcare,"London, UK",No,Full-time,"SQL, Tableau, Excel, Python",51-200,68500.0,6,2026-03-16
JOB02971,Data Engineer,Mid,3.0,Orbital Systems,Gaming,"New York, USA",No,Part-time,"AWS, Machine Learning, Power BI, Python",1-50,151500.0,5,2026-03-07
JOB02972,NLP Engineer,Mid,3.0,Pulse Robotics,Healthcare,"New York, USA",No,Full-time,"PyTorch, Power BI, NLP, SQL, TensorFlow",51-200,146000.0,37,2025-11-30
JOB02973,AI Research Assistant,Entry,0.0,Atlas Intelligence,Finance,Singapore,No,Full-time,"Tableau, Data Visualization, Python, Excel, Kubernetes",51-200,71000.0,9,2026-05-20
JOB02974,ML Engineer I,Entry,0.0,Fusion Analytics,Consulting,"Bengaluru, India",No,Full-time,"Data Visualization, Tableau, Python, SQL, Excel, LLMs",201-1000,36500.0,36,2025-10-09
JOB02975,AI Research Assistant,Entry,0.0,Novacore AI,Finance,Remote,Yes,Full-time,"Excel, Tableau, Statistics, Data Visualization, Python, Generative AI",1001-5000,74500.0,37,2026-06-12
JOB02976,Lead Data Engineer,Senior,6.0,Skyline Data Co,Telecommunications,"London, UK",Yes,Full-time,"Computer Vision, Kubernetes, NLP, Generative AI",1001-5000,196000.0,30,2026-01-08
JOB02977,Analytics Engineer,Mid,3.0,Fusion Analytics,Telecommunications,"Sydney, Australia",Yes,Full-time,"Machine Learning, Python, TensorFlow, Spark",1001-5000,107500.0,28,2026-04-12
JOB02979,NLP Engineer,Mid,3.0,Pulse Robotics,Finance,"Bengaluru, India",No,Full-time,"Spark, Machine Learning, Power BI, PyTorch",201-1000,59500.0,96,2025-10-06
JOB02980,ML Engineer I,Entry,0.0,Silverline AI,E-commerce,"Berlin, Germany",No,Contract,"Python, Tableau, SQL",5000+,75000.0,21,2025-07-08
JOB02981,ML Engineer I,Entry,0.0,Silverline AI,Education,"San Francisco, USA",No,Full-time,"Excel, Data Visualization, Python, Tableau, SQL, LLMs",5000+,100000.0,24,2025-11-13
JOB02982,AI Engineer,Mid,3.0,Pulse Robotics,Telecommunications,"Bengaluru, India",Yes,Full-time,"Deep Learning, Spark, Machine Learning, SQL",201-1000,63000.0,42,2025-10-09
JOB02983,AI Engineer,Mid,3.0,Atlas Intelligence,Healthcare,"Austin, USA",No,Full-time,"PyTorch, AWS, Machine Learning",1-50,96500.0,35,2025-07-05
JOB02984,Senior Data Scientist,Senior,6.0,Skyline Data Co,Telecommunications,"Austin, USA",No,Part-time,"Machine Learning, Azure, AWS",201-1000,188500.0,48,2026-07-10
JOB02985,Data Science Manager,Manager,10.0,DataForge,Healthcare,"Berlin, Germany",No,Full-time,"AWS, LLMs, GCP, Generative AI, Statistics",1-50,192000.0,107,2026-04-17
JOB02986,AI Research Assistant,Entry,0.0,Horizon Cloud,Automotive,"Dublin, Ireland",No,Full-time,"Data Visualization, Statistics, SQL",1-50,54000.0,27,2025-12-12
JOB02987,Staff AI Engineer,Senior,6.0,Corelytics,E-commerce,"Bengaluru, India",No,Full-time,"Kubernetes, Machine Learning, Computer Vision, LLMs, Azure",201-1000,75000.0,21,2026-01-13
JOB02988,NLP Engineer,Mid,3.0,DataForge,Healthcare,"Dublin, Ireland",No,Full-time,"TensorFlow, AWS, Spark",51-200,108500.0,89,2026-04-28
JOB02989,ML Engineer I,Entry,0.0,Bright Path AI,Gaming,"Dublin, Ireland",No,Full-time,"Statistics, Excel, Tableau, Data Visualization, Computer Vision",201-1000,65500.0,76,2026-04-13
JOB02990,AI Research Scientist,Senior,6.0,Skyline Data Co,Telecommunications,Singapore,No,Full-time,"GCP, Machine Learning, AWS",51-200,160500.0,70,2026-04-14
JOB02992,ML Engineer I,Entry,0.0,Northstar Labs,Education,"New York, USA",Yes,Full-time,"Excel, Tableau, Statistics",1001-5000,79000.0,5,2026-06-04
JOB02993,AI Engineer,Mid,3.0,Horizon Cloud,Telecommunications,"London, UK",No,Full-time,"Power BI, AWS, Deep Learning, LLMs",51-200,105000.0,68,2026-03-03
JOB02994,VP of Machine Learning,Manager,10.0,Atlas Intelligence,Healthcare,"San Francisco, USA",No,Full-time,"MLOps, Statistics, GCP",1-50,250500.0,28,2025-12-09
JOB02995,Lead Data Engineer,Senior,6.0,Atlas Intelligence,Finance,Singapore,No,Contract,"Computer Vision, MLOps, AWS, GCP, NLP, LLMs",1001-5000,197500.0,108,2025-12-03
JOB02996,Computer Vision Engineer,Mid,3.0,Bluewave Tech,Telecommunications,Remote,Yes,Full-time,"Spark, NLP, Power BI, Machine Learning, LLMs",51-200,98000.0,28,2026-04-04
JOB02997,Machine Learning Engineer,Mid,3.0,Quantum Insight,Gaming,"Berlin, Germany",Yes,Full-time,"Power BI, Spark, NLP",201-1000,77000.0,16,2025-12-12
JOB02998,Analytics Engineer,Mid,3.0,Bright Path AI,Consulting,"New York, USA",Yes,Full-time,"PyTorch, AWS, Spark, Power BI, Machine Learning, MLOps",201-1000,120000.0,38,2026-04-26
JOB02999,Data Engineer I,Entry,0.0,Silverline AI,Automotive,"New York, USA",Yes,Full-time,"Tableau, SQL, Excel, Data Visualization, Statistics",1-50,80000.0,12,2026-04-08
JOB03000,Machine Learning Engineer,Mid,3.0,DataForge,Technology,Singapore,No,Full-time,"Power BI, TensorFlow, Spark, AWS, Data Visualization",201-1000,93000.0,64,2025-11-26
JOB03001,BI Analyst,Entry,0.0,Zenith Data Group,Technology,"Dublin, Ireland",No,Full-time,"SQL, Python, Data Visualization, Tableau",201-1000,68000.0,94,2025-11-28
JOB03002,AI Research Assistant,Entry,0.0,Vertex Analytics,E-commerce,"Sydney, Australia",Yes,Full-time,"Python, SQL, Excel, Tableau, Statistics",1001-5000,74500.0,94,2026-04-07
JOB03003,NLP Engineer,Mid,3.0,DataForge,Consulting,"Berlin, Germany",Yes,Full-time,"Deep Learning, NLP, Python, PyTorch, Power BI",1001-5000,114000.0,30,2025-08-13
JOB03004,Machine Learning Engineer,Mid,3.0,Corelytics,E-commerce,Remote,Yes,Contract,"Python, Power BI, Deep Learning, SQL, Machine Learning",201-1000,107000.0,59,2025-10-12
JOB03005,Data Engineer,Mid,3.0,Quantum Insight,E-commerce,"Sydney, Australia",No,Full-time,"Python, Deep Learning, NLP, Power BI, Docker",51-200,135500.0,41,2025-08-13
JOB03006,Principal Data Scientist,Senior,6.0,Novacore AI,Finance,"Toronto, Canada",No,Full-time,"Generative AI, GCP, AWS, SQL",201-1000,161500.0,55,2026-04-11
JOB03007,Data Scientist,Mid,3.0,Bluewave Tech,Education,"Sydney, Australia",Yes,Contract,"Spark, Power BI, NLP, SQL",1-50,106000.0,38,2025-07-17
JOB03008,Senior ML Engineer,Senior,6.0,Orbital Systems,Consulting,"Bengaluru, India",Yes,Full-time,"AWS, NLP, LLMs",201-1000,71000.0,54,2025-09-16
JOB03009,Analytics Engineer,Mid,3.0,Skyline Data Co,Finance,"London, UK",No,Full-time,"Machine Learning, TensorFlow, NLP, AWS",5000+,141500.0,8,2025-07-03
JOB03010,Analytics Engineer,Mid,3.0,Horizon Cloud,Automotive,"Sydney, Australia",Yes,Full-time,"PyTorch, AWS, SQL, Power BI, Machine Learning, Computer Vision",51-200,98500.0,120,2025-09-15
JOB03011,Data Engineer I,Entry,0.0,Pulse Robotics,E-commerce,"Sydney, Australia",No,Part-time,"SQL, Tableau, Statistics",1001-5000,87000.0,28,2026-04-16
JOB03012,Junior Data Scientist,Entry,0.0,Orbital Systems,Gaming,Singapore,No,Full-time,"SQL, Data Visualization, Excel, Python",1-50,66000.0,12,2026-02-01
JOB03013,Junior Data Scientist,Entry,0.0,Novacore AI,Healthcare,"Bengaluru, India",No,Full-time,"Python, Excel, Statistics, SQL, Data Visualization",201-1000,34500.0,71,2026-01-24
JOB03014,Director of Data Science,Manager,10.0,Corelytics,Technology,"Berlin, Germany",Yes,Full-time,"Statistics, GCP, AWS, Generative AI, Power BI",5000+,213000.0,24,2025-08-28
JOB03015,VP of Machine Learning,Manager,10.0,Skyline Data Co,Manufacturing,Singapore,Yes,Contract,"Generative AI, AWS, A/B Testing",201-1000,264000.0,13,2026-06-26
JOB03016,Staff AI Engineer,Senior,6.0,DataForge,Gaming,"Bengaluru, India",No,Full-time,"LLMs, Kubernetes, Generative AI",201-1000,82000.0,14,2026-04-05
JOB03017,Head of AI,Manager,10.0,Zenith Data Group,Manufacturing,"New York, USA",No,Full-time,"MLOps, Statistics, Generative AI, A/B Testing, Excel",1001-5000,234500.0,42,2026-06-22
JOB03018,AI Research Assistant,Entry,0.0,Quantum Insight,Healthcare,Singapore,Yes,Full-time,"Tableau, Excel, Statistics",201-1000,75000.0,10,2025-11-27
JOB03020,Data Analyst,Entry,0.0,DataForge,Telecommunications,"San Francisco, USA",No,Full-time,"Statistics, Data Visualization, SQL, Excel",5000+,109000.0,36,2026-03-22
JOB03021,Data Engineer I,Entry,0.0,Quantum Insight,Education,"New York, USA",Yes,Contract,"Tableau, Python, Excel",1-50,70000.0,6,2025-09-01
JOB03022,Senior ML Engineer,Senior,6.0,Skyline Data Co,E-commerce,Singapore,No,Full-time,"MLOps, Machine Learning, Kubernetes, NLP",51-200,158000.0,19,2025-08-16
JOB03023,ML Engineer I,Entry,0.0,Quantum Insight,Technology,"Berlin, Germany",No,Full-time,"Statistics, Python, SQL, Excel, Tableau",51-200,71500.0,68,2026-03-06
JOB03024,Staff AI Engineer,Senior,6.0,Atlas Intelligence,Healthcare,"Austin, USA",No,Full-time,"MLOps, Machine Learning, LLMs",1001-5000,170000.0,4,2025-11-09
JOB03025,Data Analyst,Entry,0.0,Novacore AI,Automotive,"Austin, USA",Yes,Full-time,"Statistics, Tableau, Excel, SQL, Data Visualization",1-50,62500.0,54,2026-02-11
JOB03026,Head of Analytics,Manager,10.0,Skyline Data Co,Consulting,"Austin, USA",No,Full-time,"Generative AI, AWS, LLMs, A/B Testing",201-1000,299000.0,30,2026-02-23
JOB03027,Junior Data Scientist,Entry,0.0,Novacore AI,Technology,"Toronto, Canada",Yes,Full-time,"Statistics, SQL, Tableau, Python",1001-5000,64500.0,39,2026-03-28
JOB03028,Senior Data Scientist,Senior,6.0,Horizon Cloud,Technology,"Berlin, Germany",Yes,Full-time,"AWS, Generative AI, LLMs, Statistics",51-200,123500.0,188,2025-10-05
JOB03029,Junior Data Scientist,Entry,0.0,Fusion Analytics,Healthcare,"London, UK",No,Full-time,"Tableau, SQL, Statistics",201-1000,58500.0,15,2025-08-25
JOB03030,Staff AI Engineer,Senior,6.0,Skyline Data Co,Consulting,"Toronto, Canada",Yes,Full-time,"Azure, Deep Learning, GCP, MLOps, A/B Testing",1001-5000,150000.0,50,2025-12-30
JOB03031,BI Analyst,Entry,0.0,Zenith Data Group,Gaming,"Bengaluru, India",Yes,Full-time,"Data Visualization, Python, SQL",201-1000,26000.0,28,2025-10-06
JOB03033,AI Research Assistant,Entry,0.0,DataForge,Finance,"Bengaluru, India",No,Full-time,"Data Visualization, Python, SQL, Tableau",1-50,30000.0,30,2025-07-27
JOB03034,Computer Vision Engineer,Mid,3.0,Zenith Data Group,Education,Singapore,No,Full-time,"Spark, TensorFlow, AWS",5000+,119500.0,100,2025-08-04
JOB03036,Staff AI Engineer,Senior,6.0,Bluewave Tech,Automotive,"Bengaluru, India",Yes,Full-time,"Generative AI, AWS, Machine Learning, LLMs, Azure, TensorFlow",51-200,80500.0,40,2025-12-07
JOB03037,NLP Engineer,Mid,3.0,Clearline Systems,Telecommunications,"San Francisco, USA",Yes,Full-time,"AWS, NLP, SQL, Generative AI",51-200,137500.0,60,2025-09-12
JOB03038,Staff AI Engineer,Senior,6.0,Skyline Data Co,Technology,"Bengaluru, India",No,Full-time,"MLOps, Kubernetes, Generative AI, LLMs",1-50,67000.0,80,2026-05-07
JOB03039,Analytics Engineer,Mid,3.0,Atlas Intelligence,Consulting,"Bengaluru, India",No,Full-time,"TensorFlow, NLP, Machine Learning",201-1000,49000.0,34,2025-12-23
JOB03040,VP of Machine Learning,Manager,10.0,Northstar Labs,Consulting,"Dublin, Ireland",No,Full-time,"AWS, MLOps, LLMs, Statistics",1001-5000,254000.0,24,2025-07-27
JOB03041,AI Engineer,Mid,3.0,Bluewave Tech,Consulting,"Dublin, Ireland",No,Full-time,"PyTorch, Python, AWS, Power BI",51-200,86500.0,35,2025-09-30
JOB03042,Data Engineer,Mid,3.0,Horizon Cloud,Finance,"Bengaluru, India",No,Full-time,"Python, AWS, Power BI, TensorFlow, Machine Learning",1001-5000,48500.0,76,2025-07-08
JOB03043,Analytics Engineer,Mid,3.0,Ironpeak Tech,Education,Remote,Yes,Full-time,"NLP, Deep Learning, Power BI, AWS, TensorFlow, Docker",51-200,112500.0,43,2026-03-22
JOB03045,Data Analyst,Entry,0.0,Ironpeak Tech,Telecommunications,"New York, USA",No,Full-time,"SQL, Tableau, Data Visualization, Excel",201-1000,80000.0,23,2026-05-11
JOB03046,AI Research Scientist,Senior,6.0,Bluewave Tech,Education,"Sydney, Australia",No,Full-time,"Computer Vision, Kubernetes, LLMs, Generative AI",51-200,206000.0,14,2025-09-19
JOB03047,Data Scientist,Mid,3.0,Skyline Data Co,Automotive,"Austin, USA",Yes,Full-time,"PyTorch, AWS, Deep Learning",201-1000,96500.0,69,2026-07-02
JOB03048,BI Analyst,Entry,0.0,Nexora AI,Automotive,Singapore,Yes,Full-time,"Tableau, Python, SQL, Data Visualization",1001-5000,81500.0,40,2025-09-24
JOB03049,Director of Data Science,Manager,10.0,Quantum Insight,Healthcare,"Bengaluru, India",No,Full-time,"MLOps, AWS, LLMs",1001-5000,124000.0,69,2025-11-23
JOB03050,Data Engineer,Mid,3.0,Atlas Intelligence,Education,Remote,Yes,Full-time,"Deep Learning, Machine Learning, AWS, NLP",201-1000,128000.0,47,2025-07-24
JOB03051,Senior Data Scientist,Senior,6.0,Nexora AI,Automotive,"San Francisco, USA",Yes,Full-time,"NLP, Kubernetes, Computer Vision, LLMs, GCP",1001-5000,235000.0,36,2026-02-23
JOB03052,NLP Engineer,Mid,3.0,Orbital Systems,Healthcare,"Bengaluru, India",No,Full-time,"TensorFlow, NLP, AWS, Spark",201-1000,49000.0,23,2025-11-06
JOB03053,Data Engineer,Mid,3.0,Clearline Systems,Telecommunications,"Bengaluru, India",No,Full-time,"Deep Learning, NLP, Python, PyTorch, MLOps",51-200,52000.0,24,2026-02-16
JOB03054,Data Engineer,Mid,3.0,Clearline Systems,Gaming,"Sydney, Australia",Yes,Full-time,"Spark, Machine Learning, AWS, Deep Learning",1-50,108000.0,10,2026-05-28
JOB03055,ML Engineer I,Entry,0.0,Bluewave Tech,Telecommunications,"Dublin, Ireland",No,Full-time,"Tableau, SQL, Excel, Statistics, Python, Computer Vision",201-1000,71500.0,30,2026-02-12
JOB03056,AI Research Assistant,Entry,0.0,Pulse Robotics,Finance,"Toronto, Canada",No,Full-time,"Statistics, Excel, Tableau, SQL",5000+,75500.0,35,2025-11-13
JOB03057,AI Engineer,Mid,3.0,Fusion Analytics,Finance,"Dublin, Ireland",No,Full-time,"AWS, Deep Learning, TensorFlow, Python, PyTorch, SQL",201-1000,87500.0,30,2025-10-25
JOB03058,Head of Analytics,Manager,10.0,Novacore AI,Automotive,"Toronto, Canada",No,Full-time,"Statistics, A/B Testing, AWS, GCP, Generative AI, Data Visualization",5000+,200000.0,20,2025-07-14
JOB03059,Data Science Manager,Manager,10.0,Vertex Analytics,Technology,Remote,Yes,Full-time,"AWS, Generative AI, GCP, A/B Testing, MLOps",1-50,266000.0,15,2025-07-16
JOB03060,Lead Data Engineer,Senior,6.0,Nexora AI,Technology,Singapore,Yes,Part-time,"Computer Vision, Machine Learning, AWS",51-200,185000.0,66,2026-05-20
JOB03061,AI Research Assistant,Entry,0.0,DataForge,Finance,"Toronto, Canada",No,Full-time,"Statistics, Excel, Python, Tableau, SQL",5000+,52500.0,27,2026-04-23
JOB03062,Computer Vision Engineer,Mid,3.0,Pulse Robotics,Healthcare,"San Francisco, USA",No,Full-time,"SQL, NLP, Python, TensorFlow, Spark",201-1000,143500.0,32,2026-04-26
JOB03063,Principal Data Scientist,Senior,6.0,Corelytics,Finance,"London, UK",No,Full-time,"GCP, Azure, AWS, Machine Learning",1-50,160000.0,23,2026-03-31
JOB03064,ML Engineer I,Entry,0.0,Nexora AI,Telecommunications,"Toronto, Canada",No,Full-time,"Statistics, Tableau, Excel, Data Visualization",5000+,56000.0,41,2026-04-29
JOB03065,ML Engineer I,Entry,0.0,Northstar Labs,Healthcare,Remote,Yes,Full-time,"Statistics, Excel, Data Visualization, Python, Tableau, R",201-1000,79500.0,27,2026-05-11
JOB03066,Machine Learning Engineer,Mid,3.0,Orbital Systems,Manufacturing,Remote,Yes,Full-time,"SQL, Spark, Deep Learning",1001-5000,102500.0,41,2025-11-04
JOB03068,Data Science Manager,Manager,10.0,Clearline Systems,Technology,"Sydney, Australia",Yes,Full-time,"A/B Testing, MLOps, LLMs",201-1000,268500.0,46,2026-05-22
JOB03069,Lead Data Engineer,Senior,6.0,Meridian Software,Education,"Austin, USA",No,Full-time,"Computer Vision, Deep Learning, Machine Learning, GCP",1-50,212500.0,40,2026-06-24
JOB03070,Computer Vision Engineer,Mid,3.0,Vertex Analytics,Education,"San Francisco, USA",No,Full-time,"Machine Learning, SQL, TensorFlow, Power BI, PyTorch",51-200,160000.0,51,2025-08-02
JOB03071,Principal Data Scientist,Senior,6.0,Corelytics,Education,"New York, USA",No,Full-time,"NLP, Computer Vision, Kubernetes",51-200,195000.0,44,2026-02-12
JOB03072,Data Analyst,Entry,0.0,Atlas Intelligence,Automotive,Remote,Yes,Contract,"Data Visualization, Statistics, Python, Excel, LLMs",51-200,71500.0,20,2026-03-14
JOB03073,ML Engineer I,Entry,0.0,Horizon Cloud,E-commerce,"Dublin, Ireland",No,Full-time,"SQL, Data Visualization, Python, MLOps",201-1000,57500.0,32,2026-03-23
JOB03075,Data Engineer,Mid,3.0,Fusion Analytics,Technology,"Toronto, Canada",No,Full-time,"PyTorch, AWS, NLP, Power BI, TensorFlow",1-50,91000.0,14,2026-04-06
JOB03076,BI Analyst,Entry,0.0,Atlas Intelligence,Healthcare,"Bengaluru, India",Yes,Full-time,"Tableau, Statistics, Data Visualization, Python, Excel",1-50,38000.0,13,2026-05-28
JOB03077,Head of Analytics,Manager,10.0,DataForge,Technology,Remote,Yes,Full-time,"Statistics, AWS, GCP",51-200,253000.0,33,2026-03-13
JOB03078,Data Engineer I,Entry,0.0,Corelytics,Finance,"Dublin, Ireland",No,Full-time,"Statistics, Excel, Tableau, Data Visualization, Python, Airflow",201-1000,63500.0,46,2025-11-22
JOB03079,Data Engineer I,Entry,0.0,Ironpeak Tech,Telecommunications,"Dublin, Ireland",No,Full-time,"Data Visualization, Python, Excel, Tableau",51-200,56500.0,73,2025-09-12
JOB03080,Data Engineer,Mid,3.0,Northstar Labs,Manufacturing,"New York, USA",Yes,Full-time,"Machine Learning, NLP, Deep Learning, TensorFlow, Spark, Kubernetes",1001-5000,130000.0,3,2026-02-15
JOB03081,Junior Data Scientist,Entry,0.0,Horizon Cloud,Education,"New York, USA",No,Full-time,"Statistics, Excel, Tableau",201-1000,102000.0,88,2026-03-03
JOB03082,Principal Data Scientist,Senior,6.0,Horizon Cloud,E-commerce,"Austin, USA",No,Full-time,"Azure, Computer Vision, GCP, AWS",1-50,158500.0,8,2026-06-20
JOB03083,NLP Engineer,Mid,3.0,DataForge,Automotive,"Dublin, Ireland",No,Full-time,"NLP, SQL, PyTorch, Python",1001-5000,112000.0,13,2025-10-06
JOB03084,Computer Vision Engineer,Mid,3.0,Meridian Software,E-commerce,"Sydney, Australia",No,Full-time,"Spark, Power BI, SQL, Deep Learning, A/B Testing",1-50,129000.0,66,2025-11-08
JOB03085,Data Scientist,Mid,3.0,Meridian Software,E-commerce,"Dublin, Ireland",No,Full-time,"SQL, Machine Learning, NLP",1001-5000,89000.0,6,2026-04-11
JOB03087,Data Scientist,Mid,3.0,Zenith Data Group,Automotive,"London, UK",No,Full-time,"PyTorch, AWS, TensorFlow, NLP",51-200,134000.0,49,2026-01-18
JOB03088,Senior ML Engineer,Senior,6.0,Clearline Systems,Technology,"London, UK",Yes,Full-time,"Generative AI, Kubernetes, GCP, MLOps",1001-5000,189000.0,130,2026-07-02
JOB03089,Senior Data Scientist,Senior,6.0,DataForge,Manufacturing,"Toronto, Canada",No,Full-time,"Generative AI, MLOps, Machine Learning, Python",1001-5000,173000.0,51,2025-10-12
JOB03090,Machine Learning Engineer,Mid,3.0,Fusion Analytics,Consulting,"San Francisco, USA",Yes,Full-time,"NLP, AWS, Machine Learning, SQL, TensorFlow, Statistics",51-200,153500.0,34,2025-07-09
JOB03091,Data Analyst,Entry,0.0,Vertex Analytics,Technology,"Austin, USA",No,Full-time,"Excel, Tableau, Python, Data Visualization, Power BI",51-200,60000.0,42,2025-09-22
JOB03092,Machine Learning Engineer,Mid,3.0,Quantum Insight,Manufacturing,"Bengaluru, India",Yes,Part-time,"NLP, AWS, Python, TensorFlow, SQL",51-200,50000.0,20,2026-01-02
JOB03093,Senior Data Scientist,Senior,6.0,Clearline Systems,Gaming,"Sydney, Australia",No,Full-time,"Machine Learning, Generative AI, Deep Learning, LLMs",1-50,196000.0,76,2025-10-31
JOB03094,Junior Data Scientist,Entry,0.0,Skyline Data Co,Telecommunications,Remote,Yes,Full-time,"Tableau, Statistics, Data Visualization",5000+,57500.0,19,2026-02-22
JOB03095,BI Analyst,Entry,0.0,DataForge,E-commerce,"Austin, USA",No,Full-time,"Python, Data Visualization, Statistics, Docker",1-50,62000.0,43,2025-07-11
JOB03096,Data Engineer,Mid,3.0,DataForge,Technology,"Dublin, Ireland",No,Full-time,"Deep Learning, Machine Learning, Spark, PyTorch, TensorFlow, Docker",201-1000,95000.0,124,2026-06-29
JOB03097,Staff AI Engineer,Senior,6.0,Zenith Data Group,Manufacturing,"Bengaluru, India",No,Full-time,"MLOps, NLP, Kubernetes, Deep Learning, Machine Learning, PyTorch",51-200,79000.0,46,2026-05-13
JOB03098,Analytics Engineer,Mid,3.0,Novacore AI,Healthcare,"New York, USA",No,Full-time,"NLP, Spark, TensorFlow, PyTorch, GCP",1-50,150500.0,56,2026-03-04
JOB03099,VP of Machine Learning,Manager,10.0,Fusion Analytics,Finance,"Austin, USA",No,Full-time,"LLMs, GCP, Statistics, Generative AI, PyTorch",51-200,249500.0,80,2025-08-25
JOB03100,NLP Engineer,Mid,3.0,Novacore AI,Gaming,Singapore,Yes,Full-time,"PyTorch, TensorFlow, SQL, Spark, Power BI, Machine Learning",1-50,97000.0,18,2026-07-15
JOB03101,AI Engineer,Mid,3.0,Quantum Insight,Gaming,"San Francisco, USA",Yes,Full-time,"PyTorch, AWS, Python",51-200,179500.0,13,2025-08-11
JOB03102,Data Engineer,Mid,3.0,Bluewave Tech,E-commerce,"Bengaluru, India",No,Full-time,"AWS, Python, SQL, Machine Learning",5000+,51000.0,72,2025-12-02
JOB03103,Data Engineer,Mid,3.0,Northstar Labs,Gaming,Singapore,No,Full-time,"Deep Learning, AWS, TensorFlow, Machine Learning, SQL",1-50,133000.0,11,2025-10-13
JOB03104,Lead Data Engineer,Senior,6.0,Corelytics,Automotive,"Toronto, Canada",Yes,Full-time,"NLP, Azure, Deep Learning, TensorFlow",51-200,185500.0,44,2026-05-31
JOB03105,Data Analyst,Entry,0.0,Vertex Analytics,Manufacturing,"Toronto, Canada",No,Full-time,"Tableau, Excel, SQL, Data Visualization, Python, TensorFlow",51-200,59500.0,75,2025-09-08
JOB03107,NLP Engineer,Mid,3.0,Clearline Systems,Telecommunications,"Toronto, Canada",Yes,Full-time,"Machine Learning, Power BI, Spark, MLOps",5000+,125500.0,68,2026-06-26
JOB03109,ML Engineer I,Entry,0.0,Northstar Labs,Finance,"Toronto, Canada",No,Full-time,"Tableau, Data Visualization, SQL, Excel, Statistics",201-1000,54500.0,57,2026-03-17
JOB03110,Data Science Manager,Manager,10.0,Clearline Systems,E-commerce,"London, UK",Yes,Full-time,"A/B Testing, LLMs, AWS, Statistics, Computer Vision",1-50,218500.0,60,2025-11-14
JOB03111,AI Engineer,Mid,3.0,Corelytics,Gaming,"San Francisco, USA",Yes,Full-time,"Deep Learning, PyTorch, AWS",201-1000,173000.0,34,2025-11-29
JOB03112,Lead Data Engineer,Senior,6.0,Novacore AI,Automotive,"New York, USA",No,Full-time,"Deep Learning, Machine Learning, AWS, Airflow",201-1000,169000.0,10,2025-09-28
JOB03113,ML Engineer I,Entry,0.0,Vertex Analytics,Gaming,Singapore,No,Full-time,"Data Visualization, Statistics, Python, Azure",201-1000,83000.0,135,2025-08-22
JOB03114,Data Analyst,Entry,0.0,Orbital Systems,Consulting,"Dublin, Ireland",Yes,Contract,"Excel, Statistics, Data Visualization, Tableau",51-200,80000.0,6,2025-12-19
JOB03115,ML Engineer I,Entry,0.0,Northstar Labs,Healthcare,"Austin, USA",Yes,Full-time,"Statistics, Tableau, Python, SQL",201-1000,67500.0,51,2025-11-25
JOB03116,Data Engineer,Mid,3.0,Zenith Data Group,Gaming,Singapore,No,Contract,"Spark, Machine Learning, Deep Learning, Python",1001-5000,119500.0,43,2025-07-09
JOB03117,Analytics Engineer,Mid,3.0,Meridian Software,Automotive,Remote,Yes,Full-time,"Spark, Power BI, NLP, SQL",201-1000,90500.0,17,2025-07-31
JOB03118,BI Analyst,Entry,0.0,Northstar Labs,Automotive,"Toronto, Canada",Yes,Full-time,"SQL, Statistics, Python",5000+,51500.0,43,2025-07-29
JOB03119,AI Engineer,Mid,3.0,Silverline AI,Technology,"Bengaluru, India",No,Full-time,"PyTorch, Python, NLP, TensorFlow",51-200,62000.0,64,2025-11-19
JOB03120,AI Engineer,Mid,3.0,Fusion Analytics,Telecommunications,"San Francisco, USA",No,Full-time,"Machine Learning, NLP, AWS, PyTorch",51-200,120500.0,49,2026-03-07
JOB03122,NLP Engineer,Mid,3.0,Orbital Systems,Automotive,"Austin, USA",No,Part-time,"Python, NLP, Spark, Power BI",201-1000,108000.0,19,2026-04-27
JOB03123,AI Engineer,Mid,3.0,Ironpeak Tech,Consulting,Singapore,No,Full-time,"PyTorch, NLP, Deep Learning",201-1000,97500.0,110,2026-06-03
JOB03124,Data Analyst,Entry,0.0,Northstar Labs,E-commerce,"Dublin, Ireland",Yes,Full-time,"Tableau, Statistics, Python, Data Visualization",5000+,75500.0,71,2026-01-28
JOB03125,AI Research Assistant,Entry,0.0,Northstar Labs,E-commerce,"Dublin, Ireland",Yes,Full-time,"Python, Data Visualization, Excel, SQL, Tableau, Generative AI",5000+,59000.0,103,2026-01-31
JOB03126,Analytics Engineer,Mid,3.0,Corelytics,Education,Singapore,No,Full-time,"PyTorch, AWS, NLP, TensorFlow",1001-5000,138500.0,37,2025-10-01
JOB03127,Senior Data Scientist,Senior,6.0,Corelytics,E-commerce,"Bengaluru, India",No,Full-time,"Machine Learning, Azure, MLOps, Computer Vision",51-200,92000.0,10,2026-04-06
JOB03128,Data Engineer I,Entry,0.0,Ironpeak Tech,Finance,"Berlin, Germany",No,Full-time,"Excel, Statistics, Tableau, Data Visualization, Python",51-200,53500.0,40,2025-11-18
JOB03129,Data Engineer,Mid,3.0,Pulse Robotics,Automotive,Remote,Yes,Full-time,"Deep Learning, Python, NLP, TensorFlow, Machine Learning, R",1001-5000,131500.0,120,2025-07-22
JOB03130,Principal Data Scientist,Senior,6.0,Horizon Cloud,Gaming,Singapore,Yes,Full-time,"MLOps, Machine Learning, GCP, AWS, Deep Learning",1001-5000,209000.0,11,2026-01-31
JOB03131,NLP Engineer,Mid,3.0,Orbital Systems,Gaming,"London, UK",No,Full-time,"AWS, Deep Learning, PyTorch, Python, Power BI, Airflow",1-50,115000.0,15,2025-11-04
JOB03132,AI Research Assistant,Entry,0.0,Fusion Analytics,Education,Singapore,Yes,Full-time,"Excel, Python, SQL, Data Visualization, Tableau",5000+,62000.0,50,2025-10-26
JOB03133,AI Research Scientist,Senior,6.0,Clearline Systems,Gaming,"Berlin, Germany",No,Contract,"LLMs, AWS, Computer Vision, Azure, Generative AI, A/B Testing",201-1000,160500.0,45,2026-05-16
JOB03134,AI Research Assistant,Entry,0.0,Horizon Cloud,Gaming,Singapore,No,Full-time,"Statistics, Excel, SQL, Data Visualization",201-1000,75500.0,9,2025-08-30
JOB03135,Senior ML Engineer,Senior,6.0,Atlas Intelligence,E-commerce,"Sydney, Australia",No,Full-time,"Machine Learning, GCP, Generative AI, MLOps, NLP",1-50,148500.0,64,2025-11-12
JOB03136,Senior ML Engineer,Senior,6.0,Bright Path AI,Consulting,"Sydney, Australia",Yes,Full-time,"Azure, MLOps, GCP, Machine Learning, Kubernetes",201-1000,145000.0,106,2026-01-20
JOB03137,Staff AI Engineer,Senior,6.0,Orbital Systems,Manufacturing,Remote,Yes,Full-time,"Kubernetes, GCP, Generative AI",1-50,178000.0,14,2025-12-13
JOB03138,VP of Machine Learning,Manager,10.0,Northstar Labs,Consulting,"London, UK",No,Part-time,"AWS, LLMs, MLOps",201-1000,313500.0,124,2026-02-03
JOB03139,NLP Engineer,Mid,3.0,Fusion Analytics,Telecommunications,Singapore,No,Full-time,"Python, PyTorch, Spark, TensorFlow, Tableau",201-1000,133000.0,44,2025-11-16
JOB03140,AI Research Scientist,Senior,6.0,Horizon Cloud,Manufacturing,"Berlin, Germany",No,Contract,"LLMs, MLOps, Machine Learning, Azure, Kubernetes, Power BI",1001-5000,143000.0,19,2025-07-31
JOB03141,ML Engineer I,Entry,0.0,Bright Path AI,Gaming,"Sydney, Australia",No,Full-time,"Statistics, Excel, Python, Tableau, Data Visualization",201-1000,80500.0,144,2026-03-05
JOB03142,Analytics Engineer,Mid,3.0,Silverline AI,Finance,"New York, USA",No,Full-time,"AWS, Spark, TensorFlow",1-50,119000.0,28,2026-01-01
JOB03143,Junior Data Scientist,Entry,0.0,Skyline Data Co,Healthcare,"Toronto, Canada",No,Full-time,"Data Visualization, Tableau, Excel, Statistics, SQL, A/B Testing",201-1000,72500.0,40,2025-10-23
JOB03144,Data Science Manager,Manager,10.0,Quantum Insight,Technology,Remote,Yes,Full-time,"AWS, A/B Testing, Statistics",5000+,248000.0,45,2026-01-22
JOB03145,BI Analyst,Entry,0.0,DataForge,Finance,"Dublin, Ireland",No,Full-time,"Data Visualization, SQL, Excel, Python, Statistics",201-1000,61000.0,69,2025-07-31
JOB03146,Senior ML Engineer,Senior,6.0,Quantum Insight,Technology,"London, UK",Yes,Full-time,"NLP, LLMs, Generative AI",51-200,174500.0,37,2025-07-31
JOB03147,AI Research Assistant,Entry,0.0,Quantum Insight,Consulting,"New York, USA",No,Full-time,"Tableau, Statistics, Data Visualization, SQL, Kubernetes",51-200,100500.0,47,2025-10-06
JOB03148,Computer Vision Engineer,Mid,3.0,Zenith Data Group,Technology,"New York, USA",No,Full-time,"Spark, Machine Learning, SQL",51-200,124000.0,29,2025-07-09
JOB03149,Computer Vision Engineer,Mid,3.0,Silverline AI,Manufacturing,"Austin, USA",No,Full-time,"PyTorch, Python, TensorFlow, Power BI",1-50,102000.0,56,2025-07-28
JOB03150,Lead Data Engineer,Senior,6.0,Bluewave Tech,Education,"Bengaluru, India",Yes,Part-time,"AWS, Computer Vision, NLP",201-1000,64000.0,48,2025-11-18
JOB03151,Data Engineer,Mid,3.0,Silverline AI,E-commerce,"Sydney, Australia",Yes,Full-time,"Spark, NLP, PyTorch, Python, Machine Learning, Docker",5000+,129500.0,21,2025-07-14
JOB03152,Junior Data Scientist,Entry,0.0,DataForge,Telecommunications,"London, UK",No,Full-time,"Python, Data Visualization, Statistics, A/B Testing",1001-5000,67500.0,20,2025-08-30
JOB03153,Senior ML Engineer,Senior,6.0,Bright Path AI,Automotive,"Austin, USA",No,Full-time,"NLP, LLMs, Azure",201-1000,220000.0,29,2025-07-09
JOB03154,Data Engineer I,Entry,0.0,Fusion Analytics,E-commerce,"Toronto, Canada",Yes,Full-time,"Data Visualization, Statistics, Python, Spark",1-50,78000.0,112,2025-07-18
JOB03155,Staff AI Engineer,Senior,6.0,Corelytics,Education,Singapore,No,Full-time,"Generative AI, LLMs, MLOps, Machine Learning",1001-5000,196500.0,33,2025-09-01
JOB03156,AI Research Assistant,Entry,0.0,Corelytics,Finance,"New York, USA",Yes,Full-time,"Statistics, Excel, Python, Data Visualization, SQL",201-1000,72500.0,16,2026-02-09
JOB03157,Data Engineer,Mid,3.0,Horizon Cloud,E-commerce,"Bengaluru, India",No,Full-time,"Python, SQL, NLP, AWS, Spark, Data Visualization",1-50,49000.0,5,2026-03-24
JOB03158,Senior Data Scientist,Senior,6.0,Corelytics,Finance,"Berlin, Germany",No,Full-time,"NLP, Generative AI, LLMs, Deep Learning",1001-5000,165500.0,82,2026-04-27
JOB03159,Data Engineer I,Entry,0.0,Bluewave Tech,Education,Remote,Yes,Full-time,"Tableau, SQL, Excel, Data Visualization, Python",1001-5000,58500.0,58,2025-11-04
JOB03160,Director of Data Science,Manager,10.0,Bright Path AI,Finance,Singapore,Yes,Contract,"LLMs, AWS, Generative AI, Statistics",51-200,211000.0,61,2025-09-24
JOB03161,NLP Engineer,Mid,3.0,Horizon Cloud,Manufacturing,"Toronto, Canada",No,Contract,"Spark, Deep Learning, Machine Learning, Python",51-200,110500.0,104,2026-06-29
JOB03162,Senior Data Scientist,Senior,6.0,DataForge,E-commerce,"Dublin, Ireland",No,Full-time,"Generative AI, AWS, Computer Vision, Azure, LLMs",1001-5000,194000.0,24,2026-02-28
JOB03163,Junior Data Scientist,Entry,0.0,Corelytics,E-commerce,"London, UK",No,Full-time,"SQL, Python, Excel, Tableau, Docker",1001-5000,70000.0,42,2025-07-24
JOB03164,Principal Data Scientist,Senior,6.0,Zenith Data Group,Education,Remote,Yes,Full-time,"Deep Learning, Generative AI, GCP, MLOps, NLP, Spark",5000+,161000.0,50,2025-12-27
JOB03165,Lead Data Engineer,Senior,6.0,Silverline AI,Technology,"London, UK",No,Full-time,"NLP, Azure, MLOps, AWS, Machine Learning, SQL",51-200,172500.0,42,2026-06-30
JOB03166,Data Scientist,Mid,3.0,Ironpeak Tech,Finance,"New York, USA",No,Full-time,"AWS, SQL, Power BI",201-1000,143000.0,36,2026-01-10
JOB03167,Junior Data Scientist,Entry,0.0,Ironpeak Tech,Technology,"London, UK",No,Contract,"Excel, Statistics, SQL, Python, GCP",1-50,66000.0,74,2025-12-02
JOB03168,Staff AI Engineer,Senior,6.0,Corelytics,Healthcare,"San Francisco, USA",Yes,Full-time,"MLOps, AWS, Generative AI",51-200,243000.0,23,2026-04-26
JOB03169,ML Engineer I,Entry,0.0,Quantum Insight,Manufacturing,"New York, USA",Yes,Contract,"SQL, Statistics, Excel, Tableau, Data Visualization, LLMs",5000+,81500.0,49,2026-06-26
JOB03170,Data Scientist,Mid,3.0,Quantum Insight,Healthcare,"Austin, USA",No,Full-time,"Deep Learning, Python, Machine Learning, Power BI, Spark",51-200,122000.0,6,2025-11-24
JOB03171,Data Science Manager,Manager,10.0,Orbital Systems,Telecommunications,"Toronto, Canada",No,Full-time,"MLOps, LLMs, Generative AI",1001-5000,210000.0,28,2025-10-11
JOB03172,Principal Data Scientist,Senior,6.0,Fusion Analytics,Consulting,"Austin, USA",Yes,Full-time,"GCP, MLOps, LLMs, Deep Learning",51-200,165000.0,38,2025-10-26
JOB03173,Junior Data Scientist,Entry,0.0,Atlas Intelligence,Healthcare,"San Francisco, USA",No,Full-time,"Statistics, SQL, Excel, Data Visualization, Docker",51-200,98500.0,37,2025-10-09
JOB03174,Data Science Manager,Manager,10.0,Vertex Analytics,Education,"Toronto, Canada",Yes,Full-time,"Generative AI, AWS, A/B Testing, MLOps, Azure",1001-5000,279500.0,60,2025-08-31
JOB03175,AI Engineer,Mid,3.0,Quantum Insight,Finance,"Berlin, Germany",Yes,Full-time,"NLP, Python, TensorFlow, Machine Learning, Airflow",201-1000,111000.0,47,2025-12-03
JOB03176,Data Engineer I,Entry,0.0,DataForge,Technology,"Bengaluru, India",No,Contract,"Data Visualization, Statistics, SQL",1-50,37000.0,12,2025-09-03
JOB03177,Junior Data Scientist,Entry,0.0,Meridian Software,Consulting,"New York, USA",No,Full-time,"Data Visualization, Tableau, Statistics, Python",1001-5000,87500.0,82,2026-04-08
JOB03178,Head of AI,Manager,10.0,Northstar Labs,Gaming,"Bengaluru, India",Yes,Full-time,"AWS, GCP, LLMs",1001-5000,121500.0,15,2025-12-14
JOB03179,VP of Machine Learning,Manager,10.0,Zenith Data Group,Finance,"Berlin, Germany",No,Full-time,"MLOps, A/B Testing, Statistics, AWS, Generative AI",51-200,270000.0,84,2026-04-12
JOB03180,Data Analyst,Entry,0.0,Skyline Data Co,Technology,"Dublin, Ireland",Yes,Full-time,"Statistics, Tableau, Excel",51-200,73500.0,56,2025-12-06
JOB03181,BI Analyst,Entry,0.0,Bluewave Tech,Healthcare,"New York, USA",No,Full-time,"Statistics, SQL, Data Visualization, Tableau, Python",1001-5000,80000.0,73,2026-03-26
JOB03182,Analytics Engineer,Mid,3.0,Bright Path AI,E-commerce,"Sydney, Australia",No,Full-time,"SQL, PyTorch, Python, Spark, AWS",1001-5000,105500.0,51,2025-10-27
JOB03183,ML Engineer I,Entry,0.0,Bright Path AI,Education,"Sydney, Australia",No,Full-time,"Tableau, Statistics, Excel, SQL, Computer Vision",51-200,75000.0,10,2025-09-23
JOB03184,Data Engineer I,Entry,0.0,Corelytics,Healthcare,"Sydney, Australia",No,Full-time,"Statistics, Excel, Tableau, SQL, Data Visualization",1001-5000,60500.0,26,2026-01-27
JOB03185,ML Engineer I,Entry,0.0,Skyline Data Co,Automotive,"San Francisco, USA",No,Full-time,"Tableau, Python, Statistics, SQL, Excel",1001-5000,75500.0,70,2026-03-28
JOB03187,AI Engineer,Mid,3.0,Clearline Systems,Technology,"Dublin, Ireland",No,Full-time,"NLP, Machine Learning, SQL, Power BI",51-200,105000.0,188,2025-08-25
JOB03188,Machine Learning Engineer,Mid,3.0,Horizon Cloud,Automotive,"New York, USA",No,Part-time,"NLP, Deep Learning, Machine Learning, AWS, SQL",201-1000,111500.0,67,2026-02-06
JOB03189,Lead Data Engineer,Senior,6.0,Bluewave Tech,Gaming,"London, UK",No,Full-time,"NLP, MLOps, Generative AI, Machine Learning, Excel",201-1000,188500.0,59,2025-09-02
JOB03190,Staff AI Engineer,Senior,6.0,Meridian Software,Healthcare,"London, UK",No,Full-time,"AWS, Generative AI, Computer Vision, GCP, Machine Learning, Excel",1001-5000,157000.0,39,2026-07-13
JOB03191,Machine Learning Engineer,Mid,3.0,Vertex Analytics,E-commerce,"London, UK",No,Full-time,"Python, SQL, PyTorch, Machine Learning",1001-5000,122500.0,58,2026-06-12
JOB03192,NLP Engineer,Mid,3.0,Orbital Systems,E-commerce,"New York, USA",Yes,Full-time,"Machine Learning, AWS, Spark, NLP, PyTorch, GCP",201-1000,108500.0,59,2025-08-31
JOB03193,NLP Engineer,Mid,3.0,Zenith Data Group,Finance,"Bengaluru, India",Yes,Part-time,"Spark, Deep Learning, AWS, TensorFlow, Power BI",51-200,47500.0,69,2026-02-28
JOB03195,Computer Vision Engineer,Mid,3.0,Horizon Cloud,Manufacturing,"Sydney, Australia",No,Full-time,"NLP, Python, Machine Learning, Power BI",5000+,102000.0,29,2026-05-26
JOB03197,Data Scientist,Mid,3.0,Horizon Cloud,E-commerce,"Berlin, Germany",No,Full-time,"PyTorch, Python, Power BI, AWS, Machine Learning, Tableau",1001-5000,97000.0,64,2026-02-13
JOB03198,Senior Data Scientist,Senior,6.0,Corelytics,Education,"Toronto, Canada",No,Full-time,"Machine Learning, GCP, LLMs, Generative AI, Deep Learning",1001-5000,130000.0,103,2026-02-07
JOB03199,AI Research Assistant,Entry,0.0,Bluewave Tech,E-commerce,"Sydney, Australia",No,Contract,"Excel, Tableau, SQL, Python, Statistics, Data Visualization",201-1000,88000.0,21,2026-04-20
JOB03200,Junior Data Scientist,Entry,0.0,Horizon Cloud,Telecommunications,"Berlin, Germany",Yes,Full-time,"Tableau, Python, Excel, SQL, Data Visualization",1-50,56000.0,80,2026-05-15
JOB03201,AI Engineer,Mid,3.0,Pulse Robotics,E-commerce,Singapore,No,Full-time,"Spark, Python, NLP, SQL, Machine Learning, Tableau",1001-5000,136000.0,18,2026-01-18
JOB03202,AI Research Assistant,Entry,0.0,Horizon Cloud,Consulting,"Toronto, Canada",No,Full-time,"Data Visualization, Python, Statistics",1-50,52500.0,96,2026-05-23
JOB03203,BI Analyst,Entry,0.0,Orbital Systems,E-commerce,"Sydney, Australia",No,Full-time,"Data Visualization, Statistics, SQL",201-1000,87000.0,14,2026-04-10
JOB03204,Data Engineer,Mid,3.0,Novacore AI,E-commerce,"London, UK",No,Full-time,"Power BI, Python, AWS",5000+,103000.0,68,2025-08-21
JOB03205,Data Scientist,Mid,3.0,Pulse Robotics,Consulting,"Bengaluru, India",No,Full-time,"TensorFlow, Deep Learning, Power BI, Python, AWS, SQL",51-200,62000.0,80,2025-10-19
JOB03206,Computer Vision Engineer,Mid,3.0,Fusion Analytics,Finance,"New York, USA",Yes,Full-time,"Deep Learning, Python, TensorFlow, Docker",5000+,154500.0,23,2026-05-13
JOB03207,NLP Engineer,Mid,3.0,Corelytics,Healthcare,Singapore,Yes,Full-time,"TensorFlow, Python, PyTorch, AWS, Spark, SQL",201-1000,93000.0,71,2026-01-11
JOB03209,Lead Data Engineer,Senior,6.0,Ironpeak Tech,Education,"Dublin, Ireland",No,Full-time,"Machine Learning, Generative AI, Kubernetes, MLOps, Spark",1001-5000,176000.0,73,2026-01-08
JOB03211,Senior Data Scientist,Senior,6.0,Corelytics,Education,"San Francisco, USA",Yes,Full-time,"GCP, AWS, MLOps, Deep Learning, Computer Vision",201-1000,199500.0,66,2026-04-20
JOB03212,Data Scientist,Mid,3.0,Horizon Cloud,Automotive,Remote,Yes,Full-time,"Python, NLP, Spark, Deep Learning, AWS, Generative AI",1-50,87500.0,17,2025-08-19
JOB03213,Principal Data Scientist,Senior,6.0,Novacore AI,E-commerce,"Sydney, Australia",No,Full-time,"Deep Learning, GCP, Azure, LLMs, Machine Learning",1-50,202000.0,121,2026-01-04
JOB03214,Computer Vision Engineer,Mid,3.0,Ironpeak Tech,E-commerce,Remote,Yes,Full-time,"Python, TensorFlow, Power BI, Deep Learning",201-1000,122000.0,19,2026-03-19
JOB03216,Computer Vision Engineer,Mid,3.0,Horizon Cloud,Finance,"New York, USA",No,Full-time,"Machine Learning, TensorFlow, AWS, Computer Vision",201-1000,111500.0,28,2026-05-30
JOB03217,BI Analyst,Entry,0.0,DataForge,Healthcare,"Berlin, Germany",No,Full-time,"Excel, Statistics, Tableau",51-200,65500.0,40,2025-08-06
JOB03218,Head of Analytics,Manager,10.0,Zenith Data Group,Technology,"Toronto, Canada",No,Full-time,"MLOps, GCP, LLMs, Generative AI, A/B Testing, Statistics",1001-5000,210000.0,8,2025-09-16
JOB03219,Data Engineer,Mid,3.0,Northstar Labs,Automotive,"Toronto, Canada",No,Full-time,"Spark, NLP, Machine Learning, PyTorch",1-50,122500.0,22,2025-08-28
JOB03220,Data Engineer I,Entry,0.0,Bluewave Tech,Education,"Toronto, Canada",Yes,Full-time,"Python, SQL, Statistics, Tableau, Excel, LLMs",1001-5000,73500.0,30,2026-04-27
JOB03221,Data Engineer I,Entry,0.0,Bluewave Tech,Manufacturing,"Dublin, Ireland",No,Full-time,"SQL, Data Visualization, Tableau, Statistics",5000+,62000.0,56,2026-01-26
JOB03222,Data Science Manager,Manager,10.0,Horizon Cloud,Telecommunications,"Toronto, Canada",No,Full-time,"A/B Testing, Generative AI, MLOps",51-200,179000.0,8,2025-07-05
JOB03223,Senior Data Scientist,Senior,6.0,Fusion Analytics,Education,"Austin, USA",No,Full-time,"LLMs, Machine Learning, Deep Learning, Tableau",201-1000,204000.0,46,2025-09-24
JOB03224,ML Engineer I,Entry,0.0,Zenith Data Group,Education,"San Francisco, USA",Yes,Full-time,"Statistics, Tableau, Excel, Python, Power BI",1-50,87500.0,28,2025-10-22
JOB03225,Senior ML Engineer,Senior,6.0,Novacore AI,E-commerce,"San Francisco, USA",Yes,Full-time,"Machine Learning, NLP, Kubernetes, Computer Vision, GCP, Generative AI",1-50,201500.0,41,2025-07-02
JOB03226,Data Analyst,Entry,0.0,Orbital Systems,Technology,"London, UK",No,Full-time,"Tableau, Statistics, Python, SQL, Excel",1-50,79500.0,144,2026-05-22
JOB03227,BI Analyst,Entry,0.0,Atlas Intelligence,Manufacturing,"Bengaluru, India",No,Full-time,"SQL, Data Visualization, Excel",1001-5000,26500.0,54,2026-06-19
JOB03228,Data Scientist,Mid,3.0,Meridian Software,Telecommunications,"Toronto, Canada",No,Full-time,"Python, SQL, Machine Learning",201-1000,106500.0,71,2025-09-30
JOB03229,Senior ML Engineer,Senior,6.0,Novacore AI,Gaming,"New York, USA",No,Contract,"NLP, Azure, LLMs, GCP, Deep Learning",51-200,190000.0,55,2025-09-21
JOB03231,Junior Data Scientist,Entry,0.0,Nexora AI,E-commerce,"Berlin, Germany",Yes,Full-time,"Python, Tableau, Data Visualization, Statistics",1001-5000,73000.0,73,2026-06-29
JOB03232,Data Scientist,Mid,3.0,Vertex Analytics,Telecommunications,"Dublin, Ireland",No,Full-time,"NLP, Power BI, TensorFlow",51-200,86000.0,53,2026-01-22
JOB03235,Head of AI,Manager,10.0,Skyline Data Co,Technology,"Berlin, Germany",Yes,Full-time,"GCP, MLOps, A/B Testing, Statistics, LLMs, Kubernetes",1-50,233500.0,87,2025-07-28
JOB03236,Senior Data Scientist,Senior,6.0,Meridian Software,Manufacturing,Singapore,No,Full-time,"NLP, MLOps, Generative AI, Deep Learning",201-1000,205500.0,38,2026-06-30
JOB03237,Principal Data Scientist,Senior,6.0,Quantum Insight,Technology,"Sydney, Australia",Yes,Contract,"Machine Learning, MLOps, Generative AI, Azure, Computer Vision",201-1000,206500.0,21,2026-06-20
JOB03238,AI Research Scientist,Senior,6.0,Nexora AI,Education,"Austin, USA",No,Full-time,"Kubernetes, MLOps, Machine Learning",51-200,147500.0,67,2025-07-11
JOB03239,BI Analyst,Entry,0.0,Horizon Cloud,Automotive,"Berlin, Germany",Yes,Full-time,"Excel, Python, Statistics, A/B Testing",51-200,66500.0,68,2026-03-08
JOB03240,Data Engineer I,Entry,0.0,Corelytics,Gaming,"Toronto, Canada",No,Full-time,"SQL, Tableau, Statistics",5000+,66500.0,24,2025-10-15
JOB03241,Junior Data Scientist,Entry,0.0,Bright Path AI,Gaming,"Toronto, Canada",No,Full-time,"Excel, Statistics, Python, Data Visualization",1-50,72000.0,130,2026-05-15
JOB03242,BI Analyst,Entry,0.0,Pulse Robotics,Education,"Dublin, Ireland",No,Full-time,"Excel, Tableau, Statistics, SQL",5000+,71000.0,15,2025-11-19
JOB03243,ML Engineer I,Entry,0.0,Nexora AI,Automotive,"San Francisco, USA",No,Full-time,"Excel, Data Visualization, Statistics, Airflow",201-1000,110000.0,43,2026-04-18
JOB03244,Data Science Manager,Manager,10.0,Vertex Analytics,Consulting,"Dublin, Ireland",No,Full-time,"GCP, A/B Testing, Statistics, LLMs, Generative AI, AWS",5000+,284500.0,37,2026-06-14
JOB03245,NLP Engineer,Mid,3.0,Northstar Labs,Finance,"Austin, USA",Yes,Part-time,"NLP, Machine Learning, SQL, PyTorch, Deep Learning",1-50,111000.0,27,2026-04-13
JOB03246,Junior Data Scientist,Entry,0.0,Quantum Insight,Education,"Dublin, Ireland",No,Contract,"Python, Excel, Statistics, SQL",1001-5000,55500.0,75,2025-11-15
JOB03247,Principal Data Scientist,Senior,6.0,Pulse Robotics,Finance,"New York, USA",Yes,Full-time,"Generative AI, Machine Learning, Computer Vision",51-200,164000.0,66,2026-04-28
JOB03248,Machine Learning Engineer,Mid,3.0,DataForge,Gaming,"San Francisco, USA",Yes,Full-time,"Deep Learning, Python, TensorFlow, NLP",201-1000,124000.0,2,2026-07-13
JOB03250,Staff AI Engineer,Senior,6.0,Pulse Robotics,Technology,"London, UK",Yes,Full-time,"Azure, Computer Vision, NLP, Generative AI, LLMs",1001-5000,172500.0,26,2026-01-29
JOB03251,Computer Vision Engineer,Mid,3.0,Silverline AI,E-commerce,"Berlin, Germany",No,Full-time,"Power BI, PyTorch, Python, Statistics",1001-5000,104000.0,9,2025-08-31
JOB03252,Data Scientist,Mid,3.0,Silverline AI,E-commerce,"Sydney, Australia",No,Full-time,"AWS, SQL, NLP",1001-5000,110000.0,30,2026-03-02
JOB03253,AI Engineer,Mid,3.0,Horizon Cloud,Finance,"Austin, USA",No,Contract,"TensorFlow, AWS, SQL, Python, NLP",5000+,108500.0,108,2026-07-09
JOB03254,Machine Learning Engineer,Mid,3.0,Northstar Labs,Manufacturing,Singapore,No,Full-time,"PyTorch, AWS, Deep Learning, SQL",5000+,100500.0,53,2026-07-04
JOB03256,Data Analyst,Entry,0.0,Ironpeak Tech,Gaming,Remote,Yes,Full-time,"Excel, Python, Data Visualization, SQL, Tableau",1001-5000,62500.0,23,2026-05-17
JOB03257,AI Research Assistant,Entry,0.0,Ironpeak Tech,Telecommunications,"Austin, USA",Yes,Full-time,"SQL, Python, Statistics, Tableau, Excel",1001-5000,80000.0,55,2026-07-05
JOB03258,Senior Data Scientist,Senior,6.0,Clearline Systems,Automotive,"New York, USA",Yes,Full-time,"Deep Learning, AWS, Generative AI",201-1000,223000.0,99,2026-04-27
JOB03259,Principal Data Scientist,Senior,6.0,Clearline Systems,Manufacturing,"Berlin, Germany",No,Full-time,"Machine Learning, GCP, Deep Learning",1-50,136500.0,38,2025-08-06
JOB03260,BI Analyst,Entry,0.0,Ironpeak Tech,Manufacturing,"Sydney, Australia",No,Full-time,"SQL, Statistics, Tableau, Data Visualization, Python",1-50,79500.0,77,2025-07-16
JOB03261,ML Engineer I,Entry,0.0,Meridian Software,Telecommunications,"Toronto, Canada",No,Full-time,"Excel, Data Visualization, Python, Statistics, SQL",201-1000,75500.0,8,2025-11-28
JOB03263,Data Science Manager,Manager,10.0,Quantum Insight,Manufacturing,"Berlin, Germany",No,Full-time,"LLMs, GCP, Generative AI",1001-5000,204000.0,56,2026-07-10
JOB03264,Staff AI Engineer,Senior,6.0,Clearline Systems,Manufacturing,"Berlin, Germany",No,Full-time,"AWS, NLP, Deep Learning, MLOps, A/B Testing",1001-5000,157500.0,25,2025-11-25
JOB03265,Senior ML Engineer,Senior,6.0,Novacore AI,E-commerce,Remote,Yes,Contract,"MLOps, Computer Vision, GCP, Generative AI",1001-5000,147000.0,52,2026-02-14
JOB03266,NLP Engineer,Mid,3.0,Orbital Systems,Automotive,Remote,Yes,Part-time,"AWS, TensorFlow, PyTorch, Machine Learning, SQL",51-200,102000.0,25,2026-06-23
JOB03267,ML Engineer I,Entry,0.0,Quantum Insight,Automotive,Singapore,Yes,Full-time,"Excel, Python, Data Visualization, SQL, Tableau, GCP",5000+,71000.0,12,2025-12-08
JOB03268,Machine Learning Engineer,Mid,3.0,Clearline Systems,Finance,"Berlin, Germany",No,Contract,"Python, Machine Learning, NLP, PyTorch, Spark",1-50,100500.0,59,2025-09-15
JOB03269,AI Engineer,Mid,3.0,Clearline Systems,Telecommunications,"San Francisco, USA",Yes,Full-time,"TensorFlow, AWS, Power BI, Spark, SQL",1001-5000,163500.0,20,2025-08-23
JOB03270,ML Engineer I,Entry,0.0,Horizon Cloud,Gaming,"Austin, USA",Yes,Full-time,"Data Visualization, Statistics, Excel, Python, SQL",1001-5000,85000.0,39,2025-09-03
JOB03271,Computer Vision Engineer,Mid,3.0,Horizon Cloud,Consulting,"New York, USA",No,Full-time,"Power BI, AWS, NLP, R",51-200,155000.0,46,2025-08-02
JOB03272,Analytics Engineer,Mid,3.0,Horizon Cloud,Automotive,Remote,Yes,Full-time,"Machine Learning, Power BI, TensorFlow",5000+,97000.0,52,2025-11-01
JOB03273,AI Research Assistant,Entry,0.0,DataForge,Gaming,"Dublin, Ireland",Yes,Full-time,"Tableau, Statistics, Data Visualization",201-1000,80000.0,73,2025-10-01
JOB03274,Machine Learning Engineer,Mid,3.0,Clearline Systems,Healthcare,"Bengaluru, India",Yes,Full-time,"TensorFlow, NLP, Deep Learning, SQL",1-50,56500.0,24,2025-12-17
JOB03275,NLP Engineer,Mid,3.0,Bluewave Tech,Technology,"Sydney, Australia",No,Full-time,"SQL, PyTorch, Deep Learning, Spark, Machine Learning",1001-5000,102000.0,32,2025-08-25
JOB03276,AI Research Assistant,Entry,0.0,Skyline Data Co,Automotive,"Dublin, Ireland",No,Full-time,"Python, Data Visualization, Statistics, AWS",1001-5000,83000.0,22,2026-04-10
JOB03277,Lead Data Engineer,Senior,6.0,Northstar Labs,E-commerce,"Sydney, Australia",Yes,Full-time,"MLOps, Computer Vision, GCP, AWS",1-50,179000.0,48,2025-10-21
JOB03278,Senior ML Engineer,Senior,6.0,Horizon Cloud,Healthcare,"San Francisco, USA",No,Contract,"Computer Vision, Machine Learning, Kubernetes",51-200,246500.0,11,2026-03-31
JOB03280,ML Engineer I,Entry,0.0,Corelytics,Gaming,"Bengaluru, India",No,Full-time,"Data Visualization, Statistics, Python",1-50,34500.0,78,2025-08-07
JOB03281,Senior Data Scientist,Senior,6.0,Corelytics,Finance,"San Francisco, USA",Yes,Full-time,"GCP, Generative AI, Machine Learning, MLOps, Computer Vision",5000+,197000.0,36,2026-02-22
JOB03282,Data Analyst,Entry,0.0,Pulse Robotics,E-commerce,"Dublin, Ireland",No,Full-time,"Data Visualization, Statistics, SQL, Excel, Python, GCP",51-200,63000.0,50,2026-04-09
JOB03283,Data Science Manager,Manager,10.0,Bright Path AI,Manufacturing,"Sydney, Australia",No,Part-time,"AWS, A/B Testing, GCP, Kubernetes",1-50,279000.0,47,2026-04-23
JOB03284,Data Analyst,Entry,0.0,Novacore AI,Gaming,"New York, USA",No,Full-time,"Data Visualization, Python, SQL, Tableau, Statistics",51-200,86500.0,45,2026-06-26
JOB03285,AI Research Assistant,Entry,0.0,Novacore AI,Consulting,Singapore,Yes,Full-time,"SQL, Statistics, Data Visualization, Python, Excel",5000+,62500.0,68,2025-08-16
JOB03286,Data Engineer,Mid,3.0,Northstar Labs,Technology,"Berlin, Germany",No,Full-time,"SQL, Deep Learning, Power BI",51-200,77000.0,38,2025-11-05
JOB03287,Data Engineer,Mid,3.0,Silverline AI,Telecommunications,"Toronto, Canada",Yes,Full-time,"Deep Learning, TensorFlow, PyTorch, Spark, Kubernetes",1001-5000,82500.0,26,2026-01-30
JOB03288,Senior Data Scientist,Senior,6.0,Novacore AI,Finance,"New York, USA",No,Full-time,"Generative AI, Deep Learning, MLOps, SQL",201-1000,184000.0,57,2026-01-24
JOB03290,ML Engineer I,Entry,0.0,Horizon Cloud,Technology,Remote,Yes,Full-time,"Tableau, Excel, Statistics",1001-5000,82000.0,7,2025-07-09
JOB03291,Head of AI,Manager,10.0,Atlas Intelligence,Manufacturing,"Berlin, Germany",Yes,Full-time,"LLMs, AWS, MLOps, Tableau",1-50,170500.0,9,2025-07-03
JOB03292,Staff AI Engineer,Senior,6.0,Orbital Systems,E-commerce,Singapore,Yes,Full-time,"Computer Vision, Azure, NLP",5000+,178500.0,14,2026-02-01
JOB03293,Analytics Engineer,Mid,3.0,Skyline Data Co,Automotive,"San Francisco, USA",No,Full-time,"AWS, PyTorch, NLP, Python",1-50,135000.0,90,2026-01-30
JOB03294,Analytics Engineer,Mid,3.0,Vertex Analytics,Finance,"Austin, USA",No,Full-time,"Power BI, NLP, Deep Learning",5000+,100500.0,36,2025-09-12
JOB03295,AI Research Assistant,Entry,0.0,Bright Path AI,E-commerce,"Austin, USA",No,Part-time,"Python, Tableau, Data Visualization, Statistics, AWS",201-1000,75500.0,128,2026-04-17
JOB03296,Machine Learning Engineer,Mid,3.0,DataForge,Consulting,"Toronto, Canada",Yes,Full-time,"Power BI, AWS, Machine Learning, PyTorch",1-50,105500.0,133,2026-03-21
JOB03298,Computer Vision Engineer,Mid,3.0,Clearline Systems,Healthcare,Remote,Yes,Full-time,"Python, SQL, TensorFlow",5000+,129500.0,35,2025-10-31
JOB03299,Data Analyst,Entry,0.0,Atlas Intelligence,Consulting,"New York, USA",No,Full-time,"Statistics, Tableau, Python, Data Visualization, SQL",1-50,74000.0,47,2026-02-26
JOB03300,Senior Data Scientist,Senior,6.0,Silverline AI,Consulting,"New York, USA",No,Full-time,"Deep Learning, AWS, Azure, MLOps",1-50,221000.0,8,2025-09-20
JOB03301,NLP Engineer,Mid,3.0,DataForge,Healthcare,"Bengaluru, India",Yes,Full-time,"AWS, NLP, Machine Learning",1001-5000,61500.0,26,2025-08-13
JOB03302,Data Analyst,Entry,0.0,Nexora AI,Technology,"Sydney, Australia",No,Full-time,"SQL, Python, Data Visualization, Tableau, Excel, A/B Testing",1-50,81000.0,33,2026-01-06
JOB03303,Director of Data Science,Manager,10.0,Fusion Analytics,Automotive,Singapore,No,Contract,"Statistics, MLOps, AWS",201-1000,305000.0,139,2026-04-07
JOB03304,Analytics Engineer,Mid,3.0,Atlas Intelligence,Finance,"New York, USA",No,Full-time,"SQL, Python, Deep Learning, Power BI, Machine Learning",201-1000,157500.0,71,2026-01-06
JOB03305,NLP Engineer,Mid,3.0,Ironpeak Tech,E-commerce,Singapore,No,Full-time,"PyTorch, TensorFlow, Machine Learning, NLP, AWS",51-200,124000.0,8,2025-07-27
JOB03306,Computer Vision Engineer,Mid,3.0,Pulse Robotics,Technology,"Toronto, Canada",No,Full-time,"SQL, Spark, TensorFlow, Python, AWS",51-200,121500.0,25,2026-06-10
JOB03307,Head of AI,Manager,10.0,Horizon Cloud,Technology,"Austin, USA",Yes,Full-time,"GCP, MLOps, LLMs, AWS",51-200,327500.0,34,2025-08-27
JOB03308,Junior Data Scientist,Entry,0.0,Nexora AI,Finance,"Bengaluru, India",No,Full-time,"Excel, Python, Data Visualization, SQL",51-200,37000.0,29,2025-10-14
JOB03309,Data Analyst,Entry,0.0,Meridian Software,Manufacturing,Remote,Yes,Full-time,"Excel, Statistics, SQL, Python, Tableau",201-1000,71000.0,61,2026-01-29
JOB03310,Data Engineer I,Entry,0.0,Bright Path AI,Healthcare,"San Francisco, USA",Yes,Full-time,"Python, Data Visualization, Tableau, SQL, Statistics",5000+,97000.0,22,2025-09-06
JOB03311,ML Engineer I,Entry,0.0,Vertex Analytics,Automotive,"New York, USA",No,Full-time,"Excel, Statistics, Python, Generative AI",5000+,96500.0,62,2025-08-31
JOB03312,BI Analyst,Entry,0.0,Atlas Intelligence,Healthcare,"Sydney, Australia",Yes,Full-time,"Python, SQL, Tableau, Data Visualization, Deep Learning",5000+,78500.0,55,2025-07-30
JOB03313,Analytics Engineer,Mid,3.0,Northstar Labs,Healthcare,Singapore,Yes,Contract,"Power BI, Machine Learning, TensorFlow, Computer Vision",1001-5000,140000.0,66,2026-05-31
JOB03314,Director of Data Science,Manager,10.0,Corelytics,E-commerce,"Austin, USA",No,Full-time,"Statistics, A/B Testing, AWS, LLMs",5000+,201500.0,33,2025-12-11
JOB03315,Computer Vision Engineer,Mid,3.0,Novacore AI,Telecommunications,"Sydney, Australia",No,Full-time,"TensorFlow, Machine Learning, PyTorch, AWS",1-50,132000.0,34,2026-05-11
JOB03317,Senior ML Engineer,Senior,6.0,Zenith Data Group,Technology,"Austin, USA",No,Full-time,"NLP, GCP, Azure, Deep Learning, LLMs",5000+,149500.0,57,2026-03-23
JOB03318,VP of Machine Learning,Manager,10.0,Corelytics,Telecommunications,Remote,Yes,Full-time,"Generative AI, Statistics, A/B Testing, LLMs, MLOps, Spark",5000+,250000.0,64,2025-08-15
JOB03319,Director of Data Science,Manager,10.0,Novacore AI,E-commerce,"Toronto, Canada",Yes,Part-time,"Statistics, GCP, AWS, LLMs",201-1000,242500.0,79,2025-08-19
JOB03320,Data Engineer I,Entry,0.0,Atlas Intelligence,Manufacturing,"New York, USA",No,Full-time,"Tableau, Statistics, Excel",51-200,79000.0,23,2026-01-20
JOB03321,Data Engineer I,Entry,0.0,Skyline Data Co,Automotive,Singapore,Yes,Full-time,"Excel, Python, Data Visualization, Statistics",201-1000,58500.0,55,2025-08-03
JOB03322,Computer Vision Engineer,Mid,3.0,Vertex Analytics,Education,Singapore,Yes,Contract,"Deep Learning, SQL, Power BI",1-50,95000.0,19,2026-07-03
JOB03323,Lead Data Engineer,Senior,6.0,Horizon Cloud,Healthcare,"San Francisco, USA",Yes,Full-time,"Generative AI, Azure, LLMs, Deep Learning, Computer Vision, Power BI",1001-5000,186000.0,17,2025-07-13
JOB03324,Data Engineer I,Entry,0.0,Quantum Insight,Manufacturing,"Dublin, Ireland",No,Full-time,"SQL, Tableau, Excel, Statistics, MLOps",5000+,58500.0,85,2026-06-15
JOB03326,AI Research Scientist,Senior,6.0,DataForge,Healthcare,"Dublin, Ireland",No,Full-time,"Machine Learning, Generative AI, Azure, Computer Vision, GCP",51-200,154000.0,8,2026-03-26
JOB03327,BI Analyst,Entry,0.0,Ironpeak Tech,Manufacturing,"Dublin, Ireland",No,Full-time,"SQL, Python, Statistics, Deep Learning",5000+,64000.0,75,2026-02-18
JOB03328,BI Analyst,Entry,0.0,Bright Path AI,Automotive,Remote,Yes,Full-time,"Statistics, Data Visualization, SQL, Kubernetes",201-1000,69500.0,26,2025-08-15
JOB03330,AI Engineer,Mid,3.0,Horizon Cloud,Gaming,Singapore,No,Full-time,"Power BI, Python, PyTorch, NLP",201-1000,101000.0,6,2026-03-18
JOB03331,Data Scientist,Mid,3.0,DataForge,Telecommunications,"London, UK",Yes,Full-time,"TensorFlow, SQL, Deep Learning, AWS, NLP",51-200,142500.0,59,2026-05-28
JOB03332,Principal Data Scientist,Senior,6.0,Pulse Robotics,E-commerce,Singapore,No,Full-time,"MLOps, Computer Vision, Kubernetes, NLP",51-200,175500.0,90,2026-02-24
JOB03333,Data Scientist,Mid,3.0,Clearline Systems,E-commerce,"Dublin, Ireland",Yes,Full-time,"SQL, Machine Learning, Python",201-1000,120000.0,7,2026-07-07
JOB03334,Senior Data Scientist,Senior,6.0,Ironpeak Tech,Technology,"Bengaluru, India",No,Full-time,"Computer Vision, Kubernetes, Machine Learning",201-1000,81500.0,58,2026-06-02
JOB03335,Machine Learning Engineer,Mid,3.0,Silverline AI,E-commerce,"London, UK",No,Full-time,"Spark, Deep Learning, Machine Learning",201-1000,131500.0,15,2025-11-05
JOB03336,Computer Vision Engineer,Mid,3.0,Corelytics,Telecommunications,"New York, USA",Yes,Full-time,"Power BI, PyTorch, Deep Learning, Python",1-50,160500.0,68,2025-12-21
JOB03337,Junior Data Scientist,Entry,0.0,Quantum Insight,Healthcare,"Bengaluru, India",No,Full-time,"Python, Tableau, Data Visualization, Statistics, SQL",1001-5000,32500.0,49,2026-02-12
JOB03338,Senior ML Engineer,Senior,6.0,Zenith Data Group,Gaming,"Sydney, Australia",Yes,Full-time,"Computer Vision, AWS, Kubernetes",1001-5000,183000.0,43,2025-11-20
JOB03339,VP of Machine Learning,Manager,10.0,Fusion Analytics,Finance,Remote,Yes,Full-time,"AWS, Generative AI, A/B Testing, MLOps, Deep Learning",201-1000,226000.0,59,2025-09-27
JOB03340,Analytics Engineer,Mid,3.0,Meridian Software,Manufacturing,Remote,Yes,Full-time,"NLP, TensorFlow, Machine Learning, SQL",1001-5000,125000.0,77,2025-11-03
JOB03341,Head of Analytics,Manager,10.0,Northstar Labs,Automotive,"Bengaluru, India",Yes,Full-time,"MLOps, AWS, Generative AI, Computer Vision",201-1000,125000.0,52,2025-10-27
JOB03342,AI Research Assistant,Entry,0.0,Pulse Robotics,Telecommunications,"New York, USA",No,Full-time,"Python, SQL, Excel, Data Visualization, Statistics, Spark",5000+,71000.0,187,2026-01-17
JOB03343,Computer Vision Engineer,Mid,3.0,Atlas Intelligence,E-commerce,Singapore,No,Full-time,"Spark, Machine Learning, NLP, Python, SQL",5000+,104500.0,27,2026-06-30
JOB03344,Director of Data Science,Manager,10.0,Corelytics,Automotive,Singapore,Yes,Full-time,"GCP, MLOps, A/B Testing, Generative AI",201-1000,281500.0,35,2026-05-15
JOB03345,Analytics Engineer,Mid,3.0,Zenith Data Group,Telecommunications,"Sydney, Australia",Yes,Full-time,"PyTorch, Power BI, SQL, NLP, TensorFlow",201-1000,131500.0,46,2026-05-29
JOB03346,Junior Data Scientist,Entry,0.0,DataForge,Consulting,"Sydney, Australia",No,Full-time,"Excel, Python, SQL, Data Visualization",1001-5000,57500.0,126,2026-02-03
JOB03347,Data Analyst,Entry,0.0,Pulse Robotics,E-commerce,"Austin, USA",Yes,Full-time,"Statistics, Excel, Data Visualization, SQL, Kubernetes",201-1000,87000.0,48,2026-03-14
JOB03348,AI Research Assistant,Entry,0.0,Atlas Intelligence,Technology,"Dublin, Ireland",No,Full-time,"Tableau, Statistics, Python, SQL",201-1000,55000.0,47,2025-10-17
JOB03349,Data Analyst,Entry,0.0,Bright Path AI,Consulting,"Bengaluru, India",No,Full-time,"Tableau, Statistics, SQL, Python, Excel",51-200,29500.0,175,2025-11-08
JOB03350,VP of Machine Learning,Manager,10.0,Corelytics,Manufacturing,"Austin, USA",No,Full-time,"Generative AI, Statistics, LLMs, GCP, A/B Testing",1-50,203000.0,75,2026-01-17
JOB03351,AI Research Scientist,Senior,6.0,Orbital Systems,Finance,"London, UK",Yes,Full-time,"NLP, Machine Learning, AWS, Kubernetes",51-200,177000.0,81,2025-09-08
JOB03352,Data Analyst,Entry,0.0,Orbital Systems,Manufacturing,"San Francisco, USA",No,Full-time,"Data Visualization, SQL, Excel, PyTorch",5000+,107500.0,123,2026-07-11
JOB03353,BI Analyst,Entry,0.0,Northstar Labs,E-commerce,"Sydney, Australia",No,Full-time,"SQL, Tableau, Excel, Data Visualization, Statistics",201-1000,61500.0,23,2025-12-09
JOB03354,Machine Learning Engineer,Mid,3.0,Nexora AI,Telecommunications,Singapore,No,Full-time,"Python, Spark, AWS, Azure",51-200,113500.0,17,2025-09-06
JOB03355,Data Engineer I,Entry,0.0,Vertex Analytics,Manufacturing,"London, UK",No,Contract,"Data Visualization, SQL, Tableau",5000+,62500.0,16,2025-07-13
JOB03356,Lead Data Engineer,Senior,6.0,Zenith Data Group,Gaming,Singapore,No,Full-time,"AWS, Generative AI, Azure",201-1000,176500.0,26,2025-12-26
JOB03357,Machine Learning Engineer,Mid,3.0,Bright Path AI,Finance,"San Francisco, USA",No,Full-time,"NLP, SQL, Machine Learning",1001-5000,149500.0,56,2025-11-26
JOB03358,Senior ML Engineer,Senior,6.0,Novacore AI,Finance,"Dublin, Ireland",No,Full-time,"Deep Learning, AWS, Generative AI, Airflow",1-50,154500.0,47,2026-04-04
JOB03359,Data Engineer,Mid,3.0,Clearline Systems,Healthcare,"London, UK",No,Full-time,"Deep Learning, Python, PyTorch",201-1000,140500.0,46,2026-05-27
JOB03360,Machine Learning Engineer,Mid,3.0,Fusion Analytics,Healthcare,"San Francisco, USA",No,Full-time,"Deep Learning, SQL, PyTorch",5000+,172500.0,24,2026-02-13
JOB03361,AI Engineer,Mid,3.0,Clearline Systems,Manufacturing,"Berlin, Germany",No,Full-time,"Machine Learning, Deep Learning, PyTorch, TensorFlow",201-1000,109500.0,89,2026-04-03
JOB03362,Senior ML Engineer,Senior,6.0,Clearline Systems,Gaming,"Austin, USA",No,Full-time,"Kubernetes, Machine Learning, MLOps",51-200,169500.0,108,2025-08-06
JOB03363,Machine Learning Engineer,Mid,3.0,Meridian Software,Consulting,"Sydney, Australia",Yes,Full-time,"AWS, Python, PyTorch, TensorFlow, Data Visualization",51-200,91000.0,36,2026-03-15
JOB03364,NLP Engineer,Mid,3.0,Vertex Analytics,Healthcare,"Toronto, Canada",No,Full-time,"Deep Learning, Python, Spark, AWS, PyTorch",1-50,110000.0,28,2026-06-13
JOB03365,VP of Machine Learning,Manager,10.0,Pulse Robotics,Technology,"Austin, USA",Yes,Full-time,"A/B Testing, MLOps, GCP",201-1000,214500.0,84,2026-06-24
JOB03366,NLP Engineer,Mid,3.0,Skyline Data Co,Telecommunications,"Dublin, Ireland",No,Part-time,"Python, TensorFlow, SQL, Power BI, AWS",201-1000,87000.0,20,2026-06-30
JOB03367,Data Engineer,Mid,3.0,Horizon Cloud,E-commerce,"New York, USA",No,Full-time,"Deep Learning, Machine Learning, TensorFlow",201-1000,148000.0,21,2026-06-15
JOB03368,Data Engineer I,Entry,0.0,Bright Path AI,Technology,"Austin, USA",No,Full-time,"Data Visualization, SQL, Python, Statistics, Tableau, Kubernetes",201-1000,82500.0,111,2026-04-10
JOB03369,Data Engineer,Mid,3.0,Novacore AI,Gaming,Singapore,No,Full-time,"SQL, Spark, AWS, NLP, Azure",201-1000,99500.0,18,2025-09-14
JOB03370,BI Analyst,Entry,0.0,Nexora AI,Healthcare,"Austin, USA",No,Full-time,"Statistics, Data Visualization, Python",1-50,59500.0,55,2026-04-13
JOB03371,Data Engineer,Mid,3.0,Novacore AI,Telecommunications,"Bengaluru, India",Yes,Full-time,"Machine Learning, PyTorch, SQL, AWS, TensorFlow, Airflow",201-1000,60000.0,46,2026-01-11
JOB03372,ML Engineer I,Entry,0.0,Atlas Intelligence,Consulting,"Toronto, Canada",No,Full-time,"Excel, Tableau, Data Visualization, Python, SQL",1-50,70500.0,3,2025-09-17
JOB03373,Director of Data Science,Manager,10.0,Novacore AI,Gaming,"San Francisco, USA",Yes,Contract,"Statistics, AWS, Generative AI, MLOps",201-1000,295500.0,108,2026-01-11
JOB03374,BI Analyst,Entry,0.0,Fusion Analytics,Telecommunications,"Berlin, Germany",Yes,Full-time,"Excel, Data Visualization, SQL, Statistics, R",51-200,75000.0,44,2025-12-10
JOB03375,ML Engineer I,Entry,0.0,Nexora AI,Consulting,"Toronto, Canada",Yes,Full-time,"Statistics, Python, SQL",51-200,54000.0,22,2026-07-07
JOB03376,Data Engineer,Mid,3.0,Fusion Analytics,Technology,"Berlin, Germany",No,Full-time,"NLP, Spark, TensorFlow, Deep Learning, Power BI, R",1001-5000,90000.0,28,2025-11-11
JOB03377,Staff AI Engineer,Senior,6.0,Vertex Analytics,Manufacturing,"London, UK",Yes,Full-time,"Azure, MLOps, Kubernetes, Generative AI, NLP, Python",1001-5000,164500.0,6,2026-02-01
JOB03378,AI Research Scientist,Senior,6.0,Quantum Insight,Manufacturing,"London, UK",No,Full-time,"Computer Vision, MLOps, Azure, LLMs",201-1000,198500.0,30,2025-12-11
JOB03379,NLP Engineer,Mid,3.0,Pulse Robotics,Manufacturing,"Austin, USA",Yes,Full-time,"SQL, PyTorch, Spark, Deep Learning, NLP, A/B Testing",1001-5000,107000.0,18,2025-10-28
JOB03380,Analytics Engineer,Mid,3.0,Skyline Data Co,E-commerce,"Toronto, Canada",No,Full-time,"Deep Learning, TensorFlow, Python, PyTorch",51-200,100500.0,13,2025-12-04
JOB03381,Computer Vision Engineer,Mid,3.0,Bright Path AI,Healthcare,"Bengaluru, India",Yes,Full-time,"Spark, PyTorch, Machine Learning, Excel",201-1000,57500.0,127,2025-12-24
JOB03382,Staff AI Engineer,Senior,6.0,Vertex Analytics,Finance,"San Francisco, USA",No,Full-time,"NLP, Kubernetes, LLMs, Computer Vision",1-50,215000.0,26,2026-01-20
JOB03383,Data Scientist,Mid,3.0,Zenith Data Group,E-commerce,"Bengaluru, India",No,Full-time,"SQL, NLP, Python, Deep Learning, Spark",201-1000,45500.0,46,2026-04-27
JOB03384,AI Research Scientist,Senior,6.0,Clearline Systems,Finance,Singapore,No,Full-time,"NLP, Generative AI, Kubernetes",201-1000,205500.0,55,2025-12-20
JOB03385,AI Research Assistant,Entry,0.0,Bright Path AI,Consulting,"New York, USA",Yes,Full-time,"Data Visualization, Excel, Statistics, Tableau",1001-5000,95500.0,68,2025-07-17
JOB03386,Staff AI Engineer,Senior,6.0,Skyline Data Co,Technology,"Austin, USA",Yes,Full-time,"MLOps, Generative AI, LLMs",201-1000,173500.0,109,2026-02-26
JOB03387,NLP Engineer,Mid,3.0,Bright Path AI,Automotive,"New York, USA",No,Full-time,"Deep Learning, Spark, PyTorch, Kubernetes",201-1000,107500.0,6,2026-04-25
JOB03388,Senior ML Engineer,Senior,6.0,Pulse Robotics,E-commerce,"Austin, USA",No,Contract,"MLOps, GCP, Azure, Computer Vision, LLMs, NLP",201-1000,214500.0,84,2026-05-25
JOB03389,Data Engineer,Mid,3.0,Meridian Software,Telecommunications,"Bengaluru, India",No,Full-time,"Power BI, Deep Learning, TensorFlow",51-200,46500.0,28,2025-11-19
JOB03390,Data Scientist,Mid,3.0,Northstar Labs,Automotive,Singapore,No,Full-time,"Power BI, Deep Learning, NLP, TensorFlow, Machine Learning",51-200,137000.0,129,2025-07-16
JOB03391,Data Scientist,Mid,3.0,DataForge,Healthcare,"San Francisco, USA",No,Contract,"TensorFlow, AWS, Deep Learning, SQL, PyTorch",5000+,167000.0,27,2026-04-22
JOB03392,Head of AI,Manager,10.0,Bluewave Tech,Finance,"Berlin, Germany",No,Contract,"LLMs, GCP, Statistics, A/B Testing",1-50,166500.0,50,2026-05-20
JOB03393,Computer Vision Engineer,Mid,3.0,Fusion Analytics,Telecommunications,"Berlin, Germany",No,Full-time,"Python, SQL, Deep Learning, TensorFlow, PyTorch",5000+,109000.0,28,2025-12-21
JOB03394,Data Engineer I,Entry,0.0,Horizon Cloud,Healthcare,"London, UK",Yes,Full-time,"Data Visualization, Python, Statistics, SQL",201-1000,70000.0,47,2026-01-03
JOB03395,NLP Engineer,Mid,3.0,Skyline Data Co,Automotive,"San Francisco, USA",No,Contract,"TensorFlow, PyTorch, Python",51-200,169500.0,74,2026-05-21
JOB03396,Machine Learning Engineer,Mid,3.0,Northstar Labs,Manufacturing,"London, UK",No,Contract,"SQL, Deep Learning, AWS, Data Visualization",1-50,94500.0,48,2026-02-22
JOB03397,Principal Data Scientist,Senior,6.0,Fusion Analytics,Finance,Remote,Yes,Full-time,"AWS, GCP, Computer Vision",201-1000,161500.0,31,2025-09-14
JOB03398,Principal Data Scientist,Senior,6.0,Corelytics,Consulting,Singapore,Yes,Full-time,"MLOps, Kubernetes, AWS, Azure",1001-5000,185500.0,81,2026-02-28
JOB03399,ML Engineer I,Entry,0.0,Vertex Analytics,Gaming,"Toronto, Canada",No,Full-time,"Python, Tableau, Excel, SQL, Statistics",1001-5000,68000.0,44,2026-01-16
JOB03400,Data Analyst,Entry,0.0,Quantum Insight,E-commerce,"Sydney, Australia",Yes,Full-time,"Python, Tableau, Excel, LLMs",1-50,87500.0,71,2026-06-27
JOB03401,Data Engineer,Mid,3.0,Horizon Cloud,Gaming,"New York, USA",No,Full-time,"Python, Power BI, Machine Learning, SQL",5000+,141500.0,12,2025-07-04
JOB03402,Junior Data Scientist,Entry,0.0,Skyline Data Co,Automotive,"London, UK",Yes,Part-time,"Statistics, Data Visualization, Excel, Generative AI",51-200,75000.0,80,2025-10-24
JOB03404,Machine Learning Engineer,Mid,3.0,Pulse Robotics,Automotive,"London, UK",No,Full-time,"PyTorch, NLP, Power BI, Spark, TensorFlow",51-200,119500.0,56,2026-07-14
JOB03405,AI Engineer,Mid,3.0,Vertex Analytics,Finance,"Dublin, Ireland",Yes,Full-time,"PyTorch, SQL, TensorFlow",51-200,99000.0,29,2025-11-11
JOB03406,Staff AI Engineer,Senior,6.0,Skyline Data Co,Education,"San Francisco, USA",Yes,Full-time,"NLP, Machine Learning, LLMs, Computer Vision, Deep Learning, PyTorch",5000+,205500.0,27,2025-11-03
JOB03407,Data Engineer,Mid,3.0,Fusion Analytics,Automotive,"Sydney, Australia",No,Full-time,"NLP, TensorFlow, Spark, Python, Power BI",51-200,94000.0,58,2025-09-29
JOB03408,Principal Data Scientist,Senior,6.0,Fusion Analytics,Gaming,"Bengaluru, India",No,Full-time,"Kubernetes, Azure, LLMs, NLP, AWS, Data Visualization",51-200,80500.0,17,2026-03-29
JOB03409,AI Engineer,Mid,3.0,Fusion Analytics,Healthcare,"New York, USA",Yes,Contract,"AWS, TensorFlow, Python, Power BI, PyTorch, GCP",5000+,131000.0,101,2026-06-11
JOB03410,AI Engineer,Mid,3.0,Atlas Intelligence,Consulting,"Dublin, Ireland",No,Full-time,"NLP, Power BI, PyTorch, AWS",1-50,118500.0,58,2025-08-11
JOB03411,Lead Data Engineer,Senior,6.0,Bright Path AI,Manufacturing,"Austin, USA",Yes,Full-time,"Azure, NLP, Deep Learning, LLMs",51-200,168500.0,69,2026-06-21
JOB03412,Computer Vision Engineer,Mid,3.0,Pulse Robotics,Healthcare,Singapore,Yes,Full-time,"AWS, PyTorch, SQL, Machine Learning",51-200,123000.0,13,2026-04-29
JOB03414,Principal Data Scientist,Senior,6.0,Horizon Cloud,Healthcare,"Berlin, Germany",Yes,Contract,"NLP, Azure, MLOps, Power BI",201-1000,158000.0,19,2025-08-17
JOB03415,AI Research Scientist,Senior,6.0,Meridian Software,Healthcare,"San Francisco, USA",Yes,Full-time,"MLOps, NLP, Computer Vision, Azure, Kubernetes",201-1000,194500.0,46,2026-02-17
JOB03416,Lead Data Engineer,Senior,6.0,Novacore AI,Manufacturing,"Berlin, Germany",No,Full-time,"MLOps, Kubernetes, Computer Vision",5000+,175000.0,51,2026-03-12
JOB03417,Analytics Engineer,Mid,3.0,Zenith Data Group,Education,Remote,Yes,Full-time,"PyTorch, TensorFlow, NLP, SQL, Power BI, Azure",1001-5000,114000.0,131,2025-10-28
JOB03418,Machine Learning Engineer,Mid,3.0,Horizon Cloud,Healthcare,"Sydney, Australia",No,Part-time,"Python, Power BI, NLP, AWS",201-1000,99500.0,50,2025-11-01
JOB03419,Principal Data Scientist,Senior,6.0,Quantum Insight,Telecommunications,"London, UK",No,Full-time,"LLMs, MLOps, Azure, Generative AI, GCP",51-200,168000.0,34,2025-09-20
JOB03420,Senior Data Scientist,Senior,6.0,Bluewave Tech,Education,"London, UK",No,Full-time,"MLOps, Machine Learning, AWS, NLP, LLMs",51-200,196000.0,73,2026-03-13
JOB03421,Data Engineer,Mid,3.0,Skyline Data Co,Manufacturing,Singapore,Yes,Full-time,"Machine Learning, AWS, PyTorch, Python, Power BI",1-50,124500.0,29,2025-12-17
JOB03422,Machine Learning Engineer,Mid,3.0,DataForge,Manufacturing,"Sydney, Australia",Yes,Full-time,"PyTorch, Deep Learning, Python, NLP, SQL",51-200,122000.0,30,2025-10-04
JOB03424,Head of Analytics,Manager,10.0,Horizon Cloud,Automotive,"London, UK",No,Part-time,"LLMs, AWS, MLOps, Airflow",51-200,219000.0,85,2025-08-26
JOB03426,Staff AI Engineer,Senior,6.0,Bright Path AI,Education,"Bengaluru, India",Yes,Full-time,"AWS, MLOps, Generative AI, Computer Vision, GCP",201-1000,90500.0,15,2025-08-27
JOB03427,Principal Data Scientist,Senior,6.0,Zenith Data Group,E-commerce,"Sydney, Australia",No,Full-time,"GCP, Deep Learning, LLMs, MLOps, Azure, Statistics",1-50,172000.0,93,2026-02-23
JOB03428,Analytics Engineer,Mid,3.0,Northstar Labs,Healthcare,"London, UK",Yes,Full-time,"TensorFlow, AWS, Machine Learning, SQL",51-200,114500.0,143,2025-07-22
JOB03429,NLP Engineer,Mid,3.0,Nexora AI,E-commerce,"San Francisco, USA",No,Full-time,"SQL, Machine Learning, AWS, TensorFlow",51-200,128500.0,34,2025-11-07
JOB03430,BI Analyst,Entry,0.0,Atlas Intelligence,Finance,"Sydney, Australia",No,Full-time,"Data Visualization, Statistics, SQL",1-50,56000.0,76,2025-11-25
JOB03431,Data Engineer I,Entry,0.0,Orbital Systems,Technology,"New York, USA",No,Full-time,"SQL, Excel, Python, Statistics",51-200,86500.0,18,2026-03-21
JOB03432,BI Analyst,Entry,0.0,Pulse Robotics,Technology,"New York, USA",No,Full-time,"SQL, Tableau, Excel, Statistics, Docker",201-1000,96000.0,71,2026-06-08
JOB03434,AI Research Assistant,Entry,0.0,Fusion Analytics,Education,"Berlin, Germany",No,Full-time,"Statistics, Data Visualization, Python, SQL, Tableau, NLP",1001-5000,58500.0,31,2026-01-10
JOB03435,Head of Analytics,Manager,10.0,Zenith Data Group,Gaming,"London, UK",No,Full-time,"Statistics, LLMs, Generative AI",1001-5000,248500.0,30,2025-11-17
JOB03436,Data Engineer I,Entry,0.0,Quantum Insight,Technology,Remote,Yes,Full-time,"Tableau, Excel, Statistics",5000+,59500.0,17,2025-10-28
JOB03437,Senior Data Scientist,Senior,6.0,Northstar Labs,Manufacturing,"New York, USA",No,Full-time,"Computer Vision, NLP, Kubernetes",51-200,239000.0,120,2026-04-02
JOB03438,Junior Data Scientist,Entry,0.0,Nexora AI,Education,"Bengaluru, India",No,Part-time,"Statistics, Python, Tableau, SQL",201-1000,37500.0,49,2025-08-01
JOB03439,Data Scientist,Mid,3.0,Skyline Data Co,Education,"Sydney, Australia",Yes,Full-time,"TensorFlow, PyTorch, SQL, Deep Learning, NLP",1001-5000,140000.0,22,2026-04-30
JOB03440,BI Analyst,Entry,0.0,Pulse Robotics,Automotive,"London, UK",No,Full-time,"Python, Data Visualization, Excel, SQL, Kubernetes",1001-5000,79500.0,70,2025-11-07
JOB03441,Senior Data Scientist,Senior,6.0,Fusion Analytics,Finance,"Toronto, Canada",Yes,Full-time,"Generative AI, Azure, Machine Learning, NLP, LLMs",1-50,174000.0,167,2025-11-13
JOB03442,Data Engineer,Mid,3.0,Orbital Systems,E-commerce,"Austin, USA",No,Full-time,"NLP, Power BI, AWS",5000+,115500.0,27,2025-09-06
JOB03443,Principal Data Scientist,Senior,6.0,Zenith Data Group,Automotive,"London, UK",Yes,Full-time,"Kubernetes, Generative AI, MLOps, Computer Vision, Azure",1001-5000,215000.0,40,2025-11-25
JOB03444,BI Analyst,Entry,0.0,Zenith Data Group,E-commerce,"New York, USA",Yes,Full-time,"Data Visualization, Excel, Statistics",201-1000,86500.0,32,2025-11-27
JOB03445,Lead Data Engineer,Senior,6.0,Silverline AI,E-commerce,"Austin, USA",No,Contract,"NLP, Deep Learning, Azure, MLOps, LLMs, SQL",51-200,152000.0,24,2026-05-30
JOB03446,Analytics Engineer,Mid,3.0,Skyline Data Co,Finance,"Sydney, Australia",No,Full-time,"AWS, PyTorch, Python, TensorFlow",1-50,97500.0,83,2025-11-24
JOB03447,ML Engineer I,Entry,0.0,Clearline Systems,Healthcare,"New York, USA",Yes,Full-time,"Python, Data Visualization, SQL, Statistics",201-1000,82000.0,12,2025-11-12
JOB03448,NLP Engineer,Mid,3.0,DataForge,Education,"Bengaluru, India",Yes,Full-time,"TensorFlow, Python, Power BI, PyTorch",1001-5000,41500.0,93,2025-11-12
JOB03449,AI Research Assistant,Entry,0.0,Atlas Intelligence,Consulting,"Sydney, Australia",No,Contract,"Excel, Tableau, Python, SQL, Statistics",1-50,68500.0,41,2025-09-26
JOB03450,AI Engineer,Mid,3.0,Bluewave Tech,Finance,"Dublin, Ireland",No,Contract,"Spark, TensorFlow, Python, Power BI, NLP, Tableau",1-50,117000.0,112,2026-04-22
JOB03451,Machine Learning Engineer,Mid,3.0,Silverline AI,Manufacturing,"London, UK",Yes,Full-time,"TensorFlow, NLP, PyTorch",51-200,99500.0,36,2026-05-21
JOB03452,Senior Data Scientist,Senior,6.0,Pulse Robotics,Consulting,"London, UK",No,Full-time,"AWS, MLOps, NLP, Power BI",201-1000,148000.0,8,2026-03-28
JOB03453,Principal Data Scientist,Senior,6.0,Silverline AI,Finance,Singapore,No,Full-time,"Machine Learning, AWS, MLOps",51-200,192500.0,30,2025-08-31
JOB03454,Machine Learning Engineer,Mid,3.0,Quantum Insight,Healthcare,"San Francisco, USA",Yes,Full-time,"NLP, TensorFlow, Spark, SQL, Computer Vision",1001-5000,170500.0,42,2025-07-07
JOB03455,Junior Data Scientist,Entry,0.0,Pulse Robotics,Technology,"Austin, USA",No,Contract,"SQL, Tableau, Python, Power BI",201-1000,61000.0,48,2026-03-31
JOB03456,VP of Machine Learning,Manager,10.0,Silverline AI,Manufacturing,"Dublin, Ireland",Yes,Full-time,"Statistics, A/B Testing, MLOps, LLMs, GCP",51-200,202500.0,43,2026-05-20
JOB03457,AI Research Assistant,Entry,0.0,Silverline AI,E-commerce,"New York, USA",No,Full-time,"SQL, Data Visualization, Statistics, Python",1001-5000,93000.0,17,2025-11-13
JOB03458,Staff AI Engineer,Senior,6.0,Ironpeak Tech,E-commerce,"New York, USA",Yes,Full-time,"LLMs, MLOps, Computer Vision, AWS",5000+,185500.0,30,2025-08-02
JOB03459,Machine Learning Engineer,Mid,3.0,Atlas Intelligence,Technology,"Bengaluru, India",No,Full-time,"Python, Deep Learning, Machine Learning",201-1000,54500.0,60,2026-01-06
JOB03460,Senior ML Engineer,Senior,6.0,Orbital Systems,Telecommunications,"Sydney, Australia",No,Full-time,"Computer Vision, Azure, LLMs, GCP, AWS, NLP",5000+,164000.0,48,2025-11-15
JOB03462,AI Engineer,Mid,3.0,Northstar Labs,Education,Singapore,Yes,Full-time,"Power BI, SQL, TensorFlow, AWS, Machine Learning, Kubernetes",51-200,124000.0,52,2026-05-24
JOB03463,Head of Analytics,Manager,10.0,Orbital Systems,E-commerce,"New York, USA",Yes,Full-time,"A/B Testing, LLMs, Statistics, GCP, Computer Vision",201-1000,280500.0,54,2025-11-23
JOB03464,Data Scientist,Mid,3.0,Atlas Intelligence,Automotive,"Dublin, Ireland",No,Full-time,"NLP, Python, Machine Learning, AWS",1-50,120500.0,66,2025-07-04
JOB03465,Data Analyst,Entry,0.0,Zenith Data Group,Technology,"Dublin, Ireland",No,Full-time,"Excel, Data Visualization, Tableau",201-1000,82000.0,113,2026-04-02
JOB03466,Machine Learning Engineer,Mid,3.0,Vertex Analytics,Healthcare,"Bengaluru, India",Yes,Full-time,"SQL, Machine Learning, AWS, Deep Learning",5000+,47500.0,28,2025-12-17
JOB03467,ML Engineer I,Entry,0.0,Quantum Insight,Telecommunications,"Bengaluru, India",No,Full-time,"SQL, Python, Excel, LLMs",1001-5000,30000.0,66,2026-06-10
JOB03468,Data Scientist,Mid,3.0,Nexora AI,Technology,Remote,Yes,Full-time,"Machine Learning, Power BI, SQL",201-1000,98000.0,78,2025-12-11
JOB03469,Data Engineer,Mid,3.0,Skyline Data Co,Consulting,"Berlin, Germany",No,Full-time,"TensorFlow, Deep Learning, PyTorch, SQL, AWS",51-200,78500.0,44,2026-04-03
JOB03471,AI Engineer,Mid,3.0,Bluewave Tech,Healthcare,"Bengaluru, India",No,Full-time,"NLP, Machine Learning, Deep Learning, AWS, Tableau",51-200,46500.0,21,2025-08-04
JOB03472,Computer Vision Engineer,Mid,3.0,Clearline Systems,Healthcare,"Sydney, Australia",Yes,Full-time,"TensorFlow, Machine Learning, SQL, Spark",5000+,114000.0,11,2026-01-21
JOB03473,AI Research Assistant,Entry,0.0,Northstar Labs,Technology,"London, UK",No,Full-time,"Data Visualization, SQL, Excel, Python",1-50,76000.0,99,2026-06-15
JOB03474,Data Engineer,Mid,3.0,Meridian Software,Education,"London, UK",Yes,Full-time,"Spark, Python, Machine Learning, Power BI, Data Visualization",51-200,99000.0,77,2026-03-12
JOB03475,Data Engineer I,Entry,0.0,Horizon Cloud,Gaming,Singapore,No,Full-time,"Tableau, Data Visualization, Statistics, TensorFlow",51-200,59000.0,62,2026-07-10
JOB03476,Data Engineer I,Entry,0.0,Meridian Software,Technology,"Austin, USA",No,Full-time,"Statistics, Data Visualization, SQL",51-200,91000.0,176,2025-11-06
JOB03477,Analytics Engineer,Mid,3.0,Vertex Analytics,Education,"Toronto, Canada",No,Full-time,"PyTorch, NLP, AWS",51-200,94500.0,136,2025-08-11
JOB03478,Lead Data Engineer,Senior,6.0,Pulse Robotics,Consulting,"New York, USA",No,Full-time,"AWS, MLOps, Azure, LLMs, Generative AI",5000+,239000.0,85,2026-06-29
JOB03479,Junior Data Scientist,Entry,0.0,Vertex Analytics,Manufacturing,Singapore,Yes,Full-time,"Excel, Data Visualization, Statistics",5000+,75500.0,5,2026-04-23
JOB03480,Senior ML Engineer,Senior,6.0,Bright Path AI,Consulting,"San Francisco, USA",Yes,Full-time,"NLP, Deep Learning, Computer Vision",51-200,192000.0,40,2026-07-15
JOB03481,Lead Data Engineer,Senior,6.0,Corelytics,Gaming,"Berlin, Germany",Yes,Full-time,"MLOps, Kubernetes, Azure, Machine Learning, Computer Vision, Statistics",201-1000,160000.0,52,2026-07-14
JOB03482,Machine Learning Engineer,Mid,3.0,Meridian Software,Finance,"Austin, USA",Yes,Full-time,"PyTorch, Deep Learning, Power BI, Computer Vision",201-1000,133000.0,42,2025-10-13
JOB03483,Lead Data Engineer,Senior,6.0,Silverline AI,Education,"Toronto, Canada",No,Full-time,"NLP, GCP, MLOps, Deep Learning",5000+,157500.0,22,2025-09-05
JOB03484,Machine Learning Engineer,Mid,3.0,Pulse Robotics,Healthcare,"San Francisco, USA",Yes,Full-time,"Deep Learning, Spark, SQL, AWS, Power BI",51-200,128000.0,86,2026-04-05
JOB03485,Data Engineer,Mid,3.0,Nexora AI,Gaming,"Austin, USA",Yes,Contract,"Spark, SQL, AWS",201-1000,137000.0,134,2026-01-10
JOB03486,Analytics Engineer,Mid,3.0,Nexora AI,E-commerce,"Dublin, Ireland",No,Full-time,"Power BI, Deep Learning, PyTorch, Spark",1001-5000,126000.0,63,2025-07-13
JOB03487,Staff AI Engineer,Senior,6.0,Bluewave Tech,Manufacturing,"London, UK",No,Full-time,"Generative AI, GCP, Deep Learning, Azure, Computer Vision",1-50,170000.0,30,2025-08-09
JOB03488,BI Analyst,Entry,0.0,Atlas Intelligence,Education,"London, UK",No,Full-time,"Data Visualization, Statistics, Tableau, Power BI",1001-5000,62000.0,13,2025-07-21
JOB03489,Senior ML Engineer,Senior,6.0,Ironpeak Tech,Healthcare,"Sydney, Australia",No,Full-time,"GCP, Deep Learning, NLP, Computer Vision, Azure, Docker",1001-5000,186000.0,32,2026-02-22
JOB03490,Machine Learning Engineer,Mid,3.0,Orbital Systems,Gaming,"Toronto, Canada",No,Contract,"AWS, Machine Learning, Deep Learning, Spark, PyTorch, Python",1001-5000,91500.0,103,2025-09-30
JOB03491,Junior Data Scientist,Entry,0.0,Bright Path AI,Telecommunications,"Sydney, Australia",No,Full-time,"Python, SQL, Tableau, Excel, Computer Vision",51-200,82500.0,38,2026-06-11
JOB03492,Data Engineer,Mid,3.0,Horizon Cloud,Automotive,"London, UK",No,Full-time,"TensorFlow, Python, PyTorch, Excel",201-1000,103500.0,14,2025-09-28
JOB03493,Data Analyst,Entry,0.0,Vertex Analytics,Gaming,"New York, USA",No,Full-time,"SQL, Python, Tableau, Statistics",1001-5000,67000.0,45,2025-08-11
JOB03494,Staff AI Engineer,Senior,6.0,Novacore AI,Manufacturing,"Austin, USA",No,Full-time,"Generative AI, GCP, Kubernetes, Azure, NLP",51-200,218000.0,35,2026-01-07
JOB03495,Principal Data Scientist,Senior,6.0,Horizon Cloud,Healthcare,"Dublin, Ireland",No,Contract,"NLP, GCP, Kubernetes, Machine Learning, Tableau",201-1000,162500.0,66,2025-11-03
JOB03496,Analytics Engineer,Mid,3.0,Clearline Systems,Healthcare,"Toronto, Canada",No,Full-time,"TensorFlow, Spark, Deep Learning, A/B Testing",51-200,100500.0,67,2025-08-03
JOB03497,Data Engineer,Mid,3.0,Corelytics,Consulting,Remote,Yes,Full-time,"NLP, Python, PyTorch, SQL",1-50,124500.0,125,2026-06-17
JOB03498,Data Engineer I,Entry,0.0,DataForge,Finance,"Toronto, Canada",No,Full-time,"SQL, Excel, Tableau",5000+,55000.0,23,2026-01-29
JOB03499,Data Scientist,Mid,3.0,Northstar Labs,Technology,"San Francisco, USA",No,Full-time,"TensorFlow, Python, NLP",1001-5000,120000.0,40,2026-05-02
JOB03500,AI Research Assistant,Entry,0.0,Bluewave Tech,Telecommunications,"San Francisco, USA",No,Full-time,"SQL, Data Visualization, Statistics, Tableau, Power BI",5000+,101000.0,57,2026-02-10
JOB03501,Data Engineer,Mid,3.0,Vertex Analytics,Manufacturing,"Sydney, Australia",No,Full-time,"Deep Learning, NLP, Machine Learning, AWS",1001-5000,113000.0,81,2025-07-23
JOB03502,Principal Data Scientist,Senior,6.0,Novacore AI,Finance,"New York, USA",No,Full-time,"MLOps, Deep Learning, Computer Vision, Power BI",51-200,232000.0,38,2025-10-02
JOB03503,AI Engineer,Mid,3.0,DataForge,Finance,"Sydney, Australia",No,Full-time,"Python, Power BI, Deep Learning, Machine Learning",51-200,113000.0,69,2025-12-29
JOB03504,Analytics Engineer,Mid,3.0,Meridian Software,Technology,"London, UK",No,Full-time,"PyTorch, NLP, Power BI",5000+,144000.0,107,2025-10-06
JOB03505,BI Analyst,Entry,0.0,Corelytics,Consulting,"Berlin, Germany",Yes,Part-time,"Data Visualization, Statistics, Excel",201-1000,73500.0,38,2025-07-19
JOB03506,Lead Data Engineer,Senior,6.0,Nexora AI,Manufacturing,"London, UK",Yes,Contract,"LLMs, Deep Learning, GCP",51-200,150500.0,118,2026-01-10
JOB03507,Data Scientist,Mid,3.0,Zenith Data Group,Automotive,"Austin, USA",Yes,Full-time,"TensorFlow, Power BI, Machine Learning",201-1000,105000.0,78,2025-11-15
JOB03508,Data Engineer,Mid,3.0,Nexora AI,Consulting,"London, UK",No,Full-time,"NLP, SQL, Spark, AWS, TensorFlow",201-1000,114500.0,33,2026-02-24
JOB03509,Machine Learning Engineer,Mid,3.0,Clearline Systems,Healthcare,"Sydney, Australia",No,Full-time,"Spark, Power BI, NLP, Python",201-1000,91500.0,73,2026-02-15
JOB03510,Senior ML Engineer,Senior,6.0,Northstar Labs,Gaming,"Toronto, Canada",No,Full-time,"AWS, LLMs, NLP, Azure, MLOps",201-1000,169500.0,70,2025-09-29
JOB03511,Data Scientist,Mid,3.0,Corelytics,Technology,"Bengaluru, India",No,Full-time,"SQL, Deep Learning, Spark, AWS, Machine Learning, TensorFlow",51-200,53000.0,75,2025-08-01
JOB03512,Lead Data Engineer,Senior,6.0,Orbital Systems,Education,"Bengaluru, India",No,Contract,"MLOps, Azure, Deep Learning, Computer Vision, Tableau",51-200,85000.0,27,2025-12-01
JOB03513,NLP Engineer,Mid,3.0,Corelytics,Automotive,"Austin, USA",No,Full-time,"PyTorch, SQL, TensorFlow, Machine Learning, Docker",1001-5000,101000.0,121,2026-02-08
JOB03514,Data Engineer I,Entry,0.0,Skyline Data Co,Technology,"San Francisco, USA",No,Full-time,"SQL, Excel, Python, Statistics",5000+,94000.0,15,2025-10-10
JOB03516,ML Engineer I,Entry,0.0,Corelytics,Telecommunications,"Toronto, Canada",No,Full-time,"Python, SQL, Data Visualization, Excel, Statistics, Generative AI",5000+,62000.0,111,2025-07-06
JOB03517,Director of Data Science,Manager,10.0,Silverline AI,Technology,"Berlin, Germany",No,Full-time,"A/B Testing, MLOps, LLMs, AWS, GCP",1001-5000,186500.0,59,2026-02-09
JOB03518,Junior Data Scientist,Entry,0.0,Quantum Insight,Gaming,"Toronto, Canada",No,Part-time,"SQL, Tableau, Data Visualization",51-200,77000.0,120,2026-01-20
JOB03519,Principal Data Scientist,Senior,6.0,Horizon Cloud,Finance,"San Francisco, USA",Yes,Full-time,"Kubernetes, Generative AI, Azure",1-50,205000.0,63,2026-02-09
JOB03520,AI Engineer,Mid,3.0,Zenith Data Group,E-commerce,"San Francisco, USA",No,Part-time,"Python, Deep Learning, PyTorch, NLP, SQL",201-1000,119000.0,24,2025-12-19
JOB03521,Head of AI,Manager,10.0,Nexora AI,Technology,Remote,Yes,Full-time,"MLOps, Generative AI, AWS",5000+,301000.0,1,2026-01-10
JOB03522,Senior ML Engineer,Senior,6.0,Northstar Labs,Consulting,"Austin, USA",No,Full-time,"AWS, GCP, Machine Learning, Azure",201-1000,212000.0,67,2026-01-07
JOB03523,AI Research Assistant,Entry,0.0,Orbital Systems,Telecommunications,"Austin, USA",No,Contract,"Statistics, Excel, Python, Data Visualization",201-1000,85500.0,101,2026-03-18
JOB03524,Machine Learning Engineer,Mid,3.0,Nexora AI,Education,"Austin, USA",Yes,Full-time,"Power BI, Machine Learning, PyTorch, Python, Spark",51-200,139500.0,23,2025-10-25
JOB03525,Data Scientist,Mid,3.0,Atlas Intelligence,Technology,"Austin, USA",Yes,Full-time,"TensorFlow, Python, PyTorch, Azure",5000+,134000.0,27,2025-11-10
JOB03526,Analytics Engineer,Mid,3.0,Zenith Data Group,Healthcare,"Sydney, Australia",No,Full-time,"Deep Learning, NLP, Spark, SQL, Power BI",1001-5000,120000.0,50,2026-05-01
JOB03528,NLP Engineer,Mid,3.0,Ironpeak Tech,Healthcare,Remote,Yes,Full-time,"Python, NLP, SQL, Spark, Deep Learning",1001-5000,105000.0,66,2025-08-26
JOB03529,AI Research Scientist,Senior,6.0,Bluewave Tech,Manufacturing,"Sydney, Australia",No,Full-time,"Azure, NLP, Generative AI, Computer Vision, Kubernetes",201-1000,155500.0,67,2026-02-21
JOB03531,BI Analyst,Entry,0.0,Horizon Cloud,Healthcare,"London, UK",Yes,Full-time,"Data Visualization, Python, Statistics, Excel, Kubernetes",5000+,88000.0,74,2025-08-07
JOB03532,Data Analyst,Entry,0.0,Meridian Software,Consulting,"New York, USA",Yes,Full-time,"Statistics, Tableau, Data Visualization, SQL, Excel",1001-5000,65500.0,78,2025-10-30
JOB03533,Data Engineer I,Entry,0.0,Quantum Insight,Gaming,"London, UK",No,Full-time,"SQL, Tableau, Python, Statistics, Data Visualization, Excel",201-1000,93000.0,43,2026-05-22
JOB03534,AI Engineer,Mid,3.0,Novacore AI,Gaming,"Dublin, Ireland",Yes,Full-time,"AWS, Machine Learning, SQL, Power BI, TensorFlow",201-1000,89500.0,46,2026-03-05
JOB03535,Data Engineer I,Entry,0.0,Skyline Data Co,Consulting,"Sydney, Australia",No,Full-time,"Excel, Statistics, Python",51-200,67000.0,29,2025-09-08
JOB03536,Head of AI,Manager,10.0,Ironpeak Tech,Healthcare,"Sydney, Australia",No,Contract,"MLOps, AWS, Generative AI, A/B Testing, Statistics",201-1000,242500.0,52,2026-06-29
JOB03537,Data Engineer,Mid,3.0,Nexora AI,Technology,"Toronto, Canada",No,Part-time,"Machine Learning, TensorFlow, PyTorch, Spark",1001-5000,84000.0,63,2026-04-06
JOB03538,ML Engineer I,Entry,0.0,Atlas Intelligence,Gaming,"San Francisco, USA",Yes,Full-time,"Python, SQL, Data Visualization, Statistics, Tableau",1-50,112000.0,34,2025-12-13
JOB03539,Principal Data Scientist,Senior,6.0,Zenith Data Group,Consulting,"London, UK",No,Part-time,"Machine Learning, Azure, Computer Vision, GCP, LLMs",1-50,195500.0,39,2025-07-19
JOB03540,BI Analyst,Entry,0.0,Bluewave Tech,Education,"London, UK",No,Full-time,"Statistics, Tableau, Excel, SQL",201-1000,91000.0,87,2026-06-27
JOB03542,Principal Data Scientist,Senior,6.0,Vertex Analytics,Education,"New York, USA",No,Full-time,"GCP, Azure, NLP, Machine Learning",1001-5000,186000.0,15,2026-04-30
JOB03543,Analytics Engineer,Mid,3.0,Orbital Systems,Consulting,"London, UK",No,Contract,"Power BI, Spark, Python, PyTorch, SQL",5000+,113000.0,44,2026-02-09
JOB03544,Senior ML Engineer,Senior,6.0,Bright Path AI,Consulting,"Dublin, Ireland",No,Full-time,"Machine Learning, NLP, Generative AI, GCP, Deep Learning",1-50,188500.0,46,2026-01-07
JOB03545,Data Engineer,Mid,3.0,Novacore AI,Education,"Dublin, Ireland",Yes,Full-time,"SQL, Deep Learning, Machine Learning, Computer Vision",201-1000,91000.0,44,2025-10-29
JOB03546,Data Scientist,Mid,3.0,Zenith Data Group,Technology,"Toronto, Canada",Yes,Full-time,"PyTorch, AWS, NLP, R",5000+,113500.0,34,2025-11-04
JOB03547,Senior Data Scientist,Senior,6.0,Nexora AI,Technology,"London, UK",Yes,Full-time,"Generative AI, AWS, NLP, Kubernetes, MLOps",5000+,218500.0,8,2026-01-23
JOB03548,AI Engineer,Mid,3.0,Northstar Labs,Healthcare,"New York, USA",No,Full-time,"Deep Learning, PyTorch, TensorFlow",1-50,114500.0,108,2026-02-17
JOB03549,ML Engineer I,Entry,0.0,Meridian Software,E-commerce,"London, UK",Yes,Full-time,"Statistics, Tableau, SQL, Excel",1001-5000,78000.0,24,2025-07-05
JOB03550,BI Analyst,Entry,0.0,Quantum Insight,Manufacturing,"Berlin, Germany",Yes,Full-time,"SQL, Excel, Python, Data Visualization, Computer Vision",201-1000,68500.0,99,2025-09-12
JOB03551,Junior Data Scientist,Entry,0.0,Orbital Systems,Gaming,"Dublin, Ireland",Yes,Full-time,"Data Visualization, Python, SQL",201-1000,54000.0,49,2026-03-19
JOB03552,Computer Vision Engineer,Mid,3.0,Skyline Data Co,Manufacturing,"Sydney, Australia",No,Full-time,"PyTorch, Python, Spark",1001-5000,133000.0,56,2026-06-14
JOB03553,AI Research Assistant,Entry,0.0,Northstar Labs,Healthcare,Singapore,No,Full-time,"Statistics, Excel, SQL, Python",201-1000,62500.0,16,2025-09-30
JOB03554,Head of Analytics,Manager,10.0,Silverline AI,Technology,"London, UK",No,Contract,"A/B Testing, Generative AI, GCP, AWS, Statistics",1-50,247000.0,25,2025-08-02
JOB03555,Principal Data Scientist,Senior,6.0,Orbital Systems,E-commerce,"Austin, USA",No,Full-time,"Deep Learning, AWS, MLOps",51-200,166000.0,117,2025-09-29
JOB03556,BI Analyst,Entry,0.0,Bright Path AI,Manufacturing,Remote,Yes,Full-time,"SQL, Data Visualization, Python, Excel, Kubernetes",1-50,67000.0,111,2025-08-09
JOB03557,Data Engineer,Mid,3.0,Horizon Cloud,Technology,"Toronto, Canada",Yes,Full-time,"Machine Learning, Power BI, Spark, PyTorch, MLOps",51-200,99000.0,58,2025-09-04
JOB03558,AI Engineer,Mid,3.0,Skyline Data Co,Education,"Berlin, Germany",Yes,Full-time,"TensorFlow, NLP, Power BI, PyTorch, Machine Learning, GCP",1001-5000,88000.0,9,2026-01-29
JOB03559,Data Scientist,Mid,3.0,Silverline AI,Education,Remote,Yes,Full-time,"PyTorch, Machine Learning, SQL, TensorFlow",201-1000,85500.0,75,2026-04-27
JOB03560,Director of Data Science,Manager,10.0,Pulse Robotics,Technology,"London, UK",Yes,Full-time,"AWS, LLMs, A/B Testing, Generative AI",5000+,295500.0,74,2026-01-18
JOB03561,Data Engineer,Mid,3.0,Bright Path AI,Consulting,Remote,Yes,Full-time,"AWS, Machine Learning, Power BI, PyTorch, MLOps",51-200,122500.0,18,2026-05-15
JOB03562,Director of Data Science,Manager,10.0,Skyline Data Co,Healthcare,"San Francisco, USA",No,Full-time,"MLOps, Generative AI, LLMs, AWS, A/B Testing, Power BI",51-200,345500.0,45,2025-10-30
JOB03563,Data Analyst,Entry,0.0,Novacore AI,Education,Singapore,Yes,Full-time,"Python, Statistics, SQL, Data Visualization, Excel, Azure",5000+,73500.0,32,2025-08-22
JOB03564,ML Engineer I,Entry,0.0,Nexora AI,Healthcare,Singapore,No,Full-time,"Data Visualization, Excel, Tableau, Python, Computer Vision",51-200,82000.0,8,2026-01-12
JOB03565,Data Engineer,Mid,3.0,Clearline Systems,Consulting,"Toronto, Canada",No,Full-time,"Deep Learning, Machine Learning, NLP, SQL, AWS",51-200,117500.0,67,2025-09-17
JOB03567,Senior Data Scientist,Senior,6.0,Northstar Labs,Automotive,"Bengaluru, India",No,Full-time,"AWS, MLOps, Computer Vision, NLP, GCP",51-200,88000.0,8,2026-02-19
JOB03569,Principal Data Scientist,Senior,6.0,DataForge,Telecommunications,"Toronto, Canada",Yes,Full-time,"Kubernetes, GCP, AWS, Computer Vision, Generative AI, A/B Testing",201-1000,144000.0,16,2025-08-13
JOB03570,Data Scientist,Mid,3.0,Nexora AI,Telecommunications,"Toronto, Canada",No,Full-time,"NLP, PyTorch, SQL, Deep Learning, Machine Learning, Spark",5000+,85500.0,33,2025-07-25
JOB03571,NLP Engineer,Mid,3.0,Corelytics,Consulting,"San Francisco, USA",No,Full-time,"TensorFlow, Deep Learning, Machine Learning",1-50,160500.0,85,2025-09-12
JOB03572,AI Engineer,Mid,3.0,Nexora AI,Consulting,"Bengaluru, India",No,Full-time,"TensorFlow, Machine Learning, SQL",201-1000,57500.0,25,2025-09-12
JOB03573,Analytics Engineer,Mid,3.0,Corelytics,Healthcare,"Berlin, Germany",No,Contract,"NLP, PyTorch, Spark, Machine Learning, Excel",201-1000,118000.0,13,2025-07-16
JOB03574,Director of Data Science,Manager,10.0,Vertex Analytics,Manufacturing,Remote,Yes,Full-time,"GCP, LLMs, Generative AI",1-50,220000.0,20,2025-07-13
JOB03575,Analytics Engineer,Mid,3.0,Fusion Analytics,Manufacturing,"Dublin, Ireland",Yes,Full-time,"Power BI, Machine Learning, Deep Learning",201-1000,117000.0,83,2026-06-15
JOB03576,AI Research Assistant,Entry,0.0,Corelytics,Telecommunications,"Toronto, Canada",No,Full-time,"Excel, SQL, Python, Data Visualization, Tableau",201-1000,51500.0,8,2025-07-31
JOB03577,AI Research Scientist,Senior,6.0,Orbital Systems,Technology,"San Francisco, USA",Yes,Full-time,"GCP, Computer Vision, MLOps, SQL",201-1000,271000.0,72,2026-01-18
JOB03578,Data Engineer,Mid,3.0,Fusion Analytics,Automotive,"San Francisco, USA",No,Full-time,"AWS, Power BI, NLP, Spark, Deep Learning",5000+,180500.0,23,2026-05-12
JOB03579,Computer Vision Engineer,Mid,3.0,Bright Path AI,Automotive,"San Francisco, USA",No,Full-time,"SQL, Python, PyTorch, NLP",5000+,156000.0,73,2026-06-02
JOB03580,Data Engineer I,Entry,0.0,Vertex Analytics,E-commerce,Singapore,No,Full-time,"SQL, Statistics, Python, Tableau",201-1000,67000.0,109,2026-03-01
JOB03581,AI Engineer,Mid,3.0,Bluewave Tech,Finance,"Sydney, Australia",Yes,Full-time,"Power BI, Spark, TensorFlow, AWS",201-1000,108000.0,5,2025-10-16
JOB03582,Lead Data Engineer,Senior,6.0,Fusion Analytics,Gaming,"Bengaluru, India",No,Full-time,"Computer Vision, Kubernetes, MLOps, Airflow",5000+,74000.0,105,2025-10-03
JOB03583,ML Engineer I,Entry,0.0,Atlas Intelligence,Healthcare,"Bengaluru, India",Yes,Full-time,"Python, Excel, SQL, Tableau, Statistics",51-200,38000.0,149,2025-08-29
JOB03584,Computer Vision Engineer,Mid,3.0,Silverline AI,Manufacturing,"Bengaluru, India",Yes,Full-time,"Machine Learning, Power BI, SQL, Deep Learning, AWS",5000+,57000.0,12,2025-08-19
JOB03585,Director of Data Science,Manager,10.0,Pulse Robotics,Manufacturing,"Sydney, Australia",No,Full-time,"MLOps, A/B Testing, Statistics, AWS",5000+,203000.0,150,2025-10-23
JOB03586,ML Engineer I,Entry,0.0,Meridian Software,E-commerce,"Austin, USA",Yes,Full-time,"Python, SQL, Tableau, Statistics, Excel, Machine Learning",1-50,87000.0,50,2026-01-06
JOB03587,Senior Data Scientist,Senior,6.0,Pulse Robotics,Healthcare,"London, UK",No,Full-time,"Kubernetes, Deep Learning, MLOps, Computer Vision, LLMs, Machine Learning",51-200,216500.0,42,2025-07-16
JOB03588,Data Engineer I,Entry,0.0,Northstar Labs,Gaming,"London, UK",No,Contract,"Tableau, Statistics, Python, SQL, Data Visualization",1001-5000,72000.0,23,2026-04-15
JOB03589,Data Scientist,Mid,3.0,Orbital Systems,Gaming,"Berlin, Germany",Yes,Full-time,"PyTorch, Spark, Power BI, Deep Learning, Python",201-1000,79000.0,133,2026-03-25
JOB03590,AI Research Assistant,Entry,0.0,Bright Path AI,Technology,"Dublin, Ireland",Yes,Full-time,"Python, SQL, Excel, Tableau, Statistics, MLOps",51-200,56000.0,46,2025-10-28
JOB03591,AI Research Scientist,Senior,6.0,Vertex Analytics,Manufacturing,"Sydney, Australia",No,Full-time,"Generative AI, Deep Learning, Kubernetes, NLP",201-1000,190000.0,52,2025-07-30
JOB03592,Senior ML Engineer,Senior,6.0,Clearline Systems,Technology,"Berlin, Germany",Yes,Full-time,"Machine Learning, NLP, MLOps",51-200,151000.0,12,2025-07-10
JOB03593,Principal Data Scientist,Senior,6.0,Vertex Analytics,Automotive,"London, UK",Yes,Full-time,"Computer Vision, MLOps, Generative AI, Azure, Machine Learning",51-200,148500.0,42,2026-01-03
JOB03594,Senior Data Scientist,Senior,6.0,Novacore AI,Automotive,Remote,Yes,Full-time,"NLP, Deep Learning, GCP",51-200,160500.0,134,2026-02-04
JOB03595,Machine Learning Engineer,Mid,3.0,Meridian Software,Manufacturing,"New York, USA",No,Full-time,"Deep Learning, PyTorch, AWS, Computer Vision",51-200,136000.0,44,2026-04-25
JOB03596,Machine Learning Engineer,Mid,3.0,Silverline AI,Education,"Berlin, Germany",No,Full-time,"NLP, AWS, SQL, Spark, Power BI",201-1000,112000.0,23,2026-01-08
JOB03598,AI Research Assistant,Entry,0.0,Orbital Systems,E-commerce,"New York, USA",Yes,Contract,"Data Visualization, Excel, Statistics, Kubernetes",201-1000,80500.0,77,2025-12-13
JOB03599,Machine Learning Engineer,Mid,3.0,Meridian Software,Education,"New York, USA",Yes,Part-time,"Deep Learning, AWS, Machine Learning, Power BI, Python",1001-5000,109500.0,5,2025-08-15
JOB03600,Data Engineer I,Entry,0.0,Clearline Systems,Automotive,Singapore,No,Full-time,"Python, Tableau, Data Visualization, SQL, Deep Learning",201-1000,84500.0,59,2025-11-13
JOB03601,AI Research Assistant,Entry,0.0,DataForge,Technology,"Sydney, Australia",No,Full-time,"Statistics, Tableau, Excel",1001-5000,60000.0,28,2026-01-21
JOB03602,Junior Data Scientist,Entry,0.0,Silverline AI,Technology,"San Francisco, USA",No,Full-time,"Data Visualization, Python, SQL, Docker",1001-5000,77000.0,38,2025-10-14
JOB03603,Data Science Manager,Manager,10.0,Northstar Labs,Education,"Bengaluru, India",No,Full-time,"Statistics, A/B Testing, MLOps",5000+,141500.0,35,2025-11-01
JOB03604,Junior Data Scientist,Entry,0.0,Novacore AI,Gaming,Remote,Yes,Full-time,"SQL, Python, Excel, Data Visualization, AWS",201-1000,58500.0,24,2026-05-03
JOB03605,Data Scientist,Mid,3.0,Ironpeak Tech,E-commerce,"New York, USA",Yes,Contract,"TensorFlow, Python, Spark, PyTorch",51-200,118000.0,113,2025-12-17
JOB03606,Senior Data Scientist,Senior,6.0,Vertex Analytics,Consulting,"London, UK",No,Full-time,"Azure, NLP, Kubernetes",51-200,211500.0,33,2026-05-06
JOB03607,AI Engineer,Mid,3.0,Bright Path AI,Manufacturing,"Dublin, Ireland",No,Full-time,"Spark, Deep Learning, TensorFlow, NLP",1001-5000,127000.0,35,2025-12-24
JOB03608,Staff AI Engineer,Senior,6.0,Nexora AI,Healthcare,"Sydney, Australia",No,Full-time,"GCP, Kubernetes, Deep Learning",201-1000,140000.0,63,2025-11-14
JOB03609,Junior Data Scientist,Entry,0.0,Bright Path AI,E-commerce,"Berlin, Germany",No,Part-time,"Tableau, Python, Statistics, R",1001-5000,70000.0,21,2026-07-02
JOB03610,Data Engineer I,Entry,0.0,Clearline Systems,Automotive,"San Francisco, USA",No,Contract,"Statistics, SQL, Excel",51-200,88500.0,103,2025-11-12
JOB03611,Data Science Manager,Manager,10.0,Clearline Systems,E-commerce,"San Francisco, USA",No,Full-time,"AWS, Statistics, GCP, Generative AI, LLMs",1001-5000,270500.0,14,2025-09-02
JOB03612,NLP Engineer,Mid,3.0,DataForge,Telecommunications,"London, UK",No,Full-time,"Deep Learning, AWS, Python, PyTorch, Computer Vision",51-200,131000.0,42,2026-01-13
JOB03613,Computer Vision Engineer,Mid,3.0,Horizon Cloud,Gaming,Singapore,No,Full-time,"PyTorch, Machine Learning, Python, TensorFlow, Power BI",201-1000,94000.0,44,2025-09-17
JOB03615,ML Engineer I,Entry,0.0,Novacore AI,Telecommunications,Remote,Yes,Full-time,"Tableau, Statistics, Python, Excel, SQL",201-1000,80500.0,125,2026-05-14
JOB03617,Lead Data Engineer,Senior,6.0,Bright Path AI,Telecommunications,"London, UK",No,Part-time,"GCP, Computer Vision, Generative AI, Kubernetes",1001-5000,182000.0,69,2025-07-20
JOB03618,Director of Data Science,Manager,10.0,Clearline Systems,Healthcare,"Bengaluru, India",No,Full-time,"MLOps, GCP, Statistics, Excel",1001-5000,131500.0,56,2026-02-22
JOB03619,Lead Data Engineer,Senior,6.0,Ironpeak Tech,Automotive,Remote,Yes,Full-time,"Generative AI, GCP, Kubernetes",1001-5000,156500.0,102,2025-12-05
JOB03620,Principal Data Scientist,Senior,6.0,Ironpeak Tech,Consulting,"Sydney, Australia",No,Contract,"MLOps, Azure, LLMs, NLP",5000+,182500.0,63,2025-11-29
JOB03621,Head of Analytics,Manager,10.0,Atlas Intelligence,Healthcare,"London, UK",No,Contract,"Generative AI, MLOps, GCP, AWS, LLMs",5000+,306500.0,8,2026-04-30
JOB03622,Data Analyst,Entry,0.0,Orbital Systems,Gaming,"Austin, USA",No,Full-time,"SQL, Tableau, Python, Statistics, Excel",201-1000,93000.0,28,2026-07-09
JOB03623,Lead Data Engineer,Senior,6.0,Bright Path AI,Finance,"San Francisco, USA",No,Contract,"NLP, Deep Learning, Azure",51-200,243500.0,36,2026-04-04
JOB03624,Data Engineer I,Entry,0.0,Zenith Data Group,Technology,Singapore,Yes,Full-time,"Python, Statistics, SQL, Excel, Data Visualization, Deep Learning",201-1000,77500.0,93,2025-12-28
JOB03625,AI Research Scientist,Senior,6.0,Pulse Robotics,Education,"San Francisco, USA",No,Full-time,"MLOps, Computer Vision, Generative AI, Kubernetes",201-1000,199000.0,143,2025-10-14
JOB03626,NLP Engineer,Mid,3.0,Silverline AI,Automotive,Remote,Yes,Full-time,"Spark, Python, NLP",5000+,110500.0,56,2025-08-26
JOB03627,Data Engineer,Mid,3.0,Skyline Data Co,Gaming,"Austin, USA",Yes,Part-time,"Spark, Deep Learning, Machine Learning, NLP, SQL, Data Visualization",201-1000,126000.0,27,2025-07-13
JOB03628,AI Research Assistant,Entry,0.0,Silverline AI,Manufacturing,"London, UK",No,Full-time,"Python, Data Visualization, Tableau, A/B Testing",5000+,82500.0,56,2026-02-15
JOB03629,Data Science Manager,Manager,10.0,Northstar Labs,E-commerce,"Bengaluru, India",No,Full-time,"MLOps, GCP, Generative AI, AWS, A/B Testing, Deep Learning",51-200,129000.0,28,2025-07-28
JOB03630,AI Engineer,Mid,3.0,Silverline AI,Technology,"New York, USA",No,Full-time,"NLP, Spark, Machine Learning, Python, Deep Learning",201-1000,142000.0,5,2026-01-28
JOB03631,ML Engineer I,Entry,0.0,DataForge,E-commerce,"Bengaluru, India",Yes,Full-time,"Excel, SQL, Statistics, Data Visualization, Tableau, Machine Learning",1001-5000,33000.0,58,2026-05-26
JOB03632,Computer Vision Engineer,Mid,3.0,Zenith Data Group,Manufacturing,"Austin, USA",Yes,Full-time,"Python, Spark, Machine Learning, Azure",1001-5000,108000.0,58,2026-07-15
JOB03633,Machine Learning Engineer,Mid,3.0,Silverline AI,Consulting,Singapore,No,Full-time,"Deep Learning, SQL, Power BI, NLP, AWS",1-50,102000.0,12,2026-04-27
JOB03634,Analytics Engineer,Mid,3.0,DataForge,Technology,"London, UK",No,Part-time,"Python, NLP, Deep Learning, Power BI, TensorFlow",1001-5000,114000.0,24,2025-10-11
JOB03635,AI Research Assistant,Entry,0.0,Clearline Systems,Healthcare,Remote,Yes,Full-time,"Tableau, Statistics, SQL, Excel, Data Visualization",1001-5000,62500.0,16,2025-10-17
JOB03636,ML Engineer I,Entry,0.0,Nexora AI,Finance,"Sydney, Australia",No,Full-time,"SQL, Data Visualization, Statistics, A/B Testing",5000+,83500.0,5,2025-11-26
JOB03638,Data Engineer I,Entry,0.0,Northstar Labs,Manufacturing,"Austin, USA",No,Full-time,"Excel, Python, Data Visualization",201-1000,82000.0,48,2026-02-21
JOB03639,ML Engineer I,Entry,0.0,DataForge,Consulting,"London, UK",Yes,Contract,"Excel, Data Visualization, SQL, Tableau, Python",201-1000,94500.0,81,2026-06-02
JOB03640,Data Engineer,Mid,3.0,Horizon Cloud,E-commerce,Remote,Yes,Full-time,"PyTorch, AWS, Spark, Deep Learning, Computer Vision",1-50,131000.0,198,2025-12-03
JOB03641,Analytics Engineer,Mid,3.0,Northstar Labs,Technology,"Dublin, Ireland",Yes,Full-time,"SQL, AWS, Deep Learning, Power BI, Machine Learning",5000+,117500.0,24,2025-09-15
JOB03642,NLP Engineer,Mid,3.0,Fusion Analytics,Gaming,"Toronto, Canada",No,Part-time,"AWS, TensorFlow, Machine Learning",1-50,112500.0,17,2026-02-19
JOB03643,NLP Engineer,Mid,3.0,Horizon Cloud,Finance,Singapore,No,Full-time,"PyTorch, Machine Learning, Python, TensorFlow",201-1000,100000.0,29,2025-08-28
JOB03644,Computer Vision Engineer,Mid,3.0,Fusion Analytics,Manufacturing,"Berlin, Germany",No,Full-time,"TensorFlow, Machine Learning, NLP, Azure",51-200,99000.0,51,2026-04-13
JOB03646,BI Analyst,Entry,0.0,Pulse Robotics,Technology,"Bengaluru, India",Yes,Full-time,"SQL, Data Visualization, Tableau, Excel",1-50,31500.0,51,2026-05-01
JOB03647,Computer Vision Engineer,Mid,3.0,Quantum Insight,Manufacturing,"San Francisco, USA",No,Full-time,"TensorFlow, Spark, Power BI",5000+,136000.0,110,2026-01-28
JOB03648,Staff AI Engineer,Senior,6.0,Bright Path AI,Automotive,"London, UK",No,Full-time,"Deep Learning, AWS, Kubernetes, NLP, Airflow",5000+,166500.0,65,2026-07-01
JOB03649,NLP Engineer,Mid,3.0,Quantum Insight,Technology,"Sydney, Australia",No,Full-time,"Machine Learning, Python, Deep Learning, Spark, SQL, Data Visualization",201-1000,137000.0,60,2025-09-04
JOB03650,ML Engineer I,Entry,0.0,Clearline Systems,Healthcare,"Sydney, Australia",Yes,Full-time,"Python, Tableau, SQL, Excel",5000+,83500.0,105,2025-07-03
JOB03651,Lead Data Engineer,Senior,6.0,Zenith Data Group,Finance,"Berlin, Germany",No,Contract,"Generative AI, AWS, Kubernetes, Deep Learning, SQL",5000+,119000.0,45,2025-12-12
JOB03652,Data Engineer I,Entry,0.0,Corelytics,Telecommunications,"San Francisco, USA",Yes,Full-time,"Python, Data Visualization, SQL, NLP",1-50,79000.0,7,2026-06-20
JOB03653,Staff AI Engineer,Senior,6.0,Vertex Analytics,Education,"Austin, USA",Yes,Full-time,"Generative AI, LLMs, Azure, GCP, Kubernetes, Deep Learning",201-1000,173500.0,14,2025-09-21
JOB03654,Lead Data Engineer,Senior,6.0,Novacore AI,Healthcare,"Bengaluru, India",No,Full-time,"AWS, Deep Learning, Machine Learning",51-200,68500.0,20,2026-07-02
JOB03655,Data Engineer,Mid,3.0,Silverline AI,Finance,"New York, USA",Yes,Full-time,"Machine Learning, NLP, Python",1-50,140500.0,32,2025-08-02
JOB03656,Head of Analytics,Manager,10.0,Vertex Analytics,Automotive,Singapore,No,Full-time,"A/B Testing, Statistics, Generative AI, GCP",5000+,250500.0,16,2025-07-21
JOB03658,Data Engineer I,Entry,0.0,Corelytics,Technology,"Berlin, Germany",No,Full-time,"Python, Excel, Data Visualization, SQL, Tableau, NLP",5000+,73000.0,17,2025-10-02
JOB03659,Principal Data Scientist,Senior,6.0,Vertex Analytics,Automotive,"Berlin, Germany",Yes,Full-time,"Generative AI, MLOps, NLP, GCP",201-1000,151000.0,53,2025-09-27
JOB03660,Principal Data Scientist,Senior,6.0,Novacore AI,Manufacturing,"San Francisco, USA",No,Part-time,"Deep Learning, LLMs, GCP, MLOps",1-50,265500.0,54,2026-06-25
JOB03661,Data Analyst,Entry,0.0,Northstar Labs,Gaming,"Austin, USA",No,Full-time,"Tableau, Python, SQL, Data Visualization, Excel",1-50,60500.0,11,2026-06-05
JOB03662,AI Engineer,Mid,3.0,Bluewave Tech,Automotive,"Berlin, Germany",Yes,Full-time,"PyTorch, AWS, TensorFlow",1001-5000,88500.0,115,2026-05-05
JOB03663,Senior Data Scientist,Senior,6.0,Northstar Labs,Healthcare,"London, UK",Yes,Full-time,"GCP, Computer Vision, Generative AI, Kubernetes, Azure",51-200,182500.0,91,2025-10-27
JOB03664,Analytics Engineer,Mid,3.0,DataForge,E-commerce,"San Francisco, USA",Yes,Full-time,"Machine Learning, Python, NLP, Excel",1-50,148500.0,77,2026-02-24
JOB03665,AI Engineer,Mid,3.0,Bluewave Tech,Telecommunications,"New York, USA",No,Full-time,"Deep Learning, Spark, PyTorch, Python, TensorFlow, A/B Testing",201-1000,132500.0,47,2025-11-03
JOB03666,Staff AI Engineer,Senior,6.0,Atlas Intelligence,Manufacturing,"Bengaluru, India",No,Full-time,"Deep Learning, Machine Learning, Kubernetes, LLMs",1001-5000,84000.0,49,2026-01-04
JOB03667,BI Analyst,Entry,0.0,Zenith Data Group,Healthcare,"San Francisco, USA",Yes,Full-time,"SQL, Tableau, Excel",201-1000,77500.0,56,2026-01-24
JOB03668,Senior ML Engineer,Senior,6.0,Bluewave Tech,Technology,Singapore,No,Full-time,"Generative AI, NLP, GCP, Kubernetes, Excel",1-50,189500.0,56,2026-06-16
JOB03669,BI Analyst,Entry,0.0,Bright Path AI,Education,"London, UK",No,Full-time,"Tableau, Python, Statistics, Data Visualization, Airflow",5000+,79500.0,79,2026-04-03
JOB03670,ML Engineer I,Entry,0.0,Bluewave Tech,Technology,"Berlin, Germany",No,Full-time,"Excel, SQL, Data Visualization, Tableau, Python",51-200,53000.0,30,2026-05-31
JOB03671,VP of Machine Learning,Manager,10.0,Fusion Analytics,Healthcare,Remote,Yes,Full-time,"AWS, LLMs, Statistics, MLOps, Python",1-50,279000.0,17,2025-08-10
JOB03672,NLP Engineer,Mid,3.0,Clearline Systems,Manufacturing,"Austin, USA",No,Part-time,"Deep Learning, Python, NLP, Machine Learning, TensorFlow",201-1000,96500.0,66,2025-08-13
JOB03674,Principal Data Scientist,Senior,6.0,Pulse Robotics,E-commerce,"San Francisco, USA",No,Full-time,"Deep Learning, Kubernetes, GCP, MLOps, Excel",51-200,196500.0,147,2025-09-09
JOB03675,Senior ML Engineer,Senior,6.0,Silverline AI,Manufacturing,Remote,Yes,Full-time,"Machine Learning, GCP, NLP, Kubernetes",1-50,198500.0,6,2026-03-17
JOB03676,Machine Learning Engineer,Mid,3.0,Corelytics,Manufacturing,"Dublin, Ireland",Yes,Full-time,"PyTorch, Power BI, Spark, TensorFlow, SQL",201-1000,125500.0,72,2025-11-15
JOB03677,Data Scientist,Mid,3.0,Pulse Robotics,Gaming,Singapore,Yes,Full-time,"TensorFlow, Machine Learning, Spark, Power BI, Deep Learning",51-200,96000.0,45,2025-10-07
JOB03678,Data Engineer I,Entry,0.0,Bluewave Tech,Telecommunications,Remote,Yes,Full-time,"SQL, Excel, Tableau, Statistics, GCP",51-200,56500.0,45,2025-09-07
JOB03679,Staff AI Engineer,Senior,6.0,Nexora AI,E-commerce,"Berlin, Germany",Yes,Full-time,"Deep Learning, AWS, Generative AI, NLP",1-50,133500.0,156,2025-09-10
JOB03680,ML Engineer I,Entry,0.0,Meridian Software,Education,Remote,Yes,Contract,"Data Visualization, Statistics, Tableau, Excel, AWS",201-1000,71500.0,22,2025-09-04
JOB03681,Director of Data Science,Manager,10.0,Atlas Intelligence,Technology,Singapore,No,Full-time,"LLMs, Statistics, A/B Testing, Generative AI",201-1000,284000.0,49,2026-06-30
JOB03682,Data Engineer,Mid,3.0,Vertex Analytics,Manufacturing,"San Francisco, USA",No,Full-time,"Python, Power BI, NLP",5000+,174500.0,7,2026-05-29
JOB03683,AI Research Assistant,Entry,0.0,Bluewave Tech,E-commerce,"Toronto, Canada",No,Full-time,"Python, SQL, Excel, Statistics, PyTorch",1001-5000,70000.0,34,2026-06-30
JOB03684,Lead Data Engineer,Senior,6.0,Atlas Intelligence,Finance,Remote,Yes,Contract,"Azure, GCP, LLMs",5000+,143000.0,2,2025-11-23
JOB03685,Head of AI,Manager,10.0,Zenith Data Group,Telecommunications,"San Francisco, USA",No,Full-time,"LLMs, Generative AI, AWS, MLOps, Statistics, Deep Learning",51-200,356500.0,17,2025-12-24
JOB03686,AI Research Assistant,Entry,0.0,Zenith Data Group,Education,"Berlin, Germany",Yes,Full-time,"Python, Statistics, Excel, Data Visualization, R",5000+,76000.0,13,2026-05-12
JOB03687,Computer Vision Engineer,Mid,3.0,Pulse Robotics,Gaming,"San Francisco, USA",Yes,Full-time,"PyTorch, AWS, Deep Learning, Power BI",1001-5000,168000.0,26,2025-07-26
JOB03689,AI Research Assistant,Entry,0.0,Horizon Cloud,Telecommunications,"Toronto, Canada",No,Full-time,"Python, Tableau, Excel, Statistics, SQL, NLP",1001-5000,64000.0,66,2025-12-20
JOB03690,Senior Data Scientist,Senior,6.0,Vertex Analytics,Telecommunications,"Sydney, Australia",No,Full-time,"Azure, Generative AI, Deep Learning, GCP, Machine Learning",5000+,184500.0,11,2026-02-28
JOB03691,NLP Engineer,Mid,3.0,Orbital Systems,Telecommunications,Singapore,Yes,Full-time,"TensorFlow, NLP, Deep Learning, AWS, SQL",201-1000,106500.0,35,2026-06-10
JOB03692,Analytics Engineer,Mid,3.0,DataForge,Gaming,"Dublin, Ireland",Yes,Full-time,"Machine Learning, Deep Learning, AWS, Power BI, Tableau",51-200,125500.0,74,2026-07-09
JOB03693,Data Engineer,Mid,3.0,Skyline Data Co,Education,"London, UK",Yes,Full-time,"SQL, AWS, Deep Learning",51-200,113000.0,16,2025-09-08
JOB03695,Computer Vision Engineer,Mid,3.0,Corelytics,Consulting,"Berlin, Germany",No,Full-time,"NLP, TensorFlow, Machine Learning, Power BI",1-50,110500.0,69,2025-09-27
JOB03696,Computer Vision Engineer,Mid,3.0,Bright Path AI,Technology,"London, UK",No,Full-time,"AWS, Python, Spark, PyTorch",1001-5000,138500.0,58,2026-03-22
JOB03697,Machine Learning Engineer,Mid,3.0,Vertex Analytics,Healthcare,"Berlin, Germany",No,Full-time,"Deep Learning, Power BI, Spark, AWS",1-50,104500.0,16,2025-11-20
JOB03698,NLP Engineer,Mid,3.0,Fusion Analytics,Consulting,"Berlin, Germany",No,Part-time,"Python, Deep Learning, NLP, AWS, Power BI",1001-5000,87500.0,51,2026-04-09
JOB03699,Analytics Engineer,Mid,3.0,Bluewave Tech,Technology,"Dublin, Ireland",Yes,Full-time,"NLP, Deep Learning, PyTorch",1-50,104500.0,62,2026-06-05
JOB03700,AI Engineer,Mid,3.0,Fusion Analytics,Manufacturing,"San Francisco, USA",No,Full-time,"PyTorch, TensorFlow, Python, NLP, Spark, Power BI",1001-5000,180500.0,63,2025-12-17
JOB03701,VP of Machine Learning,Manager,10.0,Quantum Insight,Consulting,"Toronto, Canada",No,Full-time,"AWS, Statistics, LLMs, GCP",51-200,271000.0,11,2025-09-19
JOB03702,Data Scientist,Mid,3.0,Clearline Systems,Finance,"San Francisco, USA",No,Full-time,"AWS, NLP, SQL",1-50,134000.0,14,2025-10-26
JOB03705,Junior Data Scientist,Entry,0.0,Nexora AI,Education,"New York, USA",No,Full-time,"Excel, Statistics, Python, Tableau, Data Visualization, LLMs",201-1000,63500.0,71,2026-05-16
JOB03706,Junior Data Scientist,Entry,0.0,Horizon Cloud,Manufacturing,Singapore,No,Full-time,"SQL, Data Visualization, Python",5000+,68000.0,75,2025-07-31
JOB03707,Junior Data Scientist,Entry,0.0,Horizon Cloud,Automotive,"Dublin, Ireland",No,Contract,"Statistics, Excel, Tableau, Data Visualization, Python",1001-5000,59000.0,43,2026-04-11
JOB03708,Lead Data Engineer,Senior,6.0,Vertex Analytics,Automotive,"Dublin, Ireland",No,Full-time,"GCP, Generative AI, Deep Learning, Computer Vision",1-50,133000.0,28,2026-04-27
JOB03710,Data Scientist,Mid,3.0,Zenith Data Group,Telecommunications,"London, UK",Yes,Full-time,"SQL, NLP, PyTorch, AWS, Python",51-200,133500.0,19,2026-05-29
JOB03711,ML Engineer I,Entry,0.0,Bluewave Tech,Manufacturing,"London, UK",No,Full-time,"Data Visualization, Statistics, Excel",201-1000,69500.0,18,2025-11-16
JOB03712,Data Engineer,Mid,3.0,Ironpeak Tech,Technology,"Austin, USA",No,Full-time,"Power BI, Machine Learning, TensorFlow, NLP",201-1000,109000.0,6,2026-05-13
JOB03713,Lead Data Engineer,Senior,6.0,Bright Path AI,Telecommunications,"New York, USA",No,Full-time,"Computer Vision, GCP, LLMs",5000+,204000.0,58,2025-11-15
JOB03714,Data Engineer I,Entry,0.0,Clearline Systems,Manufacturing,Singapore,No,Full-time,"Tableau, Data Visualization, Python, GCP",51-200,69500.0,5,2025-08-30
JOB03715,Analytics Engineer,Mid,3.0,Corelytics,E-commerce,"Dublin, Ireland",Yes,Full-time,"Python, AWS, Power BI, Deep Learning, Docker",1001-5000,109000.0,101,2026-05-18
JOB03716,Head of Analytics,Manager,10.0,Orbital Systems,Consulting,"Austin, USA",No,Full-time,"MLOps, Generative AI, A/B Testing",201-1000,225500.0,64,2026-02-05
JOB03717,Head of AI,Manager,10.0,Atlas Intelligence,Healthcare,"Dublin, Ireland",Yes,Full-time,"A/B Testing, LLMs, Generative AI",201-1000,189000.0,15,2026-01-22
JOB03718,Machine Learning Engineer,Mid,3.0,Vertex Analytics,Finance,"Austin, USA",Yes,Full-time,"NLP, Python, TensorFlow, PyTorch, SQL",201-1000,147000.0,43,2026-05-06
JOB03719,Data Engineer,Mid,3.0,Atlas Intelligence,Healthcare,"Austin, USA",No,Full-time,"Python, Machine Learning, Deep Learning",51-200,100000.0,43,2025-07-27
JOB03720,ML Engineer I,Entry,0.0,Corelytics,Manufacturing,"San Francisco, USA",No,Full-time,"Statistics, Data Visualization, Excel, Python",51-200,105000.0,105,2026-01-03
JOB03721,AI Engineer,Mid,3.0,Atlas Intelligence,Technology,"Sydney, Australia",No,Full-time,"Python, SQL, Deep Learning, Machine Learning, Statistics",1-50,115000.0,32,2026-01-19
JOB03722,AI Research Assistant,Entry,0.0,Clearline Systems,E-commerce,"London, UK",No,Contract,"SQL, Data Visualization, Tableau, Statistics",1001-5000,62500.0,35,2026-04-29
JOB03723,Director of Data Science,Manager,10.0,Orbital Systems,Healthcare,"Berlin, Germany",No,Full-time,"Generative AI, Statistics, LLMs, AWS",51-200,244000.0,5,2026-05-08
JOB03724,AI Research Assistant,Entry,0.0,Horizon Cloud,Consulting,"San Francisco, USA",No,Full-time,"Statistics, SQL, Excel, Tableau, AWS",1001-5000,107500.0,70,2025-09-26
JOB03725,AI Research Assistant,Entry,0.0,Clearline Systems,Healthcare,"Bengaluru, India",No,Full-time,"SQL, Statistics, Data Visualization, Tableau, Excel, Airflow",5000+,35500.0,29,2025-09-20
JOB03726,BI Analyst,Entry,0.0,Orbital Systems,Education,"New York, USA",Yes,Contract,"Tableau, Data Visualization, Statistics",1001-5000,67500.0,27,2025-09-15
JOB03727,Staff AI Engineer,Senior,6.0,Clearline Systems,Telecommunications,"London, UK",No,Full-time,"AWS, Machine Learning, LLMs",1001-5000,202500.0,189,2025-09-01
JOB03728,Computer Vision Engineer,Mid,3.0,Corelytics,Technology,"Sydney, Australia",No,Full-time,"Python, Deep Learning, NLP, TensorFlow, Power BI",1-50,105000.0,26,2025-07-04
JOB03729,Lead Data Engineer,Senior,6.0,Horizon Cloud,Consulting,"Sydney, Australia",No,Full-time,"LLMs, Computer Vision, NLP, Machine Learning, Deep Learning",201-1000,185500.0,4,2025-10-15
JOB03730,Head of AI,Manager,10.0,Orbital Systems,Gaming,"Austin, USA",No,Full-time,"Statistics, A/B Testing, LLMs, Excel",5000+,308000.0,63,2026-01-28
JOB03731,Machine Learning Engineer,Mid,3.0,DataForge,Technology,"New York, USA",No,Full-time,"AWS, Deep Learning, Python",201-1000,148000.0,21,2025-07-13
JOB03732,Lead Data Engineer,Senior,6.0,Meridian Software,Finance,"Sydney, Australia",No,Full-time,"NLP, Generative AI, GCP",201-1000,204500.0,29,2025-10-26
JOB03733,Data Engineer I,Entry,0.0,Northstar Labs,Automotive,"Berlin, Germany",No,Full-time,"Statistics, Excel, Data Visualization, A/B Testing",1001-5000,52000.0,16,2026-05-02
JOB03735,Machine Learning Engineer,Mid,3.0,Pulse Robotics,Telecommunications,"Sydney, Australia",No,Full-time,"TensorFlow, Deep Learning, Power BI",201-1000,116000.0,46,2026-02-22
JOB03737,AI Research Scientist,Senior,6.0,Quantum Insight,Technology,"San Francisco, USA",No,Full-time,"GCP, Generative AI, MLOps, Deep Learning, AWS",201-1000,202000.0,61,2026-04-16
JOB03738,Senior ML Engineer,Senior,6.0,Horizon Cloud,Automotive,"New York, USA",Yes,Full-time,"Azure, MLOps, Generative AI, NLP, Deep Learning, R",201-1000,185500.0,73,2025-07-14
JOB03739,AI Research Assistant,Entry,0.0,Skyline Data Co,Automotive,"London, UK",No,Full-time,"Python, Statistics, Excel, Tableau, Data Visualization",51-200,77500.0,78,2025-08-06
JOB03740,Lead Data Engineer,Senior,6.0,Silverline AI,Consulting,"Toronto, Canada",No,Contract,"GCP, Azure, Deep Learning, Kubernetes, NLP",51-200,179500.0,78,2026-06-15
JOB03741,Junior Data Scientist,Entry,0.0,Clearline Systems,Finance,"Toronto, Canada",Yes,Full-time,"Statistics, Tableau, Data Visualization, Docker",1001-5000,74000.0,56,2025-08-27
JOB03742,BI Analyst,Entry,0.0,Corelytics,Gaming,"Bengaluru, India",Yes,Contract,"Statistics, SQL, Python, Excel",201-1000,30500.0,34,2025-10-08
JOB03744,Machine Learning Engineer,Mid,3.0,Vertex Analytics,Consulting,"Austin, USA",Yes,Full-time,"Spark, Deep Learning, PyTorch, Power BI, SQL",1-50,112000.0,18,2026-01-28
JOB03745,Junior Data Scientist,Entry,0.0,Fusion Analytics,E-commerce,"New York, USA",No,Full-time,"Data Visualization, Python, Tableau, Statistics",51-200,90000.0,58,2026-04-05
JOB03746,Machine Learning Engineer,Mid,3.0,Pulse Robotics,Manufacturing,"Berlin, Germany",No,Full-time,"SQL, Deep Learning, TensorFlow, AWS, NLP",1001-5000,79000.0,43,2025-08-25
JOB03747,NLP Engineer,Mid,3.0,Zenith Data Group,Healthcare,"Berlin, Germany",No,Full-time,"Power BI, Deep Learning, PyTorch, AWS, SQL",51-200,76500.0,16,2025-08-31
JOB03748,NLP Engineer,Mid,3.0,Northstar Labs,Education,Singapore,No,Full-time,"Deep Learning, NLP, SQL, AWS",1001-5000,130500.0,59,2025-08-29
JOB03750,Data Analyst,Entry,0.0,Fusion Analytics,Healthcare,"San Francisco, USA",No,Full-time,"Excel, Tableau, SQL, Python",1001-5000,89500.0,78,2026-04-12
JOB03751,Data Engineer,Mid,3.0,Pulse Robotics,Automotive,"San Francisco, USA",No,Full-time,"Python, Spark, PyTorch, Deep Learning",51-200,139000.0,64,2026-03-18
JOB03752,Head of Analytics,Manager,10.0,Pulse Robotics,Consulting,"Berlin, Germany",No,Full-time,"Statistics, GCP, Generative AI, A/B Testing, LLMs",1-50,172500.0,63,2026-07-01
JOB03753,Senior ML Engineer,Senior,6.0,Orbital Systems,Gaming,"Dublin, Ireland",No,Full-time,"Generative AI, Azure, Computer Vision, TensorFlow",5000+,197500.0,67,2025-07-26
JOB03754,NLP Engineer,Mid,3.0,Skyline Data Co,Automotive,"London, UK",No,Full-time,"Machine Learning, PyTorch, TensorFlow, Deep Learning, Spark",1-50,142500.0,90,2026-05-25
JOB03755,Machine Learning Engineer,Mid,3.0,Bright Path AI,Technology,"Bengaluru, India",No,Contract,"PyTorch, NLP, AWS, Deep Learning",51-200,44000.0,35,2025-07-15
JOB03756,Data Engineer I,Entry,0.0,Silverline AI,Automotive,"Bengaluru, India",No,Full-time,"Tableau, Excel, Data Visualization",201-1000,33000.0,34,2026-06-22
JOB03757,Data Scientist,Mid,3.0,Quantum Insight,E-commerce,"Toronto, Canada",Yes,Part-time,"Deep Learning, Power BI, Python, PyTorch",51-200,110000.0,77,2025-07-04
JOB03758,Data Analyst,Entry,0.0,Pulse Robotics,Technology,"New York, USA",Yes,Full-time,"Statistics, Data Visualization, Excel, Tableau",201-1000,74500.0,15,2025-10-20
JOB03759,Senior Data Scientist,Senior,6.0,Novacore AI,Healthcare,"New York, USA",No,Full-time,"Generative AI, Computer Vision, Machine Learning, Kubernetes",201-1000,202000.0,42,2025-10-05
JOB03760,Data Scientist,Mid,3.0,Meridian Software,Manufacturing,"Austin, USA",No,Contract,"PyTorch, Spark, Power BI, TensorFlow, Python, Statistics",5000+,99000.0,10,2026-06-22
JOB03761,Senior Data Scientist,Senior,6.0,Nexora AI,Manufacturing,Singapore,No,Contract,"Computer Vision, GCP, Deep Learning",1-50,192500.0,92,2026-05-03
JOB03763,ML Engineer I,Entry,0.0,Ironpeak Tech,Consulting,"Dublin, Ireland",No,Contract,"Tableau, Python, Statistics, SQL, Excel, A/B Testing",201-1000,65500.0,36,2026-05-05
JOB03764,ML Engineer I,Entry,0.0,Orbital Systems,Telecommunications,Singapore,No,Full-time,"Statistics, Tableau, SQL, NLP",51-200,73000.0,21,2026-05-11
JOB03765,BI Analyst,Entry,0.0,Atlas Intelligence,E-commerce,"San Francisco, USA",No,Full-time,"SQL, Tableau, Statistics",1-50,107000.0,89,2025-07-23
JOB03766,Junior Data Scientist,Entry,0.0,Meridian Software,Education,Remote,Yes,Full-time,"Python, Statistics, SQL, Data Visualization, Power BI",201-1000,82500.0,52,2026-03-15
JOB03767,Senior Data Scientist,Senior,6.0,DataForge,Consulting,"London, UK",Yes,Part-time,"Deep Learning, AWS, Computer Vision, NLP",201-1000,211000.0,94,2025-10-13
JOB03768,Head of Analytics,Manager,10.0,Meridian Software,Automotive,"London, UK",No,Full-time,"Generative AI, GCP, AWS, LLMs",5000+,267000.0,146,2025-12-04
JOB03769,Data Engineer,Mid,3.0,Nexora AI,Gaming,Remote,Yes,Full-time,"Machine Learning, NLP, Power BI, TensorFlow, PyTorch",5000+,86000.0,82,2026-01-10
JOB03770,Senior ML Engineer,Senior,6.0,Meridian Software,Telecommunications,Remote,Yes,Full-time,"NLP, MLOps, LLMs, Airflow",201-1000,154500.0,13,2026-06-20
JOB03771,Senior ML Engineer,Senior,6.0,Northstar Labs,E-commerce,"London, UK",No,Full-time,"LLMs, Deep Learning, Azure, Generative AI, Machine Learning",201-1000,209000.0,30,2025-11-07
JOB03772,Data Analyst,Entry,0.0,Bright Path AI,Healthcare,Singapore,No,Full-time,"Data Visualization, Python, SQL, Tableau",201-1000,73500.0,60,2025-07-26
JOB03773,Data Engineer I,Entry,0.0,Horizon Cloud,Manufacturing,Remote,Yes,Full-time,"Statistics, SQL, Python, Tableau",51-200,75500.0,19,2025-09-02
JOB03774,AI Research Scientist,Senior,6.0,Ironpeak Tech,Healthcare,"Bengaluru, India",Yes,Full-time,"NLP, GCP, Azure, Deep Learning, Kubernetes",5000+,82500.0,32,2026-06-01
JOB03775,Analytics Engineer,Mid,3.0,Clearline Systems,Telecommunications,Remote,Yes,Full-time,"Spark, Machine Learning, Deep Learning, SQL, LLMs",1001-5000,90000.0,35,2025-09-19
JOB03776,Machine Learning Engineer,Mid,3.0,Atlas Intelligence,Healthcare,"Austin, USA",No,Full-time,"Spark, NLP, Deep Learning, SQL",1001-5000,128500.0,74,2025-12-19
JOB03777,Analytics Engineer,Mid,3.0,Novacore AI,E-commerce,Remote,Yes,Full-time,"Spark, TensorFlow, NLP, Generative AI",201-1000,106500.0,48,2025-10-11
JOB03778,Head of AI,Manager,10.0,Atlas Intelligence,E-commerce,"Bengaluru, India",Yes,Full-time,"Statistics, GCP, AWS, A/B Testing",1001-5000,135000.0,59,2026-07-01
JOB03779,Data Analyst,Entry,0.0,Pulse Robotics,Finance,"San Francisco, USA",Yes,Full-time,"Tableau, Data Visualization, Python, SQL, Statistics",1-50,108000.0,50,2025-11-03
JOB03780,BI Analyst,Entry,0.0,Skyline Data Co,Telecommunications,"Sydney, Australia",Yes,Contract,"SQL, Statistics, Excel",5000+,66000.0,6,2025-10-16
JOB03781,Senior Data Scientist,Senior,6.0,Meridian Software,E-commerce,"Austin, USA",No,Full-time,"LLMs, MLOps, Generative AI, Azure, Machine Learning",51-200,190000.0,44,2025-10-16
JOB03782,NLP Engineer,Mid,3.0,Northstar Labs,E-commerce,"New York, USA",No,Full-time,"NLP, SQL, Spark, Azure",201-1000,135000.0,60,2026-04-16
JOB03783,Junior Data Scientist,Entry,0.0,Northstar Labs,Telecommunications,"Berlin, Germany",No,Full-time,"Statistics, SQL, Tableau, Excel, Data Visualization, Computer Vision",51-200,73000.0,48,2026-04-13
JOB03785,AI Engineer,Mid,3.0,Corelytics,Consulting,"London, UK",No,Full-time,"NLP, Python, PyTorch",1001-5000,128000.0,57,2026-01-22
JOB03786,Machine Learning Engineer,Mid,3.0,Northstar Labs,Automotive,"London, UK",No,Full-time,"Power BI, PyTorch, AWS",1001-5000,95000.0,88,2026-06-09
JOB03787,Data Analyst,Entry,0.0,Meridian Software,Education,Singapore,Yes,Full-time,"Tableau, Python, SQL, Excel",201-1000,78000.0,75,2025-09-23
JOB03788,BI Analyst,Entry,0.0,Quantum Insight,E-commerce,"London, UK",No,Full-time,"Python, Excel, SQL",51-200,94000.0,51,2025-11-20
JOB03789,ML Engineer I,Entry,0.0,Skyline Data Co,Manufacturing,"Bengaluru, India",Yes,Full-time,"SQL, Statistics, Data Visualization, Excel, Python, Spark",201-1000,34500.0,46,2026-04-11
JOB03790,AI Research Assistant,Entry,0.0,Skyline Data Co,Telecommunications,"Sydney, Australia",No,Full-time,"Statistics, Python, Tableau, R",1001-5000,88500.0,63,2026-03-20
JOB03791,Data Engineer,Mid,3.0,Meridian Software,Consulting,Remote,Yes,Full-time,"PyTorch, Spark, TensorFlow, NLP, R",1-50,118000.0,16,2025-08-21
JOB03794,Data Engineer,Mid,3.0,Nexora AI,Education,"New York, USA",No,Full-time,"PyTorch, Deep Learning, AWS, Spark, SQL",51-200,142500.0,3,2025-11-12
JOB03795,AI Research Assistant,Entry,0.0,Atlas Intelligence,E-commerce,Remote,Yes,Full-time,"SQL, Excel, Python",201-1000,77500.0,25,2025-10-24
JOB03796,Junior Data Scientist,Entry,0.0,Pulse Robotics,Healthcare,"Sydney, Australia",No,Full-time,"SQL, Tableau, Data Visualization, Statistics, Excel, A/B Testing",1001-5000,85000.0,68,2025-07-27
JOB03797,Data Engineer,Mid,3.0,Bluewave Tech,Technology,"Austin, USA",Yes,Full-time,"SQL, TensorFlow, AWS, Python",5000+,124500.0,39,2025-08-05
JOB03798,Data Analyst,Entry,0.0,Orbital Systems,Automotive,Singapore,No,Full-time,"Data Visualization, Tableau, SQL, Statistics",201-1000,76000.0,54,2025-09-11
JOB03799,Computer Vision Engineer,Mid,3.0,Silverline AI,Consulting,"Dublin, Ireland",No,Full-time,"Python, SQL, Power BI, Machine Learning, TensorFlow",201-1000,130500.0,112,2026-06-26
JOB03801,ML Engineer I,Entry,0.0,Corelytics,Healthcare,Singapore,No,Full-time,"Python, Statistics, Tableau, Data Visualization, Excel, A/B Testing",1001-5000,73500.0,40,2026-04-21
JOB03802,AI Engineer,Mid,3.0,Bright Path AI,Telecommunications,"Austin, USA",No,Full-time,"Power BI, Deep Learning, AWS, NLP, TensorFlow, MLOps",51-200,108000.0,9,2025-10-24
JOB03803,Senior Data Scientist,Senior,6.0,Nexora AI,Telecommunications,"London, UK",Yes,Full-time,"Computer Vision, Machine Learning, Generative AI, Kubernetes",201-1000,215500.0,8,2026-06-02
JOB03805,Machine Learning Engineer,Mid,3.0,Zenith Data Group,Automotive,Remote,Yes,Full-time,"Spark, AWS, Power BI, Deep Learning, Python",51-200,118500.0,61,2026-02-18
JOB03806,Data Analyst,Entry,0.0,Silverline AI,E-commerce,"Berlin, Germany",No,Full-time,"Statistics, Python, Excel, Tableau, Data Visualization",51-200,47500.0,17,2026-07-11
JOB03807,Director of Data Science,Manager,10.0,Vertex Analytics,Telecommunications,Remote,Yes,Full-time,"Statistics, LLMs, AWS",51-200,248000.0,51,2025-12-16
JOB03808,Data Analyst,Entry,0.0,Fusion Analytics,Gaming,"San Francisco, USA",No,Full-time,"Data Visualization, Statistics, SQL",1-50,85000.0,38,2026-03-02
JOB03809,VP of Machine Learning,Manager,10.0,Clearline Systems,Automotive,"London, UK",No,Full-time,"MLOps, Generative AI, LLMs, GCP",51-200,264000.0,23,2026-06-05
JOB03810,Machine Learning Engineer,Mid,3.0,Bluewave Tech,Manufacturing,"Sydney, Australia",No,Full-time,"Spark, NLP, PyTorch, Power BI, Python",1-50,111500.0,7,2025-11-20
JOB03811,VP of Machine Learning,Manager,10.0,Quantum Insight,Technology,"Austin, USA",No,Full-time,"Statistics, Generative AI, GCP, LLMs, A/B Testing, AWS",1-50,261000.0,130,2025-08-06
JOB03812,ML Engineer I,Entry,0.0,Fusion Analytics,E-commerce,"Dublin, Ireland",No,Full-time,"Statistics, Excel, Data Visualization, Python, Tableau, Computer Vision",51-200,82000.0,132,2025-10-13
JOB03814,BI Analyst,Entry,0.0,Atlas Intelligence,Telecommunications,"New York, USA",No,Part-time,"Statistics, Tableau, SQL, Python, Excel, MLOps",1-50,73500.0,33,2026-06-30
JOB03816,Principal Data Scientist,Senior,6.0,Silverline AI,Manufacturing,"Dublin, Ireland",No,Full-time,"AWS, Machine Learning, Kubernetes, MLOps",1001-5000,153500.0,46,2026-02-08
JOB03817,Head of AI,Manager,10.0,Horizon Cloud,Healthcare,"Dublin, Ireland",No,Full-time,"LLMs, Statistics, AWS, MLOps, Power BI",5000+,190000.0,38,2025-07-20
JOB03818,Data Analyst,Entry,0.0,Fusion Analytics,Manufacturing,Remote,Yes,Full-time,"Statistics, Tableau, SQL, Python, Excel, Machine Learning",51-200,84500.0,17,2025-09-28
JOB03819,Senior Data Scientist,Senior,6.0,Novacore AI,Technology,"New York, USA",No,Full-time,"Machine Learning, AWS, Computer Vision, Generative AI, Deep Learning, Kubernetes",201-1000,222000.0,15,2025-12-21
JOB03820,Principal Data Scientist,Senior,6.0,Atlas Intelligence,Finance,"Berlin, Germany",Yes,Contract,"AWS, GCP, Azure, Kubernetes, NLP, Deep Learning",201-1000,158500.0,73,2025-12-03
JOB03822,BI Analyst,Entry,0.0,Vertex Analytics,Manufacturing,"San Francisco, USA",Yes,Full-time,"Python, Tableau, Excel, Statistics, Kubernetes",5000+,97000.0,33,2026-06-04
JOB03823,BI Analyst,Entry,0.0,Nexora AI,Technology,"Bengaluru, India",No,Contract,"Statistics, Python, Excel",201-1000,27500.0,44,2025-12-13
JOB03824,AI Research Assistant,Entry,0.0,Nexora AI,Telecommunications,"Austin, USA",Yes,Full-time,"Python, Statistics, Tableau",51-200,87000.0,175,2026-05-10
JOB03825,Data Engineer I,Entry,0.0,Zenith Data Group,Consulting,"London, UK",No,Full-time,"Python, Excel, Data Visualization, Tableau, Statistics",1001-5000,91000.0,22,2026-01-06
JOB03826,Machine Learning Engineer,Mid,3.0,Pulse Robotics,Education,"Berlin, Germany",No,Full-time,"Spark, Python, NLP",51-200,91000.0,55,2026-07-06
JOB03828,Data Scientist,Mid,3.0,Corelytics,E-commerce,"Austin, USA",No,Contract,"AWS, NLP, Power BI, SQL, Spark, Machine Learning",201-1000,132000.0,96,2026-06-10
JOB03829,BI Analyst,Entry,0.0,Ironpeak Tech,Consulting,"Dublin, Ireland",No,Contract,"Python, Statistics, Tableau, Data Visualization",1001-5000,62500.0,10,2026-04-17
JOB03830,Junior Data Scientist,Entry,0.0,DataForge,Healthcare,"Sydney, Australia",No,Full-time,"Python, Statistics, SQL, Tableau, Excel, Deep Learning",5000+,77500.0,52,2026-04-23
JOB03832,Data Engineer,Mid,3.0,Fusion Analytics,Finance,"Austin, USA",No,Full-time,"PyTorch, Spark, Python, NLP",1-50,145000.0,82,2025-10-28
JOB03833,Data Science Manager,Manager,10.0,Corelytics,Education,"San Francisco, USA",No,Contract,"AWS, LLMs, A/B Testing, Statistics, Generative AI",201-1000,293500.0,45,2026-06-26
JOB03834,Data Analyst,Entry,0.0,Northstar Labs,Consulting,"Toronto, Canada",No,Full-time,"SQL, Tableau, Data Visualization, Python, Excel, AWS",201-1000,75000.0,46,2025-10-11
JOB03835,ML Engineer I,Entry,0.0,Zenith Data Group,Healthcare,"Toronto, Canada",Yes,Full-time,"SQL, Python, Excel, Statistics, Tableau, Azure",5000+,56500.0,9,2026-02-01
JOB03836,AI Engineer,Mid,3.0,Atlas Intelligence,Finance,"Dublin, Ireland",No,Full-time,"Spark, PyTorch, Machine Learning",1001-5000,87000.0,64,2026-03-13
JOB03838,ML Engineer I,Entry,0.0,Northstar Labs,Technology,"New York, USA",Yes,Full-time,"Python, Tableau, Excel, Data Visualization, Azure",5000+,75000.0,58,2025-09-11
JOB03839,AI Research Scientist,Senior,6.0,Orbital Systems,Healthcare,"San Francisco, USA",No,Full-time,"Computer Vision, LLMs, GCP",201-1000,238500.0,3,2026-05-14
JOB03840,AI Research Scientist,Senior,6.0,Vertex Analytics,Telecommunications,"Toronto, Canada",Yes,Contract,"GCP, Deep Learning, Generative AI, NLP, MLOps, Tableau",5000+,145500.0,136,2026-05-04
JOB03841,Head of AI,Manager,10.0,Silverline AI,Finance,"Berlin, Germany",Yes,Full-time,"LLMs, MLOps, AWS, A/B Testing, Generative AI",1001-5000,202500.0,9,2025-11-24
JOB03842,AI Research Scientist,Senior,6.0,Meridian Software,Education,Singapore,Yes,Full-time,"NLP, GCP, LLMs, Kubernetes",51-200,206500.0,12,2026-04-01
JOB03843,AI Research Assistant,Entry,0.0,Pulse Robotics,Manufacturing,"San Francisco, USA",No,Full-time,"Data Visualization, SQL, Excel, Python",1-50,111500.0,99,2025-10-04
JOB03844,Data Analyst,Entry,0.0,Bright Path AI,E-commerce,"Dublin, Ireland",No,Full-time,"Data Visualization, Excel, Tableau, Statistics, Python",1-50,77000.0,6,2025-10-31
JOB03845,NLP Engineer,Mid,3.0,Silverline AI,Finance,"London, UK",No,Full-time,"SQL, Power BI, Deep Learning, A/B Testing",51-200,123000.0,24,2025-08-01
JOB03846,AI Engineer,Mid,3.0,Clearline Systems,Education,"San Francisco, USA",Yes,Full-time,"PyTorch, Python, Deep Learning, SQL",201-1000,178000.0,15,2026-02-07
JOB03847,Data Scientist,Mid,3.0,Silverline AI,Technology,"London, UK",No,Full-time,"SQL, Power BI, Machine Learning, AWS, TensorFlow",1-50,117500.0,25,2025-09-08
JOB03848,NLP Engineer,Mid,3.0,Ironpeak Tech,Gaming,"Toronto, Canada",Yes,Contract,"PyTorch, TensorFlow, Machine Learning",51-200,97000.0,21,2025-12-31
JOB03849,Analytics Engineer,Mid,3.0,Skyline Data Co,Automotive,"New York, USA",No,Part-time,"NLP, Spark, PyTorch, Python, Machine Learning",1-50,112500.0,16,2026-03-09
JOB03850,ML Engineer I,Entry,0.0,DataForge,Consulting,"New York, USA",No,Full-time,"Tableau, Python, Statistics, Data Visualization",201-1000,82500.0,71,2026-02-17
JOB03851,ML Engineer I,Entry,0.0,Orbital Systems,Education,Remote,Yes,Full-time,"Tableau, Statistics, Data Visualization, Excel, SQL",1001-5000,70500.0,9,2025-08-06
JOB03852,Senior ML Engineer,Senior,6.0,Orbital Systems,Telecommunications,Singapore,No,Contract,"LLMs, Generative AI, MLOps, Kubernetes",1001-5000,155500.0,40,2025-08-10
JOB03853,Data Engineer,Mid,3.0,Clearline Systems,Healthcare,"San Francisco, USA",No,Full-time,"Power BI, SQL, PyTorch, Machine Learning, Spark",1001-5000,154500.0,3,2025-09-29
JOB03854,Senior Data Scientist,Senior,6.0,Corelytics,Consulting,"Berlin, Germany",Yes,Full-time,"Kubernetes, AWS, Deep Learning, LLMs, TensorFlow",5000+,152000.0,56,2026-02-05
JOB03855,Analytics Engineer,Mid,3.0,Clearline Systems,E-commerce,"San Francisco, USA",Yes,Part-time,"SQL, PyTorch, Power BI, Spark, AWS, Computer Vision",1-50,137000.0,36,2026-01-19
JOB03856,Data Engineer I,Entry,0.0,Northstar Labs,Consulting,"Toronto, Canada",Yes,Full-time,"Tableau, Python, Statistics, Excel, Data Visualization",5000+,62500.0,31,2026-06-16
JOB03857,Director of Data Science,Manager,10.0,Meridian Software,Education,"Austin, USA",No,Part-time,"Statistics, GCP, MLOps, LLMs",51-200,246500.0,15,2026-07-11
JOB03858,ML Engineer I,Entry,0.0,Vertex Analytics,Manufacturing,"Toronto, Canada",No,Full-time,"Statistics, SQL, Data Visualization, Excel",1-50,68000.0,24,2025-07-21
JOB03859,Staff AI Engineer,Senior,6.0,Silverline AI,Manufacturing,"London, UK",Yes,Full-time,"Machine Learning, Deep Learning, GCP, AWS",201-1000,162500.0,26,2026-07-05
JOB03860,NLP Engineer,Mid,3.0,Nexora AI,Automotive,Singapore,No,Full-time,"AWS, Machine Learning, NLP, Deep Learning, Azure",5000+,117500.0,35,2026-02-04
JOB03861,AI Research Assistant,Entry,0.0,Pulse Robotics,Finance,"New York, USA",No,Full-time,"Data Visualization, Statistics, Python, Tableau, NLP",1-50,99500.0,86,2026-04-04
JOB03863,Lead Data Engineer,Senior,6.0,Northstar Labs,Consulting,Singapore,Yes,Full-time,"GCP, AWS, NLP",51-200,156500.0,52,2025-09-24
JOB03864,Data Engineer I,Entry,0.0,Corelytics,Healthcare,"San Francisco, USA",No,Full-time,"Data Visualization, Statistics, Tableau, SQL, Excel",51-200,82500.0,18,2026-02-02
JOB03865,Senior Data Scientist,Senior,6.0,Nexora AI,Finance,"Sydney, Australia",No,Part-time,"Azure, MLOps, Computer Vision",1001-5000,165000.0,47,2025-12-10
JOB03866,Data Engineer I,Entry,0.0,Northstar Labs,E-commerce,"Austin, USA",No,Full-time,"Tableau, SQL, Data Visualization",1-50,86000.0,18,2025-09-09
JOB03867,Data Scientist,Mid,3.0,Pulse Robotics,Finance,Singapore,No,Full-time,"TensorFlow, Machine Learning, Power BI, SQL, Docker",1-50,126500.0,39,2025-09-16
JOB03868,Data Science Manager,Manager,10.0,Quantum Insight,Technology,Singapore,Yes,Full-time,"A/B Testing, LLMs, Generative AI",201-1000,245500.0,22,2025-12-07
JOB03869,ML Engineer I,Entry,0.0,Bright Path AI,Telecommunications,"Dublin, Ireland",No,Full-time,"Excel, Data Visualization, Tableau, SQL, Statistics",1001-5000,53500.0,57,2025-07-31
JOB03870,Machine Learning Engineer,Mid,3.0,Atlas Intelligence,E-commerce,"Sydney, Australia",No,Full-time,"NLP, PyTorch, TensorFlow, Spark, Deep Learning, Kubernetes",201-1000,107500.0,16,2026-04-29
JOB03871,Junior Data Scientist,Entry,0.0,Pulse Robotics,Telecommunications,Singapore,Yes,Full-time,"Tableau, Statistics, Data Visualization, Python, Excel",201-1000,87000.0,51,2026-05-08
JOB03872,BI Analyst,Entry,0.0,Fusion Analytics,Finance,"San Francisco, USA",Yes,Contract,"SQL, Excel, Data Visualization, Statistics, Python",5000+,78000.0,47,2026-04-23
JOB03873,Junior Data Scientist,Entry,0.0,Ironpeak Tech,Healthcare,"Sydney, Australia",Yes,Full-time,"Data Visualization, Statistics, Excel",1-50,75500.0,37,2025-08-05
JOB03874,Analytics Engineer,Mid,3.0,Silverline AI,Technology,"Dublin, Ireland",No,Full-time,"Power BI, AWS, TensorFlow, Excel",1001-5000,92500.0,77,2026-06-04
JOB03876,AI Research Assistant,Entry,0.0,Horizon Cloud,Technology,"San Francisco, USA",No,Full-time,"Statistics, Tableau, Data Visualization",201-1000,78500.0,21,2026-02-23
JOB03877,AI Research Scientist,Senior,6.0,Bluewave Tech,Gaming,Singapore,No,Full-time,"LLMs, Azure, NLP",51-200,173000.0,37,2026-06-28
JOB03878,Lead Data Engineer,Senior,6.0,Bright Path AI,Telecommunications,"New York, USA",No,Full-time,"Computer Vision, NLP, LLMs, Deep Learning",51-200,172000.0,68,2026-05-14
JOB03879,AI Engineer,Mid,3.0,Orbital Systems,Consulting,"Toronto, Canada",Yes,Full-time,"Machine Learning, NLP, Python, Spark",201-1000,86500.0,56,2026-02-24
JOB03880,Data Analyst,Entry,0.0,Quantum Insight,Automotive,"Toronto, Canada",No,Full-time,"Statistics, Data Visualization, Tableau",51-200,60500.0,96,2026-05-05
JOB03881,AI Research Assistant,Entry,0.0,Fusion Analytics,Technology,Singapore,No,Full-time,"Excel, Statistics, Tableau, Data Visualization",201-1000,89500.0,51,2025-08-29
JOB03882,AI Research Scientist,Senior,6.0,Pulse Robotics,E-commerce,"Berlin, Germany",No,Full-time,"NLP, Deep Learning, MLOps, AWS, LLMs",1001-5000,164000.0,30,2025-08-06
JOB03883,Staff AI Engineer,Senior,6.0,Zenith Data Group,Healthcare,"Berlin, Germany",No,Full-time,"NLP, Kubernetes, Computer Vision, AWS, Statistics",1-50,141000.0,52,2025-10-21
JOB03884,Data Engineer,Mid,3.0,Zenith Data Group,Manufacturing,Remote,Yes,Full-time,"PyTorch, Spark, TensorFlow, Deep Learning, AWS",1001-5000,98000.0,26,2026-01-08
JOB03885,BI Analyst,Entry,0.0,Bluewave Tech,Finance,"Dublin, Ireland",No,Full-time,"Statistics, Data Visualization, Excel, SQL",1001-5000,58000.0,42,2026-04-17
JOB03887,NLP Engineer,Mid,3.0,Corelytics,Technology,"San Francisco, USA",Yes,Full-time,"Deep Learning, AWS, Spark, Python",51-200,149500.0,25,2026-07-08
JOB03888,NLP Engineer,Mid,3.0,Novacore AI,Manufacturing,"Dublin, Ireland",No,Full-time,"Deep Learning, Power BI, Machine Learning",51-200,114000.0,25,2025-09-28
JOB03889,Senior ML Engineer,Senior,6.0,Novacore AI,Healthcare,"Toronto, Canada",No,Full-time,"Computer Vision, LLMs, Machine Learning, Python",201-1000,180500.0,86,2025-12-01
JOB03890,Principal Data Scientist,Senior,6.0,Bluewave Tech,Automotive,"London, UK",No,Full-time,"Machine Learning, MLOps, Azure",51-200,177500.0,2,2026-02-09
JOB03891,NLP Engineer,Mid,3.0,Bright Path AI,Telecommunications,"Bengaluru, India",No,Full-time,"Spark, TensorFlow, AWS",201-1000,43500.0,169,2026-05-03
JOB03892,Machine Learning Engineer,Mid,3.0,Corelytics,E-commerce,Remote,Yes,Full-time,"NLP, Deep Learning, Power BI, Spark, PyTorch",1001-5000,115500.0,32,2025-07-08
JOB03893,Senior ML Engineer,Senior,6.0,Quantum Insight,Finance,Remote,Yes,Full-time,"MLOps, Generative AI, Azure, Deep Learning",1001-5000,144500.0,73,2026-02-27
JOB03894,Senior Data Scientist,Senior,6.0,Atlas Intelligence,Education,"Berlin, Germany",No,Full-time,"Azure, AWS, Computer Vision, GCP, Generative AI, Docker",51-200,136000.0,96,2025-07-22
JOB03895,Analytics Engineer,Mid,3.0,Atlas Intelligence,Manufacturing,"Austin, USA",No,Full-time,"AWS, NLP, Python",201-1000,101000.0,31,2025-10-03
JOB03896,AI Research Assistant,Entry,0.0,Horizon Cloud,Manufacturing,"San Francisco, USA",Yes,Full-time,"Tableau, Excel, Statistics, Data Visualization, SQL",51-200,91000.0,50,2025-12-28
JOB03897,Head of AI,Manager,10.0,Corelytics,Finance,"Berlin, Germany",Yes,Full-time,"LLMs, A/B Testing, GCP, AWS",1001-5000,193000.0,93,2025-10-01
JOB03898,Machine Learning Engineer,Mid,3.0,Corelytics,Automotive,"Sydney, Australia",No,Contract,"NLP, Deep Learning, AWS, PyTorch, Docker",51-200,92000.0,75,2026-05-26
JOB03899,Data Analyst,Entry,0.0,Vertex Analytics,Technology,"New York, USA",No,Full-time,"Statistics, Python, Data Visualization, Tableau, Excel, Docker",51-200,78500.0,27,2025-12-13
JOB03900,Data Engineer,Mid,3.0,Fusion Analytics,Education,"Dublin, Ireland",Yes,Full-time,"Spark, Python, TensorFlow, Machine Learning, Power BI",1001-5000,111500.0,94,2025-12-02
JOB03901,Junior Data Scientist,Entry,0.0,Atlas Intelligence,Manufacturing,"San Francisco, USA",Yes,Full-time,"Excel, SQL, Python, Statistics, Spark",1001-5000,86000.0,39,2026-02-17
JOB03902,NLP Engineer,Mid,3.0,Quantum Insight,Finance,"Berlin, Germany",No,Full-time,"Spark, NLP, Deep Learning, AWS, Generative AI",201-1000,108500.0,30,2026-05-27
JOB03903,Data Engineer I,Entry,0.0,Nexora AI,Consulting,"Bengaluru, India",Yes,Full-time,"SQL, Data Visualization, Statistics",1-50,30000.0,60,2026-05-30
JOB03904,Senior ML Engineer,Senior,6.0,Horizon Cloud,Education,Remote,Yes,Full-time,"Kubernetes, Machine Learning, LLMs",201-1000,155000.0,126,2025-09-10
JOB03905,Analytics Engineer,Mid,3.0,Clearline Systems,E-commerce,"Toronto, Canada",Yes,Full-time,"Python, Spark, PyTorch, Machine Learning, Deep Learning",1-50,89000.0,28,2025-08-17
JOB03906,Principal Data Scientist,Senior,6.0,Fusion Analytics,Manufacturing,"Dublin, Ireland",Yes,Full-time,"Deep Learning, Computer Vision, Generative AI, Azure, MLOps",51-200,170500.0,47,2025-08-15
JOB03907,Machine Learning Engineer,Mid,3.0,Novacore AI,Telecommunications,"London, UK",No,Full-time,"PyTorch, Spark, Machine Learning",201-1000,123500.0,35,2026-02-15
JOB03908,AI Research Assistant,Entry,0.0,Skyline Data Co,E-commerce,"Austin, USA",Yes,Full-time,"SQL, Python, Data Visualization, Deep Learning",51-200,68500.0,46,2026-06-07
JOB03909,Data Analyst,Entry,0.0,Quantum Insight,Finance,"Dublin, Ireland",No,Full-time,"Tableau, Python, Data Visualization, R",1-50,70000.0,42,2026-02-21
JOB03910,Junior Data Scientist,Entry,0.0,Northstar Labs,Finance,"Berlin, Germany",No,Full-time,"Statistics, Data Visualization, SQL, Python",201-1000,63000.0,62,2025-12-17
JOB03911,Data Engineer I,Entry,0.0,Orbital Systems,Technology,"Dublin, Ireland",No,Full-time,"Excel, Data Visualization, Tableau, SQL",1-50,84000.0,91,2026-01-14
JOB03912,AI Engineer,Mid,3.0,Fusion Analytics,Automotive,Singapore,No,Full-time,"Python, TensorFlow, Spark",1001-5000,138000.0,2,2026-03-02
JOB03913,Data Analyst,Entry,0.0,Fusion Analytics,Technology,"San Francisco, USA",Yes,Full-time,"Excel, SQL, Tableau, Data Visualization, Statistics",201-1000,81000.0,98,2025-08-19
JOB03914,Data Scientist,Mid,3.0,Silverline AI,Technology,"London, UK",No,Contract,"Deep Learning, Python, Machine Learning, AWS, NLP",1001-5000,105500.0,3,2025-09-02
JOB03915,Senior ML Engineer,Senior,6.0,Silverline AI,Finance,"Austin, USA",No,Contract,"Kubernetes, Computer Vision, Machine Learning, Deep Learning, MLOps",51-200,193000.0,111,2026-05-08
JOB03916,Director of Data Science,Manager,10.0,Atlas Intelligence,Education,"Dublin, Ireland",No,Full-time,"LLMs, MLOps, AWS, Statistics, Tableau",201-1000,270000.0,52,2026-04-28
JOB03918,Senior ML Engineer,Senior,6.0,Zenith Data Group,Telecommunications,"Dublin, Ireland",No,Full-time,"NLP, GCP, Computer Vision",1001-5000,193000.0,39,2025-12-12
JOB03919,AI Engineer,Mid,3.0,Corelytics,Automotive,"London, UK",Yes,Full-time,"Power BI, SQL, Python, Deep Learning",51-200,98000.0,33,2025-12-03
JOB03921,NLP Engineer,Mid,3.0,Clearline Systems,Manufacturing,"Austin, USA",Yes,Full-time,"TensorFlow, NLP, AWS",201-1000,118000.0,55,2026-03-05
JOB03922,Data Engineer,Mid,3.0,Bright Path AI,Healthcare,"San Francisco, USA",Yes,Full-time,"Python, Deep Learning, SQL, Power BI, Machine Learning",1-50,146000.0,22,2026-01-17
JOB03924,Junior Data Scientist,Entry,0.0,Bluewave Tech,Gaming,"Austin, USA",No,Contract,"Python, Statistics, Tableau, Data Visualization, Excel, Azure",201-1000,83000.0,55,2025-09-27
JOB03925,NLP Engineer,Mid,3.0,Novacore AI,E-commerce,"New York, USA",No,Full-time,"Python, AWS, TensorFlow, SQL",201-1000,131000.0,19,2025-10-11
JOB03926,Machine Learning Engineer,Mid,3.0,Silverline AI,Gaming,"Berlin, Germany",No,Full-time,"AWS, PyTorch, TensorFlow",51-200,85000.0,8,2025-11-21
JOB03927,Senior Data Scientist,Senior,6.0,Novacore AI,Gaming,"London, UK",Yes,Full-time,"Kubernetes, Azure, Generative AI, Machine Learning",51-200,216500.0,59,2026-06-22
JOB03928,BI Analyst,Entry,0.0,Ironpeak Tech,Gaming,"New York, USA",Yes,Full-time,"Data Visualization, SQL, Excel, Kubernetes",5000+,67500.0,45,2025-08-13
JOB03929,Senior ML Engineer,Senior,6.0,Zenith Data Group,Manufacturing,"London, UK",No,Contract,"GCP, AWS, Generative AI, Deep Learning, PyTorch",5000+,210500.0,48,2026-02-04
JOB03930,Data Engineer,Mid,3.0,Bright Path AI,Manufacturing,"Sydney, Australia",No,Full-time,"NLP, PyTorch, SQL, Data Visualization",51-200,114000.0,139,2025-12-21
JOB03931,Director of Data Science,Manager,10.0,Fusion Analytics,Technology,"London, UK",No,Full-time,"Statistics, Generative AI, AWS, Docker",5000+,204000.0,29,2026-05-10
JOB03932,NLP Engineer,Mid,3.0,DataForge,Technology,"San Francisco, USA",No,Full-time,"Deep Learning, AWS, TensorFlow",1001-5000,162500.0,24,2025-07-03
JOB03935,Data Engineer,Mid,3.0,Bluewave Tech,Finance,"San Francisco, USA",No,Full-time,"PyTorch, Python, TensorFlow",1001-5000,152500.0,22,2026-01-21
JOB03936,VP of Machine Learning,Manager,10.0,Quantum Insight,Automotive,"Austin, USA",Yes,Full-time,"Generative AI, A/B Testing, MLOps, Statistics, LLMs, R",51-200,284000.0,16,2025-12-24
JOB03937,Lead Data Engineer,Senior,6.0,Skyline Data Co,Healthcare,"London, UK",Yes,Full-time,"NLP, GCP, Machine Learning, Generative AI, Spark",201-1000,175000.0,9,2026-07-07
JOB03938,Data Engineer,Mid,3.0,Atlas Intelligence,Manufacturing,Singapore,Yes,Full-time,"SQL, Spark, Python, PyTorch",201-1000,133000.0,21,2025-07-11
JOB03939,Data Science Manager,Manager,10.0,Skyline Data Co,Telecommunications,"New York, USA",Yes,Contract,"GCP, A/B Testing, Generative AI, LLMs",201-1000,342500.0,33,2026-03-30
JOB03940,NLP Engineer,Mid,3.0,Silverline AI,Healthcare,"Bengaluru, India",Yes,Full-time,"Spark, SQL, Power BI, NLP, TensorFlow",1001-5000,49500.0,5,2026-02-25
JOB03941,AI Research Assistant,Entry,0.0,Skyline Data Co,Telecommunications,"Berlin, Germany",Yes,Full-time,"Data Visualization, Tableau, Excel, Python",201-1000,62500.0,31,2025-10-01
JOB03942,Data Scientist,Mid,3.0,Nexora AI,Technology,"London, UK",No,Full-time,"Python, Machine Learning, Spark, Power BI, SQL",51-200,127500.0,56,2025-07-01
JOB03943,BI Analyst,Entry,0.0,Pulse Robotics,Manufacturing,"New York, USA",No,Full-time,"Excel, Statistics, Data Visualization",1-50,71500.0,50,2026-04-08
JOB03944,Senior Data Scientist,Senior,6.0,Vertex Analytics,Manufacturing,"Sydney, Australia",Yes,Part-time,"NLP, Deep Learning, GCP, Generative AI, MLOps",201-1000,182000.0,74,2026-02-16
JOB03945,Data Scientist,Mid,3.0,Northstar Labs,Healthcare,"Bengaluru, India",Yes,Contract,"Power BI, AWS, TensorFlow",1001-5000,44500.0,77,2025-09-24
JOB03946,Data Engineer,Mid,3.0,Silverline AI,E-commerce,"Toronto, Canada",No,Full-time,"NLP, TensorFlow, Machine Learning",51-200,122000.0,118,2026-04-13
JOB03947,Machine Learning Engineer,Mid,3.0,Ironpeak Tech,Education,"New York, USA",Yes,Full-time,"Spark, SQL, Power BI, AWS",51-200,133500.0,44,2025-12-03
JOB03948,AI Research Scientist,Senior,6.0,Fusion Analytics,Automotive,"Austin, USA",No,Full-time,"GCP, Generative AI, Deep Learning, R",5000+,180500.0,119,2025-09-09
JOB03949,Lead Data Engineer,Senior,6.0,Fusion Analytics,Education,"Sydney, Australia",No,Full-time,"Generative AI, MLOps, AWS",201-1000,144500.0,63,2026-06-09
JOB03950,AI Research Scientist,Senior,6.0,Vertex Analytics,Gaming,"Austin, USA",No,Full-time,"Computer Vision, NLP, GCP, Azure, AWS",1001-5000,215500.0,75,2025-08-11
JOB03952,Data Analyst,Entry,0.0,Corelytics,Manufacturing,"Austin, USA",No,Full-time,"Data Visualization, Statistics, SQL, Python",51-200,75500.0,30,2026-06-22
JOB03953,AI Research Assistant,Entry,0.0,Novacore AI,Education,"Berlin, Germany",Yes,Part-time,"Python, Tableau, Statistics, Excel, Data Visualization",201-1000,61500.0,7,2025-12-17
JOB03954,NLP Engineer,Mid,3.0,Atlas Intelligence,Automotive,Remote,Yes,Part-time,"PyTorch, TensorFlow, NLP",201-1000,129000.0,120,2026-04-05
JOB03955,Data Engineer,Mid,3.0,Quantum Insight,Finance,"Dublin, Ireland",Yes,Full-time,"Spark, Power BI, Python, Deep Learning, Machine Learning",5000+,96000.0,21,2026-02-02
JOB03956,Machine Learning Engineer,Mid,3.0,Meridian Software,Telecommunications,"Sydney, Australia",No,Full-time,"Machine Learning, Spark, AWS, Tableau",1001-5000,114500.0,25,2025-07-16
JOB03957,Lead Data Engineer,Senior,6.0,Orbital Systems,Consulting,"Bengaluru, India",No,Full-time,"AWS, MLOps, NLP, Generative AI, Azure",5000+,90500.0,13,2025-09-01
JOB03958,AI Research Scientist,Senior,6.0,Horizon Cloud,Healthcare,"New York, USA",No,Full-time,"AWS, Generative AI, LLMs, Kubernetes, Machine Learning, TensorFlow",1-50,215500.0,48,2026-06-05
JOB03959,Lead Data Engineer,Senior,6.0,Pulse Robotics,Automotive,"Toronto, Canada",No,Full-time,"Kubernetes, NLP, LLMs",201-1000,176000.0,13,2026-02-04
JOB03960,Machine Learning Engineer,Mid,3.0,Pulse Robotics,Education,"Toronto, Canada",No,Full-time,"TensorFlow, Power BI, PyTorch",51-200,105000.0,92,2026-03-18
JOB03961,AI Research Assistant,Entry,0.0,Horizon Cloud,Finance,"Bengaluru, India",No,Full-time,"Statistics, Tableau, Excel, Data Visualization, Python",1-50,27000.0,19,2026-05-24
JOB03962,Data Engineer I,Entry,0.0,Novacore AI,Automotive,"Sydney, Australia",Yes,Full-time,"Statistics, Data Visualization, Python",1001-5000,74000.0,51,2026-05-01
JOB03963,AI Research Assistant,Entry,0.0,Atlas Intelligence,Healthcare,Singapore,No,Full-time,"Excel, Statistics, Data Visualization, Tableau",1001-5000,56000.0,47,2026-07-04
JOB03964,Analytics Engineer,Mid,3.0,Corelytics,Healthcare,"Austin, USA",No,Full-time,"Spark, PyTorch, Deep Learning",1-50,131000.0,43,2026-04-03
JOB03966,AI Engineer,Mid,3.0,Meridian Software,Healthcare,"Austin, USA",No,Full-time,"PyTorch, Deep Learning, Power BI",1001-5000,104500.0,33,2026-06-21
JOB03967,Lead Data Engineer,Senior,6.0,Ironpeak Tech,Healthcare,"Dublin, Ireland",No,Full-time,"GCP, AWS, Computer Vision, MLOps",5000+,186500.0,68,2025-12-21
JOB03968,AI Engineer,Mid,3.0,Novacore AI,Manufacturing,"Berlin, Germany",No,Full-time,"Python, Deep Learning, NLP, Power BI, Generative AI",1-50,95000.0,69,2026-03-17
JOB03969,Staff AI Engineer,Senior,6.0,Bright Path AI,Education,"Dublin, Ireland",No,Full-time,"Kubernetes, LLMs, Computer Vision",1-50,152000.0,68,2026-01-18
JOB03970,Computer Vision Engineer,Mid,3.0,DataForge,Gaming,"San Francisco, USA",No,Full-time,"Python, AWS, Deep Learning, Power BI, TensorFlow",1001-5000,138000.0,27,2026-02-16
JOB03971,Senior ML Engineer,Senior,6.0,DataForge,Healthcare,Singapore,No,Full-time,"Kubernetes, LLMs, Generative AI, PyTorch",201-1000,141500.0,36,2026-05-21
JOB03973,Data Scientist,Mid,3.0,Vertex Analytics,E-commerce,Singapore,Yes,Contract,"Spark, Machine Learning, SQL, Deep Learning, PyTorch, AWS",1001-5000,90500.0,106,2025-08-11
JOB03974,ML Engineer I,Entry,0.0,Fusion Analytics,Healthcare,"Austin, USA",Yes,Full-time,"SQL, Excel, Statistics, Tableau",51-200,72500.0,90,2025-12-25
JOB03975,Data Engineer,Mid,3.0,Northstar Labs,Healthcare,Remote,Yes,Full-time,"NLP, Power BI, Deep Learning, Spark, Machine Learning",1-50,91500.0,16,2025-07-04
JOB03976,Data Engineer,Mid,3.0,DataForge,Gaming,"Austin, USA",Yes,Full-time,"Deep Learning, PyTorch, Python, AWS, SQL, MLOps",5000+,107500.0,8,2026-04-02
JOB03977,Staff AI Engineer,Senior,6.0,Ironpeak Tech,Finance,Remote,Yes,Full-time,"NLP, Computer Vision, LLMs, MLOps, Azure",1-50,146500.0,38,2026-02-25
JOB03978,Analytics Engineer,Mid,3.0,Skyline Data Co,Technology,"Dublin, Ireland",No,Full-time,"Machine Learning, TensorFlow, AWS, Python, PyTorch",1001-5000,114000.0,110,2025-11-19
JOB03979,Data Engineer I,Entry,0.0,Fusion Analytics,E-commerce,"Austin, USA",No,Full-time,"Statistics, Python, Excel, NLP",51-200,72500.0,13,2025-10-19
JOB03980,VP of Machine Learning,Manager,10.0,Bluewave Tech,Consulting,Singapore,No,Contract,"MLOps, Generative AI, GCP, A/B Testing",51-200,302500.0,124,2025-11-13
JOB03981,Data Engineer I,Entry,0.0,Orbital Systems,Gaming,"Austin, USA",No,Full-time,"SQL, Data Visualization, Python",1001-5000,74500.0,22,2026-06-03
JOB03982,ML Engineer I,Entry,0.0,Zenith Data Group,Technology,"New York, USA",No,Full-time,"Excel, Data Visualization, Python, Statistics, Airflow",51-200,85000.0,12,2025-08-12
JOB03983,ML Engineer I,Entry,0.0,Skyline Data Co,E-commerce,"London, UK",No,Contract,"Python, SQL, Data Visualization, Tableau, Excel, MLOps",201-1000,73000.0,14,2025-09-04
JOB03984,Principal Data Scientist,Senior,6.0,Clearline Systems,Education,"San Francisco, USA",No,Full-time,"Deep Learning, Machine Learning, GCP, MLOps, Docker",1001-5000,265000.0,39,2025-08-08
JOB03985,BI Analyst,Entry,0.0,Corelytics,Technology,"San Francisco, USA",No,Full-time,"Python, Data Visualization, Excel, SQL, Statistics, Computer Vision",201-1000,76000.0,21,2026-02-09
JOB03986,NLP Engineer,Mid,3.0,Bluewave Tech,Finance,"Toronto, Canada",Yes,Contract,"Power BI, Deep Learning, SQL, PyTorch, Python",5000+,114500.0,15,2025-08-22
JOB03987,AI Engineer,Mid,3.0,Novacore AI,Technology,Singapore,Yes,Full-time,"AWS, NLP, SQL, Deep Learning",1001-5000,133000.0,100,2026-03-03
JOB03988,Data Analyst,Entry,0.0,Atlas Intelligence,E-commerce,Remote,Yes,Full-time,"Excel, Tableau, Data Visualization, Azure",51-200,79500.0,38,2025-11-16
JOB03989,Data Engineer I,Entry,0.0,Zenith Data Group,Education,Remote,Yes,Full-time,"Tableau, Excel, Statistics",5000+,55500.0,49,2026-05-20
JOB03990,Staff AI Engineer,Senior,6.0,Ironpeak Tech,Healthcare,Singapore,No,Full-time,"MLOps, Computer Vision, GCP, Kubernetes, Deep Learning",1-50,198000.0,28,2025-10-30
JOB03991,Analytics Engineer,Mid,3.0,Meridian Software,Education,"Berlin, Germany",No,Full-time,"Power BI, Python, NLP, Machine Learning",201-1000,95000.0,15,2026-04-26
JOB03992,Data Scientist,Mid,3.0,Ironpeak Tech,Gaming,"Sydney, Australia",No,Full-time,"PyTorch, Power BI, Python, Machine Learning, Spark",201-1000,97500.0,16,2025-09-20
JOB03993,Principal Data Scientist,Senior,6.0,Nexora AI,Telecommunications,"Berlin, Germany",No,Full-time,"Azure, Generative AI, LLMs, Deep Learning, PyTorch",201-1000,139000.0,19,2025-09-18
JOB03994,Senior Data Scientist,Senior,6.0,Novacore AI,Finance,"London, UK",No,Full-time,"Deep Learning, Azure, GCP",201-1000,203000.0,185,2026-07-01
JOB03995,Machine Learning Engineer,Mid,3.0,Pulse Robotics,E-commerce,"New York, USA",Yes,Contract,"AWS, Python, PyTorch, NLP, R",1001-5000,133500.0,107,2026-01-20
JOB03996,Lead Data Engineer,Senior,6.0,Northstar Labs,Manufacturing,"Toronto, Canada",No,Full-time,"MLOps, GCP, Computer Vision",51-200,169500.0,58,2026-03-21
JOB03997,NLP Engineer,Mid,3.0,Skyline Data Co,Manufacturing,"Austin, USA",Yes,Full-time,"PyTorch, Power BI, Python, Deep Learning, NLP",5000+,101000.0,17,2026-05-18
JOB03998,NLP Engineer,Mid,3.0,Fusion Analytics,Healthcare,"Bengaluru, India",Yes,Full-time,"Python, PyTorch, SQL, Deep Learning, AWS",51-200,50000.0,39,2025-10-07
JOB03999,Data Analyst,Entry,0.0,Quantum Insight,Telecommunications,Remote,Yes,Full-time,"Data Visualization, SQL, Tableau, Statistics",51-200,67000.0,70,2026-05-28
JOB04000,Junior Data Scientist,Entry,0.0,Nexora AI,Automotive,"London, UK",No,Full-time,"Excel, Statistics, Tableau, SQL",51-200,85500.0,18,2026-04-17
JOB04001,Staff AI Engineer,Senior,6.0,DataForge,Gaming,Remote,Yes,Full-time,"LLMs, NLP, MLOps, Generative AI",201-1000,181000.0,50,2025-09-24
JOB04003,AI Research Assistant,Entry,0.0,Meridian Software,Education,"Toronto, Canada",Yes,Full-time,"Tableau, Excel, SQL, Statistics, Data Visualization",5000+,77000.0,9,2026-06-19
JOB04004,AI Engineer,Mid,3.0,Quantum Insight,Automotive,"Dublin, Ireland",Yes,Full-time,"Deep Learning, TensorFlow, NLP",1001-5000,119500.0,31,2025-10-29
JOB04005,Computer Vision Engineer,Mid,3.0,Bright Path AI,Healthcare,"New York, USA",Yes,Full-time,"SQL, TensorFlow, NLP, Power BI, Kubernetes",201-1000,147000.0,22,2025-07-04
JOB04006,Junior Data Scientist,Entry,0.0,Meridian Software,Automotive,"San Francisco, USA",No,Full-time,"SQL, Python, Data Visualization, A/B Testing",201-1000,109000.0,27,2026-03-11
JOB04007,Staff AI Engineer,Senior,6.0,Vertex Analytics,Telecommunications,"Berlin, Germany",No,Full-time,"Computer Vision, Azure, Kubernetes",1-50,167500.0,5,2026-06-30
JOB04008,Computer Vision Engineer,Mid,3.0,Orbital Systems,Education,"Bengaluru, India",No,Full-time,"TensorFlow, Machine Learning, Deep Learning, PyTorch",201-1000,53000.0,32,2026-02-19
JOB04009,Data Analyst,Entry,0.0,Corelytics,E-commerce,"New York, USA",Yes,Full-time,"Tableau, SQL, Excel, Python, Statistics",51-200,102500.0,51,2026-03-04
JOB04010,Junior Data Scientist,Entry,0.0,Atlas Intelligence,Finance,Remote,Yes,Full-time,"Data Visualization, Statistics, Python, Excel",1-50,77000.0,50,2026-04-11
JOB04011,Principal Data Scientist,Senior,6.0,Orbital Systems,E-commerce,"San Francisco, USA",No,Full-time,"LLMs, Computer Vision, Deep Learning, GCP, Docker",51-200,208000.0,13,2025-09-21
JOB04012,Senior Data Scientist,Senior,6.0,Bright Path AI,Technology,"New York, USA",No,Full-time,"Kubernetes, NLP, AWS",51-200,163000.0,18,2025-08-04
JOB04013,Junior Data Scientist,Entry,0.0,Ironpeak Tech,Automotive,"Austin, USA",No,Full-time,"Excel, Python, SQL, Statistics, AWS",51-200,74500.0,12,2025-08-05
JOB04014,NLP Engineer,Mid,3.0,Ironpeak Tech,Education,"Toronto, Canada",Yes,Full-time,"Python, Machine Learning, NLP",1001-5000,107500.0,31,2026-03-06
JOB04015,Computer Vision Engineer,Mid,3.0,Northstar Labs,Telecommunications,"Berlin, Germany",No,Full-time,"AWS, PyTorch, SQL, Deep Learning, TensorFlow, A/B Testing",5000+,104500.0,60,2025-11-17
JOB04016,AI Engineer,Mid,3.0,DataForge,Technology,"New York, USA",Yes,Full-time,"PyTorch, SQL, Deep Learning, Power BI, Spark",51-200,109500.0,147,2025-08-25
JOB04017,Data Analyst,Entry,0.0,Silverline AI,Telecommunications,"Austin, USA",No,Full-time,"SQL, Statistics, Python, Excel, Tableau, Kubernetes",201-1000,91000.0,26,2026-06-19
JOB04018,AI Engineer,Mid,3.0,Northstar Labs,Technology,"Austin, USA",No,Contract,"TensorFlow, SQL, Spark",5000+,134500.0,18,2026-06-27
JOB04019,AI Engineer,Mid,3.0,Nexora AI,Manufacturing,"Toronto, Canada",No,Full-time,"Deep Learning, NLP, SQL, Statistics",5000+,84000.0,92,2026-03-02
JOB04020,AI Research Scientist,Senior,6.0,Bright Path AI,Manufacturing,"London, UK",No,Full-time,"MLOps, Generative AI, Deep Learning, NLP",1001-5000,165000.0,22,2025-08-15
JOB04022,Lead Data Engineer,Senior,6.0,Zenith Data Group,Telecommunications,"Austin, USA",Yes,Full-time,"Machine Learning, AWS, GCP",5000+,197500.0,57,2026-02-13
JOB04023,Analytics Engineer,Mid,3.0,Ironpeak Tech,Automotive,"Austin, USA",No,Full-time,"Python, NLP, Deep Learning, Power BI, Kubernetes",5000+,136000.0,69,2026-05-31
JOB04024,Data Engineer I,Entry,0.0,Bluewave Tech,Manufacturing,"London, UK",No,Full-time,"Excel, Python, SQL, Data Visualization",1001-5000,94500.0,40,2025-10-12
JOB04025,BI Analyst,Entry,0.0,Silverline AI,Consulting,"Toronto, Canada",Yes,Full-time,"SQL, Statistics, Python, Excel, Tableau, PyTorch",1001-5000,78000.0,45,2026-02-10
JOB04026,Data Engineer,Mid,3.0,Pulse Robotics,Education,"Dublin, Ireland",Yes,Contract,"Spark, Power BI, PyTorch",201-1000,88000.0,16,2026-05-31
JOB04028,Lead Data Engineer,Senior,6.0,Northstar Labs,Finance,"Sydney, Australia",No,Full-time,"MLOps, AWS, NLP",201-1000,205500.0,47,2026-04-06
JOB04030,Data Scientist,Mid,3.0,Nexora AI,Finance,"New York, USA",Yes,Full-time,"SQL, TensorFlow, Python, AWS, LLMs",51-200,143500.0,83,2026-03-27
JOB04031,Principal Data Scientist,Senior,6.0,Quantum Insight,Automotive,"Berlin, Germany",No,Contract,"LLMs, Computer Vision, MLOps, Azure, Generative AI, Python",5000+,136500.0,56,2025-11-07
JOB04032,ML Engineer I,Entry,0.0,Silverline AI,Consulting,Remote,Yes,Full-time,"Statistics, Excel, Tableau",5000+,84500.0,141,2026-03-17
JOB04033,Computer Vision Engineer,Mid,3.0,Atlas Intelligence,Finance,"Sydney, Australia",No,Full-time,"SQL, Power BI, AWS, Machine Learning",1-50,138500.0,25,2025-09-04
JOB04034,Analytics Engineer,Mid,3.0,DataForge,Healthcare,"Berlin, Germany",No,Full-time,"Deep Learning, NLP, Power BI, TensorFlow, LLMs",1001-5000,90500.0,102,2025-12-19
JOB04035,Senior ML Engineer,Senior,6.0,Bluewave Tech,Education,Remote,Yes,Full-time,"Deep Learning, Kubernetes, MLOps, AWS, Azure, R",1001-5000,178000.0,37,2025-11-05
JOB04036,Data Scientist,Mid,3.0,Nexora AI,Education,Remote,Yes,Full-time,"TensorFlow, AWS, Spark",1-50,126000.0,40,2026-06-06
JOB04037,Machine Learning Engineer,Mid,3.0,Pulse Robotics,Healthcare,Singapore,No,Contract,"Spark, Power BI, PyTorch",201-1000,117000.0,25,2025-09-29
JOB04038,AI Research Scientist,Senior,6.0,Skyline Data Co,E-commerce,"Toronto, Canada",No,Full-time,"NLP, MLOps, Computer Vision, Tableau",1-50,174000.0,34,2025-07-27
JOB04039,ML Engineer I,Entry,0.0,Vertex Analytics,Education,"Berlin, Germany",No,Full-time,"SQL, Statistics, Tableau, Excel",5000+,62500.0,49,2026-05-21
JOB04040,AI Research Scientist,Senior,6.0,Skyline Data Co,Finance,"Dublin, Ireland",Yes,Full-time,"Machine Learning, Kubernetes, AWS, Azure",51-200,144000.0,15,2025-07-29
JOB04041,Data Engineer,Mid,3.0,Meridian Software,Consulting,"Dublin, Ireland",No,Full-time,"PyTorch, Deep Learning, TensorFlow, Python, Machine Learning",51-200,103000.0,86,2026-02-18
JOB04043,AI Research Assistant,Entry,0.0,DataForge,Education,"Bengaluru, India",No,Full-time,"Python, Excel, Data Visualization, Tableau, SQL",1001-5000,38000.0,82,2025-09-28
JOB04044,Lead Data Engineer,Senior,6.0,Ironpeak Tech,Education,"Bengaluru, India",No,Full-time,"GCP, Generative AI, AWS, MLOps, Deep Learning",51-200,87500.0,58,2025-07-21
JOB04045,Senior Data Scientist,Senior,6.0,Bluewave Tech,E-commerce,"Austin, USA",Yes,Full-time,"NLP, Machine Learning, Computer Vision, Azure",1-50,214500.0,58,2026-07-08
JOB04046,Senior Data Scientist,Senior,6.0,Corelytics,Education,Remote,Yes,Part-time,"NLP, Computer Vision, Deep Learning",51-200,192000.0,7,2026-05-29
JOB04047,Data Engineer I,Entry,0.0,Ironpeak Tech,Automotive,"New York, USA",No,Full-time,"Python, Excel, Statistics",51-200,95000.0,45,2026-06-14
JOB04048,Data Engineer I,Entry,0.0,Corelytics,Gaming,Singapore,No,Full-time,"Excel, Tableau, Statistics, Data Visualization, LLMs",5000+,72500.0,169,2025-08-24
JOB04049,Principal Data Scientist,Senior,6.0,Novacore AI,Consulting,Remote,Yes,Full-time,"Deep Learning, Kubernetes, GCP, AWS, Python",1-50,159500.0,97,2025-07-16
JOB04050,AI Research Scientist,Senior,6.0,Bluewave Tech,E-commerce,"Toronto, Canada",No,Full-time,"Azure, NLP, Deep Learning, AWS, Computer Vision, A/B Testing",51-200,145500.0,58,2026-07-12
JOB04051,Data Engineer I,Entry,0.0,Skyline Data Co,Telecommunications,"Sydney, Australia",No,Part-time,"Statistics, Python, Tableau, Excel, Generative AI",1001-5000,88000.0,22,2026-03-01
JOB04052,Data Analyst,Entry,0.0,Clearline Systems,E-commerce,"Toronto, Canada",No,Full-time,"Data Visualization, SQL, Python, Tableau, Machine Learning",1001-5000,55500.0,36,2025-11-04
JOB04053,ML Engineer I,Entry,0.0,Fusion Analytics,Manufacturing,"Dublin, Ireland",No,Full-time,"Excel, Statistics, Python, Data Visualization, Tableau",201-1000,67000.0,32,2025-07-04
JOB04054,Data Engineer,Mid,3.0,Silverline AI,E-commerce,"Dublin, Ireland",No,Full-time,"TensorFlow, Python, Deep Learning, Machine Learning, SQL",5000+,87000.0,19,2025-09-12
JOB04056,Data Science Manager,Manager,10.0,Ironpeak Tech,Finance,Singapore,No,Full-time,"Statistics, GCP, A/B Testing",51-200,214500.0,112,2025-12-20
JOB04057,Data Scientist,Mid,3.0,Fusion Analytics,Manufacturing,"Dublin, Ireland",No,Full-time,"AWS, Spark, SQL",201-1000,87500.0,44,2026-06-25
JOB04058,Data Engineer I,Entry,0.0,Quantum Insight,Automotive,"Dublin, Ireland",No,Full-time,"Data Visualization, Python, Statistics, SQL",51-200,71000.0,126,2025-11-17
JOB04059,Data Scientist,Mid,3.0,Zenith Data Group,Technology,"Dublin, Ireland",Yes,Full-time,"TensorFlow, PyTorch, Spark, Machine Learning, Python",1001-5000,88500.0,13,2025-12-22
JOB04060,Junior Data Scientist,Entry,0.0,Orbital Systems,Finance,Singapore,Yes,Contract,"SQL, Excel, Python, Statistics, Tableau",5000+,88500.0,15,2025-09-20
JOB04062,ML Engineer I,Entry,0.0,Meridian Software,Consulting,"Dublin, Ireland",No,Full-time,"SQL, Tableau, Python, Computer Vision",51-200,60000.0,30,2026-06-02
JOB04063,AI Research Scientist,Senior,6.0,Quantum Insight,Automotive,"Dublin, Ireland",No,Full-time,"Generative AI, LLMs, NLP, Deep Learning",1001-5000,135000.0,25,2025-10-31
JOB04064,Data Engineer,Mid,3.0,Bright Path AI,Technology,Remote,Yes,Full-time,"Deep Learning, Machine Learning, PyTorch, Spark",201-1000,102000.0,27,2025-11-24
JOB04065,Analytics Engineer,Mid,3.0,Clearline Systems,Education,"Berlin, Germany",No,Full-time,"Python, NLP, AWS, SQL, Airflow",51-200,87000.0,58,2025-08-23
JOB04066,AI Research Scientist,Senior,6.0,Vertex Analytics,Finance,"Berlin, Germany",No,Full-time,"Deep Learning, Azure, GCP",201-1000,132500.0,71,2025-12-19
JOB04068,Senior ML Engineer,Senior,6.0,Skyline Data Co,Automotive,"Austin, USA",No,Full-time,"NLP, Kubernetes, GCP",1001-5000,156000.0,71,2026-03-09
JOB04069,Junior Data Scientist,Entry,0.0,Ironpeak Tech,Education,"Austin, USA",No,Full-time,"SQL, Python, Statistics, AWS",201-1000,83500.0,60,2025-09-03
JOB04070,Junior Data Scientist,Entry,0.0,Pulse Robotics,Consulting,"Austin, USA",Yes,Full-time,"SQL, Excel, Data Visualization, Statistics",1001-5000,67500.0,17,2026-07-10
JOB04071,ML Engineer I,Entry,0.0,Novacore AI,Finance,"Toronto, Canada",No,Full-time,"Excel, Statistics, Tableau, Python, TensorFlow",5000+,72500.0,50,2025-10-15
JOB04072,Senior Data Scientist,Senior,6.0,Skyline Data Co,Telecommunications,"Bengaluru, India",Yes,Full-time,"MLOps, Generative AI, Computer Vision, AWS, Azure",1001-5000,94500.0,91,2025-11-06
JOB04073,Analytics Engineer,Mid,3.0,Clearline Systems,Gaming,Singapore,No,Full-time,"Machine Learning, AWS, TensorFlow, Power BI, Docker",5000+,111000.0,58,2025-12-18
JOB04074,Staff AI Engineer,Senior,6.0,Meridian Software,E-commerce,"Austin, USA",No,Contract,"Machine Learning, LLMs, MLOps, Deep Learning, AWS",1-50,171500.0,37,2026-05-09
JOB04076,Machine Learning Engineer,Mid,3.0,Fusion Analytics,Technology,"Dublin, Ireland",No,Contract,"PyTorch, Spark, AWS",1-50,88500.0,76,2026-01-14
JOB04077,Senior Data Scientist,Senior,6.0,Fusion Analytics,Finance,Singapore,No,Full-time,"Azure, Kubernetes, MLOps",1-50,182500.0,113,2026-05-22
JOB04078,AI Engineer,Mid,3.0,Vertex Analytics,Gaming,"Bengaluru, India",No,Full-time,"Machine Learning, SQL, PyTorch",1-50,62500.0,40,2025-07-04
JOB04079,Head of AI,Manager,10.0,Ironpeak Tech,Automotive,Remote,Yes,Full-time,"Generative AI, GCP, LLMs, A/B Testing",201-1000,189500.0,16,2026-02-20
JOB04080,BI Analyst,Entry,0.0,Atlas Intelligence,E-commerce,"Berlin, Germany",No,Full-time,"Python, Tableau, Excel",5000+,72500.0,39,2026-05-14
JOB04081,Data Analyst,Entry,0.0,Bright Path AI,Manufacturing,"Bengaluru, India",No,Full-time,"Python, Data Visualization, Excel, Statistics",51-200,39000.0,73,2026-02-17
JOB04082,Data Scientist,Mid,3.0,Horizon Cloud,Manufacturing,"Dublin, Ireland",Yes,Full-time,"PyTorch, AWS, NLP, SQL, A/B Testing",1001-5000,98000.0,91,2026-03-07
JOB04083,Analytics Engineer,Mid,3.0,Bluewave Tech,Telecommunications,Singapore,Yes,Full-time,"Python, Deep Learning, NLP",1001-5000,128500.0,29,2025-12-28
JOB04084,BI Analyst,Entry,0.0,Skyline Data Co,Technology,"Sydney, Australia",No,Contract,"Statistics, Tableau, Excel, Data Visualization, Azure",1-50,57500.0,135,2025-11-15
JOB04085,Data Scientist,Mid,3.0,Quantum Insight,Healthcare,"Berlin, Germany",No,Full-time,"NLP, AWS, TensorFlow, SQL",201-1000,78500.0,67,2026-04-10
JOB04086,Data Scientist,Mid,3.0,Horizon Cloud,E-commerce,"Austin, USA",No,Full-time,"SQL, TensorFlow, Python",1-50,132500.0,12,2025-11-20
JOB04087,Staff AI Engineer,Senior,6.0,DataForge,Finance,"Dublin, Ireland",Yes,Full-time,"LLMs, Azure, GCP, Generative AI, Machine Learning",5000+,188000.0,89,2026-02-23
JOB04088,Computer Vision Engineer,Mid,3.0,Northstar Labs,Telecommunications,Remote,Yes,Full-time,"PyTorch, AWS, Spark, Python",1-50,102000.0,77,2026-06-30
JOB04089,Senior Data Scientist,Senior,6.0,Clearline Systems,Finance,"London, UK",Yes,Full-time,"MLOps, LLMs, Kubernetes, Excel",1001-5000,196500.0,34,2026-04-03
JOB04090,Computer Vision Engineer,Mid,3.0,Fusion Analytics,Gaming,"London, UK",No,Full-time,"Power BI, PyTorch, NLP",1001-5000,131000.0,52,2026-06-23
JOB04091,Data Scientist,Mid,3.0,Novacore AI,Finance,Singapore,Yes,Full-time,"SQL, NLP, PyTorch, Azure",5000+,96500.0,81,2025-10-03
JOB04092,AI Research Assistant,Entry,0.0,Vertex Analytics,Manufacturing,Singapore,No,Contract,"Excel, Statistics, Python, Tableau, Data Visualization, Azure",201-1000,57000.0,36,2025-11-21
JOB04093,Senior ML Engineer,Senior,6.0,Vertex Analytics,Telecommunications,"Toronto, Canada",No,Full-time,"Deep Learning, Machine Learning, Kubernetes, MLOps, Computer Vision",201-1000,150500.0,37,2025-08-18
JOB04094,BI Analyst,Entry,0.0,Northstar Labs,Consulting,"New York, USA",No,Full-time,"SQL, Statistics, Python, Excel, TensorFlow",51-200,72000.0,13,2026-05-07
JOB04095,AI Engineer,Mid,3.0,Fusion Analytics,E-commerce,"Austin, USA",No,Full-time,"AWS, TensorFlow, PyTorch, Spark, SQL, Machine Learning",201-1000,121000.0,16,2026-04-02
JOB04096,Lead Data Engineer,Senior,6.0,Bluewave Tech,E-commerce,"Bengaluru, India",No,Contract,"Deep Learning, GCP, Azure, Computer Vision",51-200,79500.0,40,2026-06-10
JOB04097,AI Research Scientist,Senior,6.0,Bright Path AI,Manufacturing,Remote,Yes,Full-time,"LLMs, Deep Learning, NLP, MLOps, Machine Learning, Python",201-1000,186500.0,10,2026-02-27
JOB04098,Data Analyst,Entry,0.0,Corelytics,Education,"London, UK",Yes,Full-time,"Python, Statistics, Data Visualization, Excel, Power BI",1001-5000,60500.0,40,2026-03-01
JOB04099,Lead Data Engineer,Senior,6.0,Bluewave Tech,E-commerce,"Sydney, Australia",No,Full-time,"MLOps, Machine Learning, Kubernetes, GCP, Generative AI",1001-5000,167000.0,20,2026-03-04
JOB04100,ML Engineer I,Entry,0.0,Orbital Systems,E-commerce,"New York, USA",No,Full-time,"Python, Statistics, Tableau, SQL, Data Visualization, Azure",1001-5000,79000.0,14,2026-03-01
JOB04101,Junior Data Scientist,Entry,0.0,Corelytics,Healthcare,"Berlin, Germany",No,Full-time,"Data Visualization, Python, Statistics, SQL",1001-5000,69000.0,59,2025-08-25
JOB04102,Data Science Manager,Manager,10.0,Quantum Insight,Education,"London, UK",No,Full-time,"Generative AI, GCP, MLOps, Statistics, AWS",201-1000,292000.0,80,2026-06-27
JOB04103,Computer Vision Engineer,Mid,3.0,Meridian Software,Gaming,"San Francisco, USA",No,Full-time,"Power BI, PyTorch, SQL",51-200,170500.0,49,2025-07-31
JOB04105,Senior ML Engineer,Senior,6.0,Corelytics,Manufacturing,"Dublin, Ireland",No,Contract,"NLP, Computer Vision, MLOps, Generative AI, Machine Learning, Spark",51-200,181000.0,114,2025-07-12
JOB04106,Principal Data Scientist,Senior,6.0,Atlas Intelligence,E-commerce,Singapore,Yes,Full-time,"NLP, AWS, LLMs, Azure, Machine Learning",201-1000,146500.0,135,2025-08-23
JOB04108,ML Engineer I,Entry,0.0,Corelytics,Finance,"Bengaluru, India",No,Part-time,"SQL, Excel, Statistics, Data Visualization",201-1000,30000.0,103,2026-06-17
JOB04109,Analytics Engineer,Mid,3.0,Bright Path AI,Manufacturing,"New York, USA",Yes,Full-time,"Python, Spark, TensorFlow",51-200,147500.0,115,2026-01-07
JOB04110,ML Engineer I,Entry,0.0,Nexora AI,Finance,"Sydney, Australia",No,Full-time,"Statistics, Python, Excel, Data Visualization, Tableau, Deep Learning",51-200,82000.0,23,2025-12-01
JOB04111,AI Research Scientist,Senior,6.0,Novacore AI,Technology,"Bengaluru, India",Yes,Full-time,"Computer Vision, MLOps, Generative AI, AWS, Data Visualization",201-1000,73000.0,11,2025-10-08
JOB04112,Data Engineer,Mid,3.0,Ironpeak Tech,Consulting,"London, UK",No,Full-time,"Spark, Deep Learning, AWS, Power BI",201-1000,106500.0,47,2025-07-02
JOB04113,Senior ML Engineer,Senior,6.0,Fusion Analytics,Education,"New York, USA",No,Full-time,"AWS, Deep Learning, NLP, Computer Vision",5000+,185000.0,15,2026-07-05
JOB04114,AI Research Assistant,Entry,0.0,Ironpeak Tech,Telecommunications,"Austin, USA",No,Contract,"SQL, Excel, Python",201-1000,88000.0,65,2026-03-19
JOB04115,BI Analyst,Entry,0.0,Vertex Analytics,Consulting,"New York, USA",No,Full-time,"Excel, Statistics, SQL, Python, Tableau, Generative AI",1-50,66500.0,34,2026-05-04
JOB04116,BI Analyst,Entry,0.0,DataForge,Automotive,"Berlin, Germany",No,Contract,"Statistics, SQL, Python, Excel",201-1000,50000.0,46,2026-03-30
JOB04117,Machine Learning Engineer,Mid,3.0,Novacore AI,Education,"San Francisco, USA",No,Full-time,"AWS, Python, Deep Learning, NLP, Machine Learning, Statistics",1001-5000,129000.0,22,2026-01-14
JOB04118,NLP Engineer,Mid,3.0,Northstar Labs,Telecommunications,Singapore,No,Full-time,"Python, SQL, Spark, Deep Learning, TensorFlow",201-1000,101500.0,35,2026-07-02
JOB04119,Data Engineer I,Entry,0.0,Meridian Software,Telecommunications,"San Francisco, USA",No,Full-time,"Data Visualization, Statistics, Python, SQL, Tableau",1001-5000,102500.0,93,2025-10-31
JOB04120,AI Research Scientist,Senior,6.0,Meridian Software,Automotive,Singapore,No,Full-time,"Kubernetes, Computer Vision, Azure",1001-5000,177500.0,19,2026-01-13
JOB04121,Analytics Engineer,Mid,3.0,Bluewave Tech,Finance,"Toronto, Canada",No,Full-time,"TensorFlow, PyTorch, Deep Learning, NLP",1001-5000,96000.0,1,2026-06-28
JOB04122,Staff AI Engineer,Senior,6.0,Fusion Analytics,Gaming,"Berlin, Germany",No,Full-time,"Computer Vision, Deep Learning, NLP, GCP, MLOps, Kubernetes",201-1000,149500.0,51,2026-05-10
JOB04123,BI Analyst,Entry,0.0,Atlas Intelligence,Manufacturing,Singapore,No,Full-time,"Statistics, Data Visualization, Excel",201-1000,79000.0,23,2025-12-24
JOB04124,Data Engineer I,Entry,0.0,Corelytics,E-commerce,"Bengaluru, India",No,Full-time,"Data Visualization, SQL, Excel",1-50,30000.0,78,2026-05-11
JOB04125,Head of AI,Manager,10.0,Bright Path AI,Consulting,"Sydney, Australia",No,Contract,"GCP, Statistics, LLMs",201-1000,304500.0,45,2025-10-26
JOB04126,VP of Machine Learning,Manager,10.0,Quantum Insight,Telecommunications,"London, UK",No,Full-time,"A/B Testing, LLMs, GCP",1001-5000,228000.0,8,2025-07-14
JOB04127,Data Scientist,Mid,3.0,Bluewave Tech,Telecommunications,"Sydney, Australia",No,Full-time,"SQL, Deep Learning, NLP",1001-5000,138500.0,33,2025-07-25
JOB04128,Director of Data Science,Manager,10.0,Bright Path AI,E-commerce,"Sydney, Australia",No,Full-time,"Statistics, A/B Testing, GCP, MLOps, Generative AI, Data Visualization",1-50,253500.0,31,2026-04-16
JOB04129,BI Analyst,Entry,0.0,Vertex Analytics,Telecommunications,"Bengaluru, India",No,Contract,"Python, SQL, Statistics, Tableau, Data Visualization",201-1000,33500.0,38,2026-03-15
JOB04130,Data Scientist,Mid,3.0,Ironpeak Tech,Healthcare,"Bengaluru, India",Yes,Full-time,"PyTorch, Spark, SQL, Machine Learning, NLP, Deep Learning",201-1000,43000.0,9,2026-05-24
JOB04131,Principal Data Scientist,Senior,6.0,Zenith Data Group,Finance,Remote,Yes,Full-time,"Deep Learning, GCP, Azure, Kubernetes, Generative AI, Machine Learning",201-1000,148500.0,85,2025-08-11
JOB04132,Lead Data Engineer,Senior,6.0,Novacore AI,Education,"Bengaluru, India",Yes,Full-time,"AWS, NLP, LLMs",1001-5000,83500.0,9,2026-02-20
JOB04133,Staff AI Engineer,Senior,6.0,Fusion Analytics,Manufacturing,"Toronto, Canada",No,Full-time,"Kubernetes, MLOps, Generative AI, GCP",201-1000,148500.0,44,2026-06-16
JOB04134,Data Analyst,Entry,0.0,Clearline Systems,Telecommunications,"Berlin, Germany",No,Full-time,"Statistics, Data Visualization, SQL, Tableau, Python",51-200,51500.0,76,2025-07-26
JOB04135,Machine Learning Engineer,Mid,3.0,Vertex Analytics,Finance,"Austin, USA",Yes,Full-time,"TensorFlow, Machine Learning, SQL, AWS",1001-5000,106000.0,26,2025-10-29
JOB04136,Senior ML Engineer,Senior,6.0,Orbital Systems,Manufacturing,Remote,Yes,Full-time,"Deep Learning, NLP, MLOps, AWS, GCP, Machine Learning",1001-5000,148000.0,93,2025-07-05
JOB04137,ML Engineer I,Entry,0.0,Bluewave Tech,Finance,Remote,Yes,Full-time,"Data Visualization, Statistics, Tableau, SQL, Excel",51-200,60500.0,11,2026-03-21
JOB04138,Principal Data Scientist,Senior,6.0,Fusion Analytics,Manufacturing,Singapore,No,Full-time,"Computer Vision, NLP, Azure",1001-5000,146500.0,30,2025-09-03
JOB04139,BI Analyst,Entry,0.0,Fusion Analytics,Finance,"London, UK",Yes,Full-time,"Excel, Tableau, Statistics",51-200,91500.0,58,2026-05-29
JOB04140,Principal Data Scientist,Senior,6.0,Meridian Software,E-commerce,"Austin, USA",Yes,Full-time,"AWS, Kubernetes, Deep Learning, GCP, Machine Learning",1001-5000,162500.0,35,2025-08-14
JOB04141,NLP Engineer,Mid,3.0,Bright Path AI,Manufacturing,"Sydney, Australia",No,Full-time,"Machine Learning, AWS, PyTorch, Deep Learning, SQL, Docker",1-50,102500.0,10,2026-03-12
JOB04142,Senior Data Scientist,Senior,6.0,Corelytics,Education,"San Francisco, USA",Yes,Full-time,"NLP, Generative AI, AWS",5000+,246000.0,64,2026-05-13
JOB04143,Junior Data Scientist,Entry,0.0,Quantum Insight,Gaming,Remote,Yes,Full-time,"Tableau, Python, Data Visualization",51-200,73500.0,57,2026-05-16
JOB04144,Computer Vision Engineer,Mid,3.0,DataForge,Gaming,"New York, USA",No,Full-time,"Power BI, NLP, Deep Learning, AWS, TensorFlow, Machine Learning",201-1000,137500.0,37,2025-09-21
JOB04145,NLP Engineer,Mid,3.0,Silverline AI,Telecommunications,Remote,Yes,Full-time,"NLP, SQL, TensorFlow, Python",1-50,87000.0,31,2025-08-08
JOB04146,Computer Vision Engineer,Mid,3.0,Fusion Analytics,Technology,"New York, USA",Yes,Full-time,"Power BI, NLP, Machine Learning",201-1000,127500.0,92,2026-04-01
JOB04147,Head of AI,Manager,10.0,Silverline AI,Healthcare,"San Francisco, USA",No,Full-time,"MLOps, AWS, GCP, Statistics",1001-5000,392000.0,80,2025-07-10
JOB04148,Head of Analytics,Manager,10.0,Zenith Data Group,Technology,Remote,Yes,Full-time,"GCP, A/B Testing, Statistics, LLMs, AWS",201-1000,246000.0,60,2026-04-25
JOB04149,NLP Engineer,Mid,3.0,Vertex Analytics,Gaming,"Bengaluru, India",No,Part-time,"Machine Learning, Spark, Power BI",5000+,52500.0,67,2025-07-25
JOB04150,Staff AI Engineer,Senior,6.0,Skyline Data Co,Healthcare,"Sydney, Australia",No,Contract,"LLMs, NLP, AWS",1-50,169500.0,63,2026-02-13
JOB04151,Computer Vision Engineer,Mid,3.0,Novacore AI,Finance,"Sydney, Australia",No,Full-time,"AWS, TensorFlow, Deep Learning, SQL, Machine Learning, Docker",201-1000,118000.0,10,2026-03-14
JOB04153,AI Research Scientist,Senior,6.0,DataForge,Gaming,"Bengaluru, India",No,Full-time,"GCP, Azure, Kubernetes",5000+,90500.0,29,2026-03-24
JOB04154,Computer Vision Engineer,Mid,3.0,Horizon Cloud,E-commerce,"Dublin, Ireland",No,Full-time,"AWS, Spark, Power BI, Deep Learning, NLP",201-1000,133000.0,45,2026-03-26
JOB04155,Junior Data Scientist,Entry,0.0,Fusion Analytics,Gaming,Singapore,No,Full-time,"Tableau, Statistics, Excel, SQL",51-200,89500.0,68,2025-07-19
JOB04157,Principal Data Scientist,Senior,6.0,Bright Path AI,Telecommunications,"Sydney, Australia",No,Full-time,"Azure, LLMs, Machine Learning, AWS",1-50,162000.0,57,2025-12-09
JOB04158,AI Engineer,Mid,3.0,Orbital Systems,E-commerce,"San Francisco, USA",No,Part-time,"SQL, NLP, Deep Learning, Generative AI",201-1000,137000.0,72,2025-10-26
JOB04159,Machine Learning Engineer,Mid,3.0,Orbital Systems,Finance,"Bengaluru, India",No,Full-time,"NLP, TensorFlow, SQL, AWS",5000+,60500.0,14,2026-01-19
JOB04160,Lead Data Engineer,Senior,6.0,Pulse Robotics,Gaming,"Austin, USA",No,Full-time,"Deep Learning, GCP, Generative AI",201-1000,159000.0,62,2026-06-06
JOB04163,Data Engineer I,Entry,0.0,Silverline AI,Consulting,"Toronto, Canada",No,Full-time,"Tableau, Statistics, Data Visualization, NLP",1001-5000,75500.0,54,2026-05-31
JOB04164,Data Scientist,Mid,3.0,Bluewave Tech,Manufacturing,Remote,Yes,Full-time,"Python, Machine Learning, NLP",201-1000,131000.0,29,2026-03-18
JOB04165,Junior Data Scientist,Entry,0.0,Nexora AI,Manufacturing,"Austin, USA",Yes,Full-time,"Python, SQL, Excel, Tableau, Statistics, GCP",201-1000,80500.0,28,2026-03-14
JOB04166,AI Research Assistant,Entry,0.0,Zenith Data Group,Consulting,"London, UK",No,Full-time,"Excel, SQL, Statistics, Kubernetes",1-50,89000.0,31,2026-06-03
JOB04167,Data Engineer,Mid,3.0,Horizon Cloud,Gaming,Singapore,No,Full-time,"PyTorch, Python, AWS, NLP",5000+,109500.0,15,2025-09-23
JOB04168,AI Research Assistant,Entry,0.0,Orbital Systems,Finance,"San Francisco, USA",No,Full-time,"Excel, Python, Statistics, SQL",1-50,96500.0,31,2025-07-11
JOB04169,AI Engineer,Mid,3.0,Horizon Cloud,Telecommunications,Remote,Yes,Full-time,"SQL, AWS, NLP",1001-5000,105000.0,31,2026-05-19
JOB04170,Lead Data Engineer,Senior,6.0,Zenith Data Group,E-commerce,"Sydney, Australia",Yes,Full-time,"Computer Vision, Kubernetes, Machine Learning, PyTorch",1001-5000,170500.0,30,2025-12-31
JOB04171,Analytics Engineer,Mid,3.0,Nexora AI,Healthcare,"Bengaluru, India",Yes,Contract,"AWS, Machine Learning, TensorFlow, Python, Power BI",51-200,41500.0,47,2025-11-16
JOB04172,AI Research Scientist,Senior,6.0,Fusion Analytics,E-commerce,"New York, USA",Yes,Full-time,"Generative AI, GCP, Deep Learning, MLOps",51-200,224500.0,23,2025-08-12
JOB04173,ML Engineer I,Entry,0.0,Zenith Data Group,Healthcare,Remote,Yes,Full-time,"SQL, Data Visualization, Excel, Tableau, Statistics",5000+,60000.0,59,2026-04-18
JOB04175,Junior Data Scientist,Entry,0.0,Meridian Software,Consulting,"Bengaluru, India",No,Full-time,"Data Visualization, Excel, Statistics",201-1000,40500.0,72,2025-12-25
JOB04176,Lead Data Engineer,Senior,6.0,Fusion Analytics,Education,"Sydney, Australia",Yes,Full-time,"Machine Learning, Deep Learning, Kubernetes, Generative AI",51-200,187500.0,67,2025-09-09
JOB04177,Principal Data Scientist,Senior,6.0,Fusion Analytics,Finance,"Berlin, Germany",Yes,Full-time,"Azure, NLP, AWS",1-50,162000.0,36,2026-01-14
JOB04178,ML Engineer I,Entry,0.0,Atlas Intelligence,E-commerce,"Berlin, Germany",Yes,Full-time,"Data Visualization, Excel, Python",201-1000,61500.0,69,2026-03-01
JOB04179,Data Analyst,Entry,0.0,Pulse Robotics,Manufacturing,Singapore,Yes,Contract,"Statistics, Tableau, Python, Data Visualization, PyTorch",201-1000,59500.0,50,2025-10-30
JOB04180,Lead Data Engineer,Senior,6.0,Pulse Robotics,Automotive,"Austin, USA",No,Full-time,"GCP, Azure, Kubernetes",5000+,153000.0,27,2025-12-05
JOB04181,AI Research Assistant,Entry,0.0,Novacore AI,Finance,Remote,Yes,Full-time,"SQL, Statistics, Python, Tableau, MLOps",201-1000,61000.0,35,2026-04-21
JOB04182,Lead Data Engineer,Senior,6.0,Silverline AI,Technology,"London, UK",Yes,Full-time,"Computer Vision, Azure, LLMs, Kubernetes",1001-5000,211500.0,109,2026-01-27
JOB04183,Machine Learning Engineer,Mid,3.0,DataForge,Telecommunications,"Dublin, Ireland",No,Full-time,"Power BI, AWS, SQL, Python",51-200,103000.0,36,2026-04-09
JOB04184,Data Scientist,Mid,3.0,Pulse Robotics,Healthcare,"New York, USA",Yes,Full-time,"TensorFlow, PyTorch, Power BI, SQL, Machine Learning, Excel",1001-5000,153500.0,67,2025-08-15
JOB04185,Analytics Engineer,Mid,3.0,Silverline AI,Education,"Austin, USA",Yes,Contract,"Deep Learning, Spark, Machine Learning, NLP, TensorFlow",5000+,112000.0,32,2026-07-07
JOB04186,BI Analyst,Entry,0.0,Vertex Analytics,Automotive,"Bengaluru, India",Yes,Full-time,"Tableau, SQL, Statistics, Excel",201-1000,25500.0,57,2026-06-01
JOB04187,Junior Data Scientist,Entry,0.0,Northstar Labs,Healthcare,"New York, USA",No,Full-time,"Tableau, Python, SQL",1-50,102000.0,29,2025-07-17
JOB04188,Analytics Engineer,Mid,3.0,Bright Path AI,Finance,"Dublin, Ireland",Yes,Part-time,"PyTorch, SQL, Machine Learning, TensorFlow",51-200,99000.0,71,2026-04-18
JOB04189,Head of Analytics,Manager,10.0,Meridian Software,Telecommunications,"New York, USA",Yes,Full-time,"Generative AI, A/B Testing, Statistics, MLOps",51-200,322500.0,69,2026-05-10
JOB04190,Data Analyst,Entry,0.0,Horizon Cloud,E-commerce,"San Francisco, USA",No,Full-time,"Data Visualization, SQL, Statistics, Excel, Tableau",201-1000,74000.0,68,2025-10-12
JOB04192,Computer Vision Engineer,Mid,3.0,Bright Path AI,Consulting,"San Francisco, USA",Yes,Contract,"Spark, PyTorch, Deep Learning, Python",5000+,135000.0,36,2026-01-18
JOB04193,Senior ML Engineer,Senior,6.0,Nexora AI,Gaming,"Bengaluru, India",Yes,Contract,"Computer Vision, GCP, Kubernetes",201-1000,65000.0,39,2025-10-17
JOB04194,AI Research Assistant,Entry,0.0,Orbital Systems,Consulting,"Sydney, Australia",No,Full-time,"Tableau, Python, Data Visualization, Statistics, Excel",201-1000,84500.0,66,2025-12-21
JOB04195,Senior ML Engineer,Senior,6.0,Atlas Intelligence,Healthcare,"Austin, USA",No,Full-time,"LLMs, Machine Learning, Generative AI, R",201-1000,150000.0,66,2025-12-16
JOB04196,AI Engineer,Mid,3.0,Corelytics,Telecommunications,Remote,Yes,Full-time,"PyTorch, Python, AWS, NLP",51-200,108500.0,25,2026-01-23
JOB04197,AI Engineer,Mid,3.0,Horizon Cloud,Education,"London, UK",No,Full-time,"SQL, Deep Learning, Python, Machine Learning",51-200,116000.0,18,2025-12-17
JOB04198,NLP Engineer,Mid,3.0,Novacore AI,Technology,"Austin, USA",No,Full-time,"SQL, Python, Spark, Machine Learning, NLP",1001-5000,103000.0,196,2026-06-14
JOB04199,BI Analyst,Entry,0.0,Quantum Insight,Automotive,Remote,Yes,Part-time,"SQL, Python, Excel, Machine Learning",51-200,65000.0,91,2026-06-06
JOB04200,Analytics Engineer,Mid,3.0,Fusion Analytics,E-commerce,"Austin, USA",No,Full-time,"Machine Learning, Spark, SQL, Excel",1001-5000,118000.0,13,2025-08-09
JOB04201,VP of Machine Learning,Manager,10.0,Atlas Intelligence,Automotive,"Toronto, Canada",Yes,Full-time,"GCP, LLMs, Statistics, MLOps",51-200,288000.0,103,2026-04-17
JOB04202,Analytics Engineer,Mid,3.0,Fusion Analytics,Healthcare,"Toronto, Canada",No,Full-time,"AWS, Power BI, Deep Learning, TensorFlow, Python",201-1000,85000.0,115,2026-05-25
JOB04203,ML Engineer I,Entry,0.0,Silverline AI,E-commerce,Singapore,No,Full-time,"SQL, Python, Tableau, Data Visualization, Excel",201-1000,63000.0,24,2026-01-24
JOB04204,Data Engineer I,Entry,0.0,Silverline AI,Education,"Sydney, Australia",No,Full-time,"SQL, Excel, Data Visualization, Tableau",51-200,68500.0,10,2026-03-24
JOB04205,NLP Engineer,Mid,3.0,Zenith Data Group,Telecommunications,"Bengaluru, India",No,Full-time,"Spark, Machine Learning, AWS, Data Visualization",201-1000,41000.0,43,2026-06-10
JOB04206,AI Engineer,Mid,3.0,Silverline AI,Manufacturing,"New York, USA",No,Full-time,"SQL, Power BI, Machine Learning, Spark",201-1000,118000.0,63,2025-10-28
JOB04207,Data Analyst,Entry,0.0,Clearline Systems,Education,"Toronto, Canada",No,Full-time,"Statistics, SQL, Data Visualization",5000+,66500.0,54,2026-03-07
JOB04208,Analytics Engineer,Mid,3.0,Horizon Cloud,Consulting,"San Francisco, USA",No,Full-time,"AWS, Deep Learning, PyTorch",51-200,167000.0,54,2026-04-22
JOB04209,Staff AI Engineer,Senior,6.0,Pulse Robotics,Manufacturing,"Austin, USA",Yes,Full-time,"Azure, Generative AI, Computer Vision, LLMs",51-200,197500.0,18,2026-01-14
JOB04210,Junior Data Scientist,Entry,0.0,Clearline Systems,E-commerce,Remote,Yes,Contract,"Data Visualization, Excel, Statistics, SQL",201-1000,66500.0,12,2026-02-21
JOB04211,Data Analyst,Entry,0.0,Quantum Insight,Education,"Dublin, Ireland",No,Full-time,"Tableau, Statistics, SQL",1001-5000,54500.0,44,2026-01-25
JOB04212,Analytics Engineer,Mid,3.0,Quantum Insight,Finance,"San Francisco, USA",No,Full-time,"Deep Learning, Power BI, AWS, PyTorch, TensorFlow",5000+,132000.0,79,2026-03-29
JOB04213,Lead Data Engineer,Senior,6.0,Corelytics,Healthcare,"San Francisco, USA",No,Full-time,"Deep Learning, LLMs, AWS, Computer Vision",51-200,266500.0,115,2026-06-01
JOB04214,NLP Engineer,Mid,3.0,Bright Path AI,Automotive,"London, UK",No,Full-time,"TensorFlow, Spark, Deep Learning, AWS, A/B Testing",201-1000,129500.0,29,2025-09-17
JOB04215,Data Scientist,Mid,3.0,Pulse Robotics,E-commerce,"Bengaluru, India",No,Contract,"AWS, PyTorch, TensorFlow, LLMs",5000+,45500.0,37,2025-07-11
JOB04216,Analytics Engineer,Mid,3.0,Northstar Labs,Finance,"San Francisco, USA",Yes,Contract,"Deep Learning, Python, Machine Learning, Power BI, TensorFlow, NLP",51-200,141500.0,61,2026-03-01
JOB04217,Data Engineer,Mid,3.0,DataForge,E-commerce,Remote,Yes,Full-time,"TensorFlow, PyTorch, Spark, Excel",1-50,88000.0,8,2026-04-27
JOB04218,NLP Engineer,Mid,3.0,Novacore AI,E-commerce,"Toronto, Canada",No,Full-time,"TensorFlow, Spark, PyTorch, NLP, Deep Learning",51-200,84000.0,59,2026-03-18
JOB04219,Junior Data Scientist,Entry,0.0,Bluewave Tech,Education,Remote,Yes,Full-time,"Python, Tableau, SQL, Statistics",5000+,55500.0,35,2025-12-16
JOB04220,ML Engineer I,Entry,0.0,Silverline AI,Finance,Singapore,No,Full-time,"Statistics, Python, Data Visualization, Kubernetes",1001-5000,65000.0,15,2026-05-15
JOB04221,Analytics Engineer,Mid,3.0,Skyline Data Co,Technology,"Sydney, Australia",No,Full-time,"TensorFlow, NLP, AWS, Spark",5000+,132500.0,19,2025-09-09
JOB04222,Director of Data Science,Manager,10.0,Corelytics,Finance,"Toronto, Canada",No,Full-time,"LLMs, Generative AI, GCP, Statistics",1001-5000,268500.0,106,2025-12-07
JOB04223,BI Analyst,Entry,0.0,Skyline Data Co,Healthcare,"New York, USA",Yes,Full-time,"Excel, SQL, Statistics",1-50,78000.0,31,2025-11-21
JOB04224,Data Engineer,Mid,3.0,Atlas Intelligence,Healthcare,"Austin, USA",No,Full-time,"Power BI, Deep Learning, Spark, NLP",5000+,130500.0,28,2026-01-01
JOB04225,Staff AI Engineer,Senior,6.0,Vertex Analytics,Education,Singapore,Yes,Full-time,"GCP, MLOps, LLMs, Kubernetes, NLP",201-1000,142000.0,11,2026-05-08
JOB04226,AI Research Assistant,Entry,0.0,Meridian Software,Telecommunications,"Austin, USA",Yes,Full-time,"Tableau, SQL, Statistics, Python",1001-5000,86500.0,34,2025-11-11
JOB04227,Senior ML Engineer,Senior,6.0,Nexora AI,Telecommunications,"Bengaluru, India",Yes,Full-time,"Deep Learning, Kubernetes, Generative AI, LLMs, NLP",51-200,91000.0,38,2026-06-14
JOB04228,Data Scientist,Mid,3.0,Horizon Cloud,Manufacturing,"New York, USA",Yes,Full-time,"Machine Learning, NLP, AWS, SQL",1-50,106500.0,10,2026-05-07
JOB04229,NLP Engineer,Mid,3.0,Nexora AI,Automotive,"Bengaluru, India",No,Full-time,"Spark, Machine Learning, Power BI, PyTorch, Python",1-50,44000.0,92,2026-01-18
JOB04230,Analytics Engineer,Mid,3.0,Meridian Software,Automotive,Singapore,Yes,Full-time,"Machine Learning, AWS, Spark, TensorFlow",1-50,103500.0,58,2026-04-07
JOB04231,ML Engineer I,Entry,0.0,Pulse Robotics,Consulting,"Bengaluru, India",No,Part-time,"SQL, Excel, Data Visualization, Tableau",201-1000,27500.0,63,2026-02-02
JOB04232,AI Research Assistant,Entry,0.0,Northstar Labs,E-commerce,"Austin, USA",Yes,Full-time,"Tableau, Statistics, Data Visualization, SQL, GCP",1001-5000,83500.0,71,2026-04-20
JOB04233,Analytics Engineer,Mid,3.0,Quantum Insight,E-commerce,"Dublin, Ireland",Yes,Full-time,"Machine Learning, Python, AWS, Deep Learning, PyTorch",1001-5000,128000.0,140,2025-11-01
JOB04234,Machine Learning Engineer,Mid,3.0,Zenith Data Group,Telecommunications,"Toronto, Canada",No,Full-time,"SQL, Spark, AWS, Power BI, Deep Learning, Excel",1-50,91500.0,22,2025-10-06
JOB04236,Principal Data Scientist,Senior,6.0,Atlas Intelligence,Healthcare,"Bengaluru, India",No,Full-time,"LLMs, Computer Vision, GCP, AWS",1001-5000,78000.0,27,2025-10-28
JOB04237,Data Scientist,Mid,3.0,Pulse Robotics,Healthcare,"Toronto, Canada",No,Part-time,"Deep Learning, SQL, PyTorch, NLP",1001-5000,98000.0,55,2025-07-08
JOB04238,Senior Data Scientist,Senior,6.0,Clearline Systems,Consulting,Singapore,Yes,Full-time,"Machine Learning, MLOps, Generative AI, LLMs",1-50,147500.0,29,2026-03-11
JOB04239,Data Engineer,Mid,3.0,Corelytics,E-commerce,"San Francisco, USA",Yes,Full-time,"PyTorch, Machine Learning, Power BI, AWS, Airflow",1001-5000,132000.0,64,2025-10-03
JOB04240,Director of Data Science,Manager,10.0,Skyline Data Co,Healthcare,"Dublin, Ireland",No,Full-time,"GCP, A/B Testing, AWS, LLMs",51-200,217500.0,45,2026-02-03
JOB04241,Machine Learning Engineer,Mid,3.0,Pulse Robotics,Consulting,Singapore,No,Full-time,"Deep Learning, AWS, Power BI, Python",51-200,91500.0,68,2025-08-27
JOB04242,Senior Data Scientist,Senior,6.0,Bright Path AI,Telecommunications,"Berlin, Germany",No,Full-time,"MLOps, NLP, Computer Vision, Kubernetes",201-1000,140500.0,64,2026-05-24
JOB04243,ML Engineer I,Entry,0.0,Skyline Data Co,Finance,"Berlin, Germany",No,Full-time,"Excel, Tableau, Data Visualization, Python",201-1000,60000.0,45,2025-08-06
JOB04245,AI Engineer,Mid,3.0,Silverline AI,Education,Remote,Yes,Full-time,"Deep Learning, PyTorch, SQL, Power BI, Machine Learning",1001-5000,126000.0,23,2026-02-16
JOB04247,Senior Data Scientist,Senior,6.0,Quantum Insight,Consulting,"Sydney, Australia",No,Full-time,"MLOps, Kubernetes, NLP, Generative AI, R",1-50,142500.0,13,2026-01-08
JOB04248,NLP Engineer,Mid,3.0,Novacore AI,Consulting,"London, UK",Yes,Full-time,"Python, Deep Learning, TensorFlow, PyTorch, Computer Vision",1001-5000,98500.0,19,2025-08-21
JOB04249,Senior ML Engineer,Senior,6.0,Corelytics,Manufacturing,"New York, USA",Yes,Full-time,"Machine Learning, Azure, LLMs, Kubernetes, Computer Vision, SQL",1001-5000,181000.0,62,2025-11-04
JOB04250,NLP Engineer,Mid,3.0,Skyline Data Co,Healthcare,"San Francisco, USA",No,Full-time,"Deep Learning, SQL, Spark, NLP",201-1000,118500.0,48,2025-07-18
JOB04251,Data Engineer,Mid,3.0,Ironpeak Tech,Healthcare,"Berlin, Germany",No,Full-time,"TensorFlow, Spark, Power BI, AWS",1-50,89500.0,69,2026-01-05
JOB04252,Machine Learning Engineer,Mid,3.0,Clearline Systems,Gaming,"Bengaluru, India",Yes,Full-time,"Spark, AWS, SQL, Deep Learning",1-50,45000.0,99,2026-05-05
JOB04253,Machine Learning Engineer,Mid,3.0,Skyline Data Co,Manufacturing,"New York, USA",No,Full-time,"PyTorch, SQL, TensorFlow, Machine Learning",5000+,146500.0,186,2026-02-21
JOB04254,AI Research Assistant,Entry,0.0,Bluewave Tech,Automotive,"San Francisco, USA",No,Full-time,"Excel, Tableau, Statistics, Python, GCP",51-200,80500.0,26,2025-07-12
JOB04255,Staff AI Engineer,Senior,6.0,Quantum Insight,Finance,"Bengaluru, India",No,Full-time,"Generative AI, MLOps, LLMs",51-200,70000.0,38,2026-07-10
JOB04256,Head of Analytics,Manager,10.0,Fusion Analytics,Technology,"Toronto, Canada",No,Full-time,"GCP, AWS, LLMs",51-200,221500.0,21,2026-01-18
JOB04257,AI Engineer,Mid,3.0,Quantum Insight,Technology,"Sydney, Australia",No,Full-time,"TensorFlow, Power BI, Deep Learning, AWS, Python",201-1000,107000.0,92,2026-01-15
JOB04258,Senior ML Engineer,Senior,6.0,Clearline Systems,Manufacturing,"Dublin, Ireland",No,Full-time,"LLMs, Machine Learning, Generative AI, A/B Testing",5000+,182000.0,12,2026-04-23
JOB04259,Senior Data Scientist,Senior,6.0,Orbital Systems,Finance,"Dublin, Ireland",Yes,Full-time,"GCP, Computer Vision, Kubernetes, Generative AI",201-1000,197500.0,38,2025-09-24
JOB04260,Analytics Engineer,Mid,3.0,Silverline AI,Finance,"Dublin, Ireland",No,Full-time,"Power BI, Spark, SQL, TensorFlow, GCP",1-50,93000.0,61,2025-12-29
JOB04261,Computer Vision Engineer,Mid,3.0,Bluewave Tech,Telecommunications,"London, UK",No,Full-time,"AWS, Python, Power BI, NLP",1-50,134000.0,73,2025-09-25
JOB04262,Junior Data Scientist,Entry,0.0,Skyline Data Co,Manufacturing,Singapore,Yes,Full-time,"Statistics, Excel, Data Visualization",201-1000,65000.0,66,2026-01-08
JOB04264,Data Engineer I,Entry,0.0,Horizon Cloud,Gaming,"Toronto, Canada",No,Full-time,"Statistics, Python, Tableau, GCP",1-50,62000.0,132,2025-07-15
JOB04265,Data Science Manager,Manager,10.0,Nexora AI,Gaming,"New York, USA",No,Contract,"GCP, Generative AI, LLMs, Statistics, AWS",5000+,271000.0,18,2026-03-17
JOB04266,ML Engineer I,Entry,0.0,Silverline AI,Healthcare,"New York, USA",No,Part-time,"Data Visualization, SQL, Python, Statistics, Tableau",201-1000,76000.0,31,2026-02-12
JOB04267,BI Analyst,Entry,0.0,Orbital Systems,Manufacturing,"London, UK",Yes,Full-time,"Data Visualization, Python, Excel, Tableau, Statistics",51-200,77000.0,44,2025-10-06
JOB04268,Lead Data Engineer,Senior,6.0,Bluewave Tech,Telecommunications,"Sydney, Australia",No,Full-time,"LLMs, Computer Vision, Deep Learning, Docker",1001-5000,174000.0,69,2025-09-15
JOB04269,AI Research Assistant,Entry,0.0,Quantum Insight,Manufacturing,"Austin, USA",Yes,Full-time,"Statistics, SQL, Tableau, Python, Excel",51-200,59500.0,30,2025-07-15
JOB04270,Data Scientist,Mid,3.0,Vertex Analytics,E-commerce,"New York, USA",No,Full-time,"SQL, PyTorch, AWS, Spark, MLOps",201-1000,133000.0,49,2026-01-08
JOB04271,Data Scientist,Mid,3.0,Northstar Labs,Manufacturing,"Berlin, Germany",No,Full-time,"NLP, AWS, Power BI",51-200,77500.0,28,2026-03-31
JOB04272,Computer Vision Engineer,Mid,3.0,Novacore AI,Telecommunications,"Sydney, Australia",No,Full-time,"NLP, Power BI, AWS, Spark, Deep Learning, Docker",1001-5000,96500.0,82,2026-05-01
JOB04274,AI Research Scientist,Senior,6.0,Atlas Intelligence,Education,"Bengaluru, India",No,Full-time,"Generative AI, NLP, GCP, Machine Learning",201-1000,94500.0,16,2025-10-20
JOB04275,AI Engineer,Mid,3.0,Nexora AI,Gaming,"Toronto, Canada",No,Full-time,"Deep Learning, Machine Learning, Power BI, PyTorch",51-200,87500.0,20,2026-02-16
JOB04276,Machine Learning Engineer,Mid,3.0,Orbital Systems,Technology,"San Francisco, USA",No,Full-time,"TensorFlow, SQL, PyTorch, Deep Learning",5000+,170500.0,126,2026-05-18
JOB04277,Data Scientist,Mid,3.0,Fusion Analytics,Consulting,"Dublin, Ireland",No,Full-time,"SQL, TensorFlow, Power BI, PyTorch",1001-5000,100500.0,48,2026-02-28
JOB04278,Senior ML Engineer,Senior,6.0,Bright Path AI,Telecommunications,"Sydney, Australia",No,Full-time,"LLMs, GCP, AWS, Kubernetes",51-200,157500.0,28,2025-08-03
JOB04279,NLP Engineer,Mid,3.0,Horizon Cloud,Education,"London, UK",Yes,Part-time,"TensorFlow, SQL, PyTorch, GCP",51-200,116500.0,14,2026-01-22
JOB04280,AI Engineer,Mid,3.0,Bright Path AI,Healthcare,"Dublin, Ireland",No,Full-time,"Deep Learning, Power BI, Machine Learning, TensorFlow",51-200,91500.0,111,2025-07-27
JOB04281,Senior ML Engineer,Senior,6.0,Ironpeak Tech,Gaming,"Dublin, Ireland",Yes,Part-time,"NLP, LLMs, MLOps, AWS, Kubernetes",51-200,176500.0,115,2025-12-29
JOB04282,Junior Data Scientist,Entry,0.0,Novacore AI,Telecommunications,"New York, USA",No,Part-time,"Statistics, SQL, Excel, Data Visualization, LLMs",51-200,92500.0,55,2026-03-15
JOB04283,Junior Data Scientist,Entry,0.0,Silverline AI,Manufacturing,"Bengaluru, India",Yes,Full-time,"Data Visualization, Python, Statistics, Tableau, Excel, Deep Learning",5000+,39500.0,99,2026-06-09
JOB04284,Computer Vision Engineer,Mid,3.0,Skyline Data Co,Consulting,"Berlin, Germany",Yes,Full-time,"PyTorch, Deep Learning, Spark, Machine Learning, Power BI",5000+,78000.0,29,2025-10-03
JOB04285,AI Research Scientist,Senior,6.0,Orbital Systems,Automotive,Singapore,No,Full-time,"MLOps, Generative AI, NLP, GCP",51-200,184500.0,46,2026-05-08
JOB04286,AI Engineer,Mid,3.0,Pulse Robotics,Technology,"San Francisco, USA",No,Full-time,"PyTorch, Machine Learning, SQL",1-50,169500.0,15,2026-06-02
JOB04287,AI Research Scientist,Senior,6.0,Meridian Software,Telecommunications,"Sydney, Australia",No,Full-time,"Kubernetes, Deep Learning, LLMs, Computer Vision, NLP",1-50,205500.0,12,2025-10-22
JOB04288,Senior Data Scientist,Senior,6.0,Quantum Insight,Technology,"Bengaluru, India",No,Full-time,"NLP, Deep Learning, AWS, Generative AI, Azure",5000+,90000.0,33,2026-03-07
JOB04289,Senior Data Scientist,Senior,6.0,Skyline Data Co,Gaming,Singapore,No,Full-time,"NLP, Deep Learning, Machine Learning, Computer Vision, Kubernetes",201-1000,151000.0,64,2025-12-15
JOB04290,Head of Analytics,Manager,10.0,Horizon Cloud,Education,"London, UK",No,Full-time,"AWS, LLMs, GCP, Statistics, A/B Testing",201-1000,274500.0,40,2025-10-06
JOB04291,Data Engineer I,Entry,0.0,Northstar Labs,Consulting,"Bengaluru, India",No,Full-time,"Excel, Python, Statistics",201-1000,25000.0,103,2026-03-16
JOB04292,Analytics Engineer,Mid,3.0,Silverline AI,E-commerce,"Austin, USA",No,Contract,"NLP, Spark, Deep Learning",51-200,131000.0,117,2026-06-29
JOB04293,Senior ML Engineer,Senior,6.0,DataForge,Technology,"London, UK",No,Full-time,"Computer Vision, Generative AI, AWS, Deep Learning",51-200,194000.0,103,2026-04-23
JOB04294,Data Analyst,Entry,0.0,Atlas Intelligence,Gaming,"Sydney, Australia",No,Full-time,"SQL, Statistics, Python",201-1000,71500.0,38,2026-03-10
JOB04295,Head of AI,Manager,10.0,Skyline Data Co,Finance,"London, UK",No,Full-time,"AWS, MLOps, Generative AI",201-1000,236000.0,121,2025-10-19
JOB04296,VP of Machine Learning,Manager,10.0,Bluewave Tech,Finance,"San Francisco, USA",No,Part-time,"Statistics, GCP, Generative AI, Power BI",201-1000,405000.0,16,2025-10-03
JOB04297,ML Engineer I,Entry,0.0,Zenith Data Group,Gaming,Singapore,No,Full-time,"Data Visualization, SQL, Python, Tableau",1001-5000,66000.0,58,2026-05-03
JOB04298,AI Engineer,Mid,3.0,Horizon Cloud,Telecommunications,"London, UK",Yes,Full-time,"Deep Learning, Machine Learning, PyTorch",1001-5000,129500.0,44,2025-07-10
JOB04299,Principal Data Scientist,Senior,6.0,Bluewave Tech,Finance,"Toronto, Canada",Yes,Contract,"Deep Learning, Kubernetes, AWS, LLMs, Excel",1-50,165000.0,72,2026-01-26
JOB04300,Lead Data Engineer,Senior,6.0,Northstar Labs,Automotive,"Dublin, Ireland",Yes,Contract,"AWS, Computer Vision, LLMs, Deep Learning",5000+,174500.0,37,2025-12-21
JOB04301,Data Scientist,Mid,3.0,Bluewave Tech,Healthcare,"Bengaluru, India",Yes,Full-time,"Spark, Python, Machine Learning, Power BI, Statistics",5000+,47500.0,53,2026-03-01
JOB04302,Data Engineer,Mid,3.0,Corelytics,Manufacturing,"Sydney, Australia",No,Full-time,"Spark, Deep Learning, TensorFlow, Python",5000+,97000.0,113,2025-08-24
JOB04303,Lead Data Engineer,Senior,6.0,Silverline AI,Finance,"San Francisco, USA",No,Full-time,"Azure, NLP, MLOps, LLMs",201-1000,237000.0,52,2025-07-02
JOB04304,Head of AI,Manager,10.0,Orbital Systems,Finance,"Austin, USA",No,Full-time,"MLOps, AWS, A/B Testing, LLMs",1-50,217500.0,159,2026-02-05
JOB04305,Machine Learning Engineer,Mid,3.0,Silverline AI,Healthcare,"Berlin, Germany",No,Contract,"Deep Learning, AWS, Machine Learning, Python, Spark, LLMs",51-200,118000.0,22,2026-06-09
JOB04308,Data Engineer,Mid,3.0,Novacore AI,Education,"London, UK",No,Full-time,"SQL, TensorFlow, Power BI",1-50,122000.0,32,2025-08-10
JOB04309,Data Science Manager,Manager,10.0,Quantum Insight,Manufacturing,"Berlin, Germany",No,Contract,"Generative AI, GCP, A/B Testing, SQL",51-200,221500.0,47,2025-07-18
JOB04310,Data Scientist,Mid,3.0,Horizon Cloud,Education,"Berlin, Germany",No,Full-time,"SQL, TensorFlow, Spark, Machine Learning, Azure",201-1000,104500.0,58,2026-01-24
JOB04311,AI Research Scientist,Senior,6.0,Quantum Insight,Automotive,Remote,Yes,Full-time,"Computer Vision, Deep Learning, LLMs, Azure, Machine Learning",1-50,198500.0,38,2025-07-05
JOB04312,Machine Learning Engineer,Mid,3.0,Orbital Systems,E-commerce,"Austin, USA",No,Full-time,"Machine Learning, TensorFlow, NLP, Deep Learning, AWS",1-50,105000.0,15,2025-09-21
JOB04313,Data Scientist,Mid,3.0,Zenith Data Group,Education,"New York, USA",No,Full-time,"Deep Learning, TensorFlow, AWS",201-1000,131000.0,3,2025-09-01
JOB04314,Data Scientist,Mid,3.0,Zenith Data Group,Healthcare,"San Francisco, USA",Yes,Contract,"AWS, Power BI, SQL, PyTorch",1001-5000,151500.0,21,2026-04-22
JOB04315,Computer Vision Engineer,Mid,3.0,Skyline Data Co,Manufacturing,"San Francisco, USA",No,Full-time,"TensorFlow, PyTorch, SQL, Python, Deep Learning",1-50,148000.0,6,2025-09-17
JOB04316,Data Science Manager,Manager,10.0,Vertex Analytics,Telecommunications,"London, UK",No,Full-time,"MLOps, Statistics, Generative AI, GCP, AWS",5000+,227500.0,54,2026-01-29
JOB04317,Data Scientist,Mid,3.0,Bright Path AI,E-commerce,"Dublin, Ireland",Yes,Full-time,"PyTorch, TensorFlow, Deep Learning, Power BI, MLOps",201-1000,124000.0,56,2025-07-13
JOB04318,Senior ML Engineer,Senior,6.0,Bright Path AI,Technology,Remote,Yes,Full-time,"MLOps, Deep Learning, Machine Learning, LLMs",51-200,171000.0,148,2026-04-25
JOB04319,AI Engineer,Mid,3.0,Pulse Robotics,Consulting,"Sydney, Australia",No,Full-time,"Machine Learning, Spark, NLP",1-50,109000.0,23,2025-10-19
JOB04320,Data Analyst,Entry,0.0,Northstar Labs,Healthcare,Remote,Yes,Full-time,"Python, Data Visualization, Statistics, Excel, Tableau",51-200,63000.0,89,2025-07-12
JOB04321,Computer Vision Engineer,Mid,3.0,Clearline Systems,Healthcare,"London, UK",No,Full-time,"Python, TensorFlow, PyTorch, Spark, AWS, Computer Vision",51-200,112000.0,126,2026-02-04
JOB04322,Computer Vision Engineer,Mid,3.0,Zenith Data Group,E-commerce,"Sydney, Australia",No,Full-time,"Deep Learning, AWS, Machine Learning, Power BI, TensorFlow",1001-5000,111500.0,72,2026-06-14
JOB04323,Machine Learning Engineer,Mid,3.0,Skyline Data Co,Finance,Singapore,Yes,Contract,"Deep Learning, Machine Learning, Spark, TensorFlow, AWS, NLP",1-50,127500.0,70,2026-03-08
JOB04324,AI Engineer,Mid,3.0,Nexora AI,Telecommunications,Remote,Yes,Full-time,"TensorFlow, Python, Spark, SQL, AWS, Computer Vision",1001-5000,95500.0,52,2025-12-25
JOB04325,Data Engineer I,Entry,0.0,Corelytics,Healthcare,"Sydney, Australia",No,Full-time,"Tableau, SQL, Excel, Data Visualization",1-50,68500.0,15,2026-02-21
JOB04326,Head of AI,Manager,10.0,Fusion Analytics,Gaming,"San Francisco, USA",No,Full-time,"MLOps, Generative AI, AWS, GCP, LLMs",201-1000,295500.0,16,2026-02-11
JOB04328,Data Engineer I,Entry,0.0,Quantum Insight,Automotive,"Sydney, Australia",Yes,Full-time,"Excel, SQL, Data Visualization, Tableau",1-50,62500.0,88,2026-05-20
JOB04329,Data Scientist,Mid,3.0,Clearline Systems,E-commerce,Singapore,No,Full-time,"AWS, PyTorch, Python, Computer Vision",1-50,119500.0,146,2026-01-25
JOB04330,BI Analyst,Entry,0.0,Atlas Intelligence,Technology,"Bengaluru, India",Yes,Full-time,"Excel, Statistics, Tableau",1001-5000,26500.0,27,2026-05-21
JOB04331,AI Engineer,Mid,3.0,Zenith Data Group,Education,"London, UK",No,Full-time,"Power BI, PyTorch, Python, Machine Learning, Computer Vision",51-200,145500.0,49,2026-04-04
JOB04332,Analytics Engineer,Mid,3.0,Fusion Analytics,Healthcare,"Austin, USA",No,Full-time,"PyTorch, Python, TensorFlow, AWS, SQL",201-1000,134500.0,10,2025-11-06
JOB04333,Data Engineer,Mid,3.0,Bright Path AI,Healthcare,Singapore,No,Full-time,"Python, AWS, Spark, NLP, Power BI",1-50,96000.0,66,2026-05-15
JOB04334,Staff AI Engineer,Senior,6.0,Northstar Labs,Manufacturing,Singapore,Yes,Full-time,"Azure, MLOps, LLMs, Deep Learning, Kubernetes, Excel",51-200,207500.0,59,2025-07-20
JOB04335,AI Research Assistant,Entry,0.0,Atlas Intelligence,Telecommunications,"Austin, USA",No,Full-time,"Excel, SQL, Tableau, A/B Testing",5000+,90000.0,19,2025-10-25
JOB04336,Data Science Manager,Manager,10.0,Clearline Systems,Healthcare,Singapore,Yes,Full-time,"AWS, Generative AI, LLMs, A/B Testing, Statistics",1001-5000,215500.0,38,2025-08-31
JOB04337,Senior ML Engineer,Senior,6.0,Silverline AI,Consulting,"New York, USA",No,Full-time,"Generative AI, AWS, Deep Learning",201-1000,215500.0,83,2026-03-26
JOB04338,Analytics Engineer,Mid,3.0,Nexora AI,Gaming,"New York, USA",Yes,Contract,"Python, Machine Learning, SQL, Deep Learning",201-1000,158000.0,93,2026-06-01
JOB04339,Computer Vision Engineer,Mid,3.0,Meridian Software,Manufacturing,"Dublin, Ireland",Yes,Full-time,"TensorFlow, Power BI, Python, PyTorch",1001-5000,88500.0,33,2026-02-04
JOB04340,Data Engineer,Mid,3.0,Atlas Intelligence,Healthcare,"Toronto, Canada",No,Contract,"SQL, Spark, PyTorch, TensorFlow",51-200,82500.0,115,2026-04-03
JOB04341,AI Research Scientist,Senior,6.0,Zenith Data Group,Finance,"Berlin, Germany",No,Full-time,"AWS, LLMs, MLOps, Machine Learning, Generative AI",201-1000,142000.0,13,2025-09-09
JOB04342,Data Scientist,Mid,3.0,Zenith Data Group,Technology,"Austin, USA",No,Contract,"Python, Power BI, PyTorch, NLP, TensorFlow",5000+,94500.0,33,2025-07-08
JOB04343,AI Research Assistant,Entry,0.0,Fusion Analytics,E-commerce,"San Francisco, USA",No,Full-time,"Statistics, SQL, Data Visualization, Excel",201-1000,113500.0,63,2025-07-03
JOB04344,ML Engineer I,Entry,0.0,Pulse Robotics,Education,"Toronto, Canada",No,Full-time,"Statistics, Data Visualization, Python",5000+,62500.0,30,2026-07-02
JOB04345,Junior Data Scientist,Entry,0.0,Novacore AI,Healthcare,"Austin, USA",No,Full-time,"Data Visualization, Statistics, Excel, Tableau, Docker",201-1000,70500.0,63,2026-04-29
JOB04346,Lead Data Engineer,Senior,6.0,Bright Path AI,Education,"Berlin, Germany",No,Full-time,"Deep Learning, Machine Learning, Kubernetes, Computer Vision",51-200,144500.0,56,2025-12-23
JOB04347,ML Engineer I,Entry,0.0,Zenith Data Group,Healthcare,"Austin, USA",No,Contract,"SQL, Excel, Data Visualization",51-200,76000.0,11,2026-03-21
JOB04348,Principal Data Scientist,Senior,6.0,Quantum Insight,Telecommunications,"Sydney, Australia",No,Part-time,"GCP, LLMs, NLP, Computer Vision, MLOps",1001-5000,174500.0,49,2025-10-15
JOB04349,Lead Data Engineer,Senior,6.0,Bright Path AI,Manufacturing,"Dublin, Ireland",No,Full-time,"NLP, LLMs, Azure, Deep Learning",51-200,184500.0,29,2026-02-17
JOB04350,ML Engineer I,Entry,0.0,Bluewave Tech,Consulting,"Austin, USA",No,Full-time,"Tableau, Statistics, Excel, Data Visualization, SQL",201-1000,80500.0,60,2025-07-07
JOB04351,ML Engineer I,Entry,0.0,Fusion Analytics,Finance,Remote,Yes,Full-time,"Statistics, Excel, SQL, Tableau, Python",51-200,75500.0,24,2026-05-12
JOB04352,BI Analyst,Entry,0.0,Silverline AI,Consulting,Remote,Yes,Full-time,"Python, Tableau, SQL, Statistics, Data Visualization",1001-5000,69500.0,7,2026-02-05
JOB04353,Data Scientist,Mid,3.0,Ironpeak Tech,Telecommunications,"London, UK",Yes,Full-time,"SQL, Python, PyTorch",5000+,96500.0,27,2025-11-25
JOB04354,Analytics Engineer,Mid,3.0,Vertex Analytics,Manufacturing,"Sydney, Australia",No,Part-time,"NLP, Machine Learning, PyTorch, TensorFlow, Azure",51-200,91000.0,62,2025-10-29
JOB04355,Data Engineer,Mid,3.0,Bluewave Tech,Gaming,"London, UK",No,Full-time,"TensorFlow, AWS, Spark, Machine Learning",51-200,121000.0,22,2026-01-02
JOB04356,Data Engineer,Mid,3.0,Zenith Data Group,Manufacturing,"Austin, USA",No,Full-time,"Deep Learning, Power BI, SQL, Tableau",1-50,132500.0,60,2026-02-14
JOB04357,Computer Vision Engineer,Mid,3.0,Clearline Systems,Telecommunications,"Bengaluru, India",No,Full-time,"Machine Learning, NLP, Power BI, SQL",201-1000,60500.0,142,2026-05-22
JOB04358,NLP Engineer,Mid,3.0,Northstar Labs,Finance,Singapore,No,Full-time,"Deep Learning, PyTorch, AWS, TensorFlow, SQL",201-1000,125000.0,25,2026-05-03
JOB04359,Lead Data Engineer,Senior,6.0,Bright Path AI,Automotive,"San Francisco, USA",Yes,Full-time,"Generative AI, Azure, Deep Learning, GCP",51-200,187500.0,6,2025-12-04
JOB04360,ML Engineer I,Entry,0.0,Meridian Software,Technology,"New York, USA",No,Full-time,"SQL, Tableau, Statistics",5000+,78500.0,140,2025-07-21
JOB04361,AI Engineer,Mid,3.0,DataForge,Finance,"Toronto, Canada",Yes,Full-time,"TensorFlow, Spark, PyTorch, Machine Learning",201-1000,111500.0,10,2025-12-18
JOB04363,Data Scientist,Mid,3.0,DataForge,Healthcare,"Austin, USA",Yes,Full-time,"PyTorch, Power BI, NLP, Deep Learning",1-50,133500.0,74,2026-05-25
JOB04364,Data Analyst,Entry,0.0,DataForge,Consulting,"Bengaluru, India",Yes,Contract,"Tableau, Python, Data Visualization",1-50,35000.0,16,2026-01-09
JOB04365,Lead Data Engineer,Senior,6.0,Atlas Intelligence,Healthcare,Remote,Yes,Contract,"LLMs, MLOps, NLP, AWS",1-50,190500.0,28,2025-11-02
JOB04366,Data Scientist,Mid,3.0,DataForge,Education,"San Francisco, USA",Yes,Full-time,"TensorFlow, Power BI, Machine Learning, Spark, AWS",1-50,167500.0,18,2026-07-06
JOB04367,Staff AI Engineer,Senior,6.0,Orbital Systems,Consulting,"Berlin, Germany",No,Full-time,"GCP, Deep Learning, Computer Vision, Kubernetes",1-50,151000.0,150,2025-11-18
JOB04368,Senior ML Engineer,Senior,6.0,Northstar Labs,Healthcare,"Toronto, Canada",No,Full-time,"Machine Learning, NLP, GCP, Azure, Deep Learning",5000+,144500.0,16,2026-03-30
JOB04369,Data Engineer I,Entry,0.0,Skyline Data Co,Technology,"San Francisco, USA",Yes,Full-time,"Tableau, Excel, Data Visualization, SQL, Statistics",201-1000,91000.0,22,2026-03-21
JOB04370,BI Analyst,Entry,0.0,Ironpeak Tech,Automotive,"Berlin, Germany",No,Full-time,"Statistics, Tableau, SQL",51-200,61000.0,8,2026-02-23
JOB04371,Data Engineer,Mid,3.0,Atlas Intelligence,Telecommunications,"Bengaluru, India",Yes,Contract,"Power BI, AWS, TensorFlow, Kubernetes",1-50,41500.0,62,2026-07-05
JOB04372,Computer Vision Engineer,Mid,3.0,Meridian Software,Telecommunications,"New York, USA",Yes,Full-time,"Python, Deep Learning, AWS",1001-5000,120000.0,31,2026-02-22
JOB04373,Principal Data Scientist,Senior,6.0,Bright Path AI,E-commerce,"Austin, USA",Yes,Full-time,"AWS, GCP, LLMs, Machine Learning",5000+,166500.0,66,2026-01-31
JOB04374,Lead Data Engineer,Senior,6.0,Corelytics,E-commerce,"New York, USA",No,Full-time,"Deep Learning, Generative AI, GCP, R",1001-5000,210000.0,100,2025-11-14
JOB04375,VP of Machine Learning,Manager,10.0,Atlas Intelligence,Gaming,"London, UK",Yes,Full-time,"GCP, MLOps, Generative AI, AWS, Statistics, SQL",201-1000,307000.0,16,2025-08-08
JOB04376,Junior Data Scientist,Entry,0.0,Northstar Labs,E-commerce,"Dublin, Ireland",No,Contract,"Python, Tableau, SQL, Excel",1-50,74000.0,11,2026-06-28
JOB04378,AI Engineer,Mid,3.0,Nexora AI,Healthcare,"San Francisco, USA",No,Part-time,"PyTorch, Power BI, NLP, Deep Learning, Airflow",201-1000,176000.0,58,2025-07-22
JOB04380,Senior ML Engineer,Senior,6.0,Quantum Insight,Technology,"Toronto, Canada",No,Full-time,"Generative AI, Machine Learning, LLMs, Computer Vision",1001-5000,171000.0,34,2026-04-10
JOB04381,Machine Learning Engineer,Mid,3.0,Meridian Software,Manufacturing,"New York, USA",No,Full-time,"Python, AWS, Spark",1-50,131000.0,138,2026-02-03
JOB04382,Data Engineer,Mid,3.0,Bluewave Tech,Telecommunications,"San Francisco, USA",No,Full-time,"Power BI, Machine Learning, Deep Learning, NLP",201-1000,138500.0,56,2026-03-30
JOB04383,Staff AI Engineer,Senior,6.0,Pulse Robotics,Automotive,"Austin, USA",No,Full-time,"Azure, MLOps, Generative AI, Machine Learning, LLMs",1001-5000,148500.0,38,2025-07-08
JOB04385,NLP Engineer,Mid,3.0,Corelytics,Healthcare,"Sydney, Australia",Yes,Full-time,"Deep Learning, Power BI, Spark, Machine Learning, Python, LLMs",51-200,125500.0,62,2026-06-16
JOB04386,Principal Data Scientist,Senior,6.0,Zenith Data Group,Technology,"Sydney, Australia",No,Full-time,"Deep Learning, Kubernetes, Azure, Python",1001-5000,149000.0,22,2026-02-21
JOB04387,AI Research Scientist,Senior,6.0,Ironpeak Tech,Automotive,"London, UK",No,Full-time,"Kubernetes, Machine Learning, NLP, LLMs, Computer Vision",1-50,156500.0,61,2026-03-29
JOB04388,AI Engineer,Mid,3.0,Fusion Analytics,Manufacturing,"Sydney, Australia",No,Full-time,"Deep Learning, Spark, Machine Learning, TensorFlow, PyTorch",51-200,104500.0,73,2025-09-15
JOB04389,Principal Data Scientist,Senior,6.0,Northstar Labs,E-commerce,"Toronto, Canada",No,Full-time,"GCP, Kubernetes, AWS",1001-5000,176500.0,49,2025-08-23
JOB04390,Senior Data Scientist,Senior,6.0,Quantum Insight,Finance,"San Francisco, USA",No,Contract,"AWS, Machine Learning, LLMs, Kubernetes, Azure, Computer Vision",201-1000,255500.0,32,2025-12-07
JOB04391,Machine Learning Engineer,Mid,3.0,Skyline Data Co,Automotive,"Austin, USA",No,Full-time,"Power BI, Machine Learning, Python, NLP, Airflow",1001-5000,103500.0,16,2025-12-01
JOB04392,Data Analyst,Entry,0.0,Quantum Insight,Finance,"Toronto, Canada",Yes,Part-time,"Python, Statistics, SQL",1-50,66000.0,61,2026-02-18
JOB04393,NLP Engineer,Mid,3.0,Corelytics,E-commerce,Singapore,No,Full-time,"Power BI, TensorFlow, Spark, Python",1-50,137000.0,38,2026-02-21
JOB04394,Principal Data Scientist,Senior,6.0,Quantum Insight,Education,"Bengaluru, India",No,Full-time,"Generative AI, Azure, Kubernetes, MLOps",1-50,85000.0,73,2026-05-07
JOB04395,Staff AI Engineer,Senior,6.0,Atlas Intelligence,Healthcare,"New York, USA",No,Full-time,"MLOps, Generative AI, GCP",201-1000,230000.0,9,2026-03-11
JOB04396,NLP Engineer,Mid,3.0,Zenith Data Group,Education,Singapore,No,Full-time,"Machine Learning, Spark, NLP, Deep Learning, SQL",51-200,103500.0,115,2025-07-09
JOB04397,Principal Data Scientist,Senior,6.0,Atlas Intelligence,Consulting,"Toronto, Canada",No,Full-time,"Deep Learning, Machine Learning, GCP",201-1000,143500.0,124,2025-07-15
JOB04398,Machine Learning Engineer,Mid,3.0,Corelytics,Education,"Toronto, Canada",No,Full-time,"Spark, Deep Learning, SQL, AWS, Python, A/B Testing",201-1000,118500.0,24,2026-05-23
JOB04399,AI Research Scientist,Senior,6.0,Pulse Robotics,E-commerce,"Toronto, Canada",Yes,Full-time,"Computer Vision, Azure, GCP, Data Visualization",5000+,180500.0,124,2026-01-24
JOB04400,Data Engineer,Mid,3.0,Horizon Cloud,Gaming,"New York, USA",Yes,Full-time,"Power BI, SQL, Machine Learning, Python, Deep Learning",1001-5000,107500.0,26,2025-08-09
JOB04401,Computer Vision Engineer,Mid,3.0,Novacore AI,Telecommunications,Singapore,No,Full-time,"Python, TensorFlow, Deep Learning, NLP, SQL, PyTorch",51-200,98500.0,39,2026-02-11
JOB04402,Lead Data Engineer,Senior,6.0,Orbital Systems,Education,"Austin, USA",No,Full-time,"Computer Vision, Azure, NLP, AWS, PyTorch",1-50,167000.0,14,2025-08-10
JOB04403,AI Engineer,Mid,3.0,Northstar Labs,Healthcare,"New York, USA",Yes,Full-time,"Machine Learning, TensorFlow, Power BI, SQL",201-1000,154000.0,46,2026-04-08
JOB04404,Junior Data Scientist,Entry,0.0,Skyline Data Co,Technology,Singapore,No,Full-time,"Python, Tableau, Data Visualization",201-1000,76000.0,4,2025-07-15
JOB04405,Head of AI,Manager,10.0,Vertex Analytics,E-commerce,"Bengaluru, India",No,Full-time,"GCP, A/B Testing, Generative AI",51-200,134500.0,42,2026-06-10
JOB04406,ML Engineer I,Entry,0.0,Quantum Insight,Automotive,"Toronto, Canada",No,Full-time,"Data Visualization, Tableau, SQL, Statistics",201-1000,57000.0,26,2026-05-09
JOB04407,Data Engineer I,Entry,0.0,DataForge,Education,Remote,Yes,Full-time,"Data Visualization, Statistics, SQL, Excel, Python",1001-5000,81000.0,51,2025-09-17
JOB04408,Junior Data Scientist,Entry,0.0,Atlas Intelligence,Technology,"Austin, USA",Yes,Full-time,"Python, Excel, Statistics, Data Visualization, SQL",5000+,80000.0,57,2026-03-28
JOB04409,Senior ML Engineer,Senior,6.0,Northstar Labs,Automotive,"Toronto, Canada",No,Full-time,"Computer Vision, Azure, LLMs, AWS, NLP",5000+,128500.0,101,2025-11-23
JOB04410,Director of Data Science,Manager,10.0,Bluewave Tech,E-commerce,Singapore,No,Full-time,"MLOps, GCP, AWS, PyTorch",1-50,203500.0,21,2025-08-24
JOB04411,Data Engineer I,Entry,0.0,Quantum Insight,Finance,"San Francisco, USA",No,Full-time,"Python, SQL, Excel",5000+,83000.0,23,2026-03-25
JOB04412,Computer Vision Engineer,Mid,3.0,Silverline AI,Manufacturing,Remote,Yes,Full-time,"Power BI, Python, AWS, SQL",5000+,126500.0,38,2025-11-11
JOB04413,Senior ML Engineer,Senior,6.0,Meridian Software,Automotive,"San Francisco, USA",Yes,Part-time,"Kubernetes, Machine Learning, Deep Learning",201-1000,194500.0,10,2025-12-04
JOB04414,Data Science Manager,Manager,10.0,Pulse Robotics,Manufacturing,"Bengaluru, India",Yes,Full-time,"LLMs, A/B Testing, Generative AI, AWS, Power BI",1001-5000,104500.0,167,2025-07-06
JOB04415,Data Scientist,Mid,3.0,Fusion Analytics,Education,Remote,Yes,Full-time,"Machine Learning, PyTorch, SQL, Airflow",1001-5000,126500.0,34,2026-03-08
JOB04416,Junior Data Scientist,Entry,0.0,Meridian Software,Consulting,Singapore,Yes,Full-time,"Excel, Python, Data Visualization",1-50,77500.0,74,2025-08-15
JOB04417,Senior Data Scientist,Senior,6.0,Novacore AI,Education,"Toronto, Canada",No,Full-time,"Deep Learning, Computer Vision, Azure",51-200,144500.0,220,2025-07-11
JOB04418,Senior ML Engineer,Senior,6.0,Quantum Insight,Finance,"New York, USA",Yes,Full-time,"AWS, Computer Vision, Azure, Generative AI",51-200,223000.0,11,2026-04-16
JOB04419,Computer Vision Engineer,Mid,3.0,Ironpeak Tech,Finance,"Austin, USA",Yes,Full-time,"Spark, Machine Learning, TensorFlow, AWS",51-200,96000.0,73,2026-01-18
JOB04420,Principal Data Scientist,Senior,6.0,Novacore AI,Technology,"Austin, USA",Yes,Part-time,"GCP, Computer Vision, LLMs, Kubernetes",5000+,168000.0,36,2025-11-05
JOB04421,Computer Vision Engineer,Mid,3.0,Atlas Intelligence,Healthcare,"Berlin, Germany",No,Full-time,"NLP, TensorFlow, Machine Learning",1-50,115500.0,35,2025-09-05
JOB04422,Data Scientist,Mid,3.0,Ironpeak Tech,Consulting,"London, UK",Yes,Full-time,"AWS, PyTorch, Spark, Deep Learning, Machine Learning",1001-5000,125000.0,212,2025-08-27
JOB04423,AI Engineer,Mid,3.0,Nexora AI,Education,"Toronto, Canada",No,Full-time,"NLP, Python, SQL, TensorFlow, Power BI, Kubernetes",51-200,117000.0,76,2025-11-28
JOB04424,AI Research Assistant,Entry,0.0,Bright Path AI,Finance,"Dublin, Ireland",No,Full-time,"SQL, Statistics, Excel, Python",1001-5000,69000.0,6,2025-11-17
JOB04425,AI Engineer,Mid,3.0,Silverline AI,Consulting,"Toronto, Canada",No,Full-time,"Deep Learning, Python, PyTorch, AWS, TensorFlow",1001-5000,92500.0,11,2025-12-22
JOB04426,Data Analyst,Entry,0.0,Atlas Intelligence,Education,"Toronto, Canada",No,Full-time,"Tableau, Statistics, SQL, Data Visualization, Python",5000+,65000.0,23,2025-10-07
JOB04427,Data Analyst,Entry,0.0,Meridian Software,Manufacturing,"New York, USA",No,Full-time,"Statistics, Data Visualization, Tableau, SQL",201-1000,95000.0,51,2025-11-26
JOB04428,BI Analyst,Entry,0.0,DataForge,E-commerce,"San Francisco, USA",No,Full-time,"Tableau, SQL, Excel, Python",5000+,99500.0,47,2025-08-24
JOB04429,Staff AI Engineer,Senior,6.0,Fusion Analytics,Healthcare,"New York, USA",Yes,Full-time,"Azure, MLOps, Generative AI",51-200,194500.0,72,2026-01-04
JOB04431,AI Research Assistant,Entry,0.0,Horizon Cloud,Consulting,"San Francisco, USA",Yes,Full-time,"Python, Tableau, Excel, SQL, Statistics",51-200,77000.0,79,2026-02-09
JOB04432,Senior Data Scientist,Senior,6.0,Bright Path AI,Gaming,"London, UK",No,Full-time,"MLOps, AWS, NLP, Deep Learning, Generative AI, Computer Vision",201-1000,149000.0,31,2025-12-03
JOB04433,Data Engineer I,Entry,0.0,Bluewave Tech,Manufacturing,"London, UK",No,Full-time,"Python, Tableau, Data Visualization, Excel",1001-5000,90000.0,57,2025-09-22
JOB04434,Analytics Engineer,Mid,3.0,Novacore AI,Telecommunications,"Dublin, Ireland",Yes,Contract,"AWS, Deep Learning, Machine Learning, Spark, R",1001-5000,92000.0,38,2025-08-16
JOB04435,Data Engineer,Mid,3.0,Novacore AI,Consulting,"Toronto, Canada",No,Full-time,"TensorFlow, Python, NLP, Power BI, Tableau",201-1000,88000.0,20,2026-05-14
JOB04436,Data Analyst,Entry,0.0,Northstar Labs,Healthcare,"London, UK",Yes,Full-time,"Python, Data Visualization, Excel, Tableau, Statistics, LLMs",51-200,84500.0,47,2026-02-05
JOB04437,Senior Data Scientist,Senior,6.0,Northstar Labs,Telecommunications,"Berlin, Germany",No,Full-time,"Azure, GCP, Computer Vision, Generative AI",1001-5000,130000.0,14,2025-11-09
JOB04438,Data Engineer I,Entry,0.0,Horizon Cloud,E-commerce,"New York, USA",No,Part-time,"Python, Tableau, Statistics, Excel, SQL",1001-5000,87000.0,40,2025-12-22
JOB04439,Data Engineer I,Entry,0.0,Pulse Robotics,Finance,"Toronto, Canada",No,Full-time,"Statistics, Excel, SQL",51-200,67000.0,45,2026-07-09
JOB04440,Lead Data Engineer,Senior,6.0,Zenith Data Group,Telecommunications,Singapore,No,Full-time,"Machine Learning, AWS, GCP",1001-5000,154000.0,85,2025-08-30
JOB04441,ML Engineer I,Entry,0.0,Ironpeak Tech,Automotive,"Bengaluru, India",Yes,Full-time,"Python, Excel, SQL, Data Visualization",51-200,36000.0,7,2026-04-08
JOB04442,Computer Vision Engineer,Mid,3.0,Novacore AI,Automotive,"San Francisco, USA",Yes,Full-time,"Python, Machine Learning, TensorFlow",1-50,132000.0,57,2025-12-18
JOB04444,Data Engineer I,Entry,0.0,Nexora AI,Manufacturing,Remote,Yes,Full-time,"Data Visualization, Statistics, Excel, Tableau, Python",51-200,82000.0,49,2026-03-29
JOB04445,Staff AI Engineer,Senior,6.0,Horizon Cloud,Healthcare,"Austin, USA",No,Full-time,"MLOps, LLMs, NLP, Kubernetes, Machine Learning",51-200,214500.0,45,2026-03-30
JOB04446,Data Engineer I,Entry,0.0,Clearline Systems,Telecommunications,"Toronto, Canada",No,Full-time,"Python, Data Visualization, SQL, Generative AI",1001-5000,54500.0,20,2025-07-12
JOB04448,AI Research Scientist,Senior,6.0,Bright Path AI,Finance,"Dublin, Ireland",No,Full-time,"GCP, Generative AI, NLP, Machine Learning",1-50,137000.0,35,2025-10-20
JOB04449,Data Engineer,Mid,3.0,Orbital Systems,E-commerce,"London, UK",No,Full-time,"PyTorch, AWS, Power BI, Python, NLP",1001-5000,111500.0,65,2025-08-29
JOB04450,Computer Vision Engineer,Mid,3.0,Orbital Systems,E-commerce,"San Francisco, USA",No,Full-time,"Deep Learning, SQL, Python, Spark, TensorFlow",51-200,146000.0,25,2026-07-08
JOB04451,Analytics Engineer,Mid,3.0,Atlas Intelligence,E-commerce,Singapore,No,Full-time,"PyTorch, TensorFlow, Machine Learning, SQL",51-200,136000.0,18,2025-07-05
JOB04452,Junior Data Scientist,Entry,0.0,Fusion Analytics,Education,"Bengaluru, India",No,Contract,"Python, Statistics, Excel, Data Visualization, Tableau",201-1000,29500.0,15,2025-07-27
JOB04453,NLP Engineer,Mid,3.0,Bluewave Tech,E-commerce,"Toronto, Canada",Yes,Full-time,"Power BI, Spark, Deep Learning, NLP, AWS",51-200,106500.0,49,2026-02-27
JOB04454,Lead Data Engineer,Senior,6.0,Fusion Analytics,Technology,"Dublin, Ireland",No,Full-time,"Deep Learning, Computer Vision, Machine Learning, Azure, MLOps",201-1000,188000.0,35,2025-11-24
JOB04455,Director of Data Science,Manager,10.0,Vertex Analytics,Gaming,"Sydney, Australia",No,Full-time,"LLMs, MLOps, Generative AI",201-1000,219500.0,80,2025-11-07
JOB04456,Machine Learning Engineer,Mid,3.0,Novacore AI,Healthcare,"London, UK",No,Full-time,"SQL, Power BI, Spark",51-200,104000.0,16,2026-04-23
JOB04457,Data Engineer,Mid,3.0,Northstar Labs,Finance,"Toronto, Canada",Yes,Full-time,"Deep Learning, Power BI, PyTorch",51-200,119500.0,18,2026-01-08
JOB04458,AI Engineer,Mid,3.0,Meridian Software,Consulting,"Berlin, Germany",No,Full-time,"TensorFlow, Machine Learning, Python, PyTorch",201-1000,113500.0,11,2026-03-14
JOB04459,Junior Data Scientist,Entry,0.0,Zenith Data Group,Finance,"Sydney, Australia",No,Full-time,"Data Visualization, Statistics, SQL, Python, Tableau",1-50,62000.0,36,2026-04-01
JOB04460,Machine Learning Engineer,Mid,3.0,Meridian Software,Technology,"London, UK",Yes,Full-time,"Machine Learning, NLP, PyTorch, Spark, Power BI",201-1000,96000.0,28,2025-12-26
JOB04461,NLP Engineer,Mid,3.0,Ironpeak Tech,Gaming,"San Francisco, USA",Yes,Full-time,"Deep Learning, Python, TensorFlow, Spark, AWS",1001-5000,172000.0,64,2025-11-17
JOB04462,Lead Data Engineer,Senior,6.0,Northstar Labs,Healthcare,"Bengaluru, India",Yes,Full-time,"Deep Learning, Azure, LLMs, Power BI",5000+,70500.0,54,2025-10-27
JOB04463,Staff AI Engineer,Senior,6.0,DataForge,Consulting,"Bengaluru, India",No,Full-time,"LLMs, NLP, GCP, Azure, Computer Vision, PyTorch",1001-5000,89500.0,58,2026-03-19
JOB04464,ML Engineer I,Entry,0.0,Silverline AI,Manufacturing,"London, UK",Yes,Full-time,"Python, Data Visualization, Tableau, Excel",1001-5000,75000.0,26,2025-10-30
JOB04465,NLP Engineer,Mid,3.0,Pulse Robotics,Telecommunications,Singapore,No,Full-time,"Machine Learning, Power BI, Python, PyTorch, SQL, LLMs",5000+,94500.0,90,2026-06-08
JOB04466,AI Engineer,Mid,3.0,Ironpeak Tech,Automotive,"Toronto, Canada",No,Full-time,"Deep Learning, NLP, Spark, Python, PyTorch, LLMs",1001-5000,97500.0,18,2025-07-31
JOB04467,Senior ML Engineer,Senior,6.0,Quantum Insight,Healthcare,Singapore,Yes,Contract,"AWS, Generative AI, Azure",201-1000,195000.0,43,2025-11-04
JOB04468,NLP Engineer,Mid,3.0,Fusion Analytics,Consulting,"Toronto, Canada",No,Full-time,"Deep Learning, Power BI, PyTorch",1001-5000,125000.0,103,2026-03-11
JOB04470,Analytics Engineer,Mid,3.0,Silverline AI,Technology,"New York, USA",Yes,Full-time,"Power BI, Spark, AWS, TensorFlow, Python",5000+,120000.0,48,2026-07-14
JOB04471,Principal Data Scientist,Senior,6.0,Silverline AI,Gaming,"Berlin, Germany",No,Contract,"Generative AI, Deep Learning, Machine Learning, NLP",51-200,138500.0,47,2026-06-21
JOB04472,Analytics Engineer,Mid,3.0,Atlas Intelligence,Consulting,"New York, USA",Yes,Full-time,"SQL, NLP, TensorFlow, PyTorch, Data Visualization",51-200,135500.0,117,2026-06-11
JOB04473,Machine Learning Engineer,Mid,3.0,Skyline Data Co,Consulting,Singapore,No,Full-time,"Python, PyTorch, AWS, NLP",201-1000,136500.0,11,2025-09-09
JOB04474,Data Scientist,Mid,3.0,Fusion Analytics,Finance,"Bengaluru, India",Yes,Full-time,"Machine Learning, PyTorch, Python, Spark, TensorFlow, GCP",51-200,53500.0,85,2026-05-19
JOB04475,Data Engineer I,Entry,0.0,Bluewave Tech,Technology,"Austin, USA",No,Part-time,"Excel, Data Visualization, Statistics, SQL, Python, Tableau",1001-5000,62500.0,45,2026-01-05
JOB04476,AI Research Assistant,Entry,0.0,Zenith Data Group,Technology,"Berlin, Germany",No,Full-time,"Data Visualization, SQL, Python",201-1000,59000.0,55,2026-03-28
JOB04479,Staff AI Engineer,Senior,6.0,Corelytics,Education,Remote,Yes,Full-time,"GCP, NLP, LLMs, Machine Learning, Spark",201-1000,152000.0,26,2026-03-01
JOB04480,NLP Engineer,Mid,3.0,Zenith Data Group,Healthcare,"Sydney, Australia",No,Full-time,"Machine Learning, Deep Learning, TensorFlow",51-200,129500.0,62,2026-06-16
JOB04481,AI Engineer,Mid,3.0,Novacore AI,Gaming,"London, UK",Yes,Full-time,"Python, SQL, Machine Learning",51-200,133500.0,76,2025-10-28
JOB04482,AI Research Assistant,Entry,0.0,Ironpeak Tech,Gaming,"San Francisco, USA",No,Full-time,"SQL, Tableau, Excel, Statistics, Data Visualization, PyTorch",51-200,109500.0,18,2026-01-24
JOB04483,Data Engineer I,Entry,0.0,Nexora AI,Finance,"Austin, USA",No,Full-time,"SQL, Excel, Statistics, Tableau",5000+,78000.0,25,2026-03-08
JOB04484,Head of AI,Manager,10.0,Nexora AI,Education,"London, UK",No,Full-time,"A/B Testing, LLMs, Statistics, AWS, MLOps, Data Visualization",1001-5000,319000.0,75,2025-11-04
JOB04485,BI Analyst,Entry,0.0,Zenith Data Group,Automotive,Remote,Yes,Full-time,"SQL, Tableau, Python, Statistics",51-200,56500.0,41,2026-03-12
JOB04486,Principal Data Scientist,Senior,6.0,Atlas Intelligence,Gaming,"Austin, USA",No,Full-time,"AWS, Azure, Computer Vision, GCP",1-50,181500.0,36,2026-04-20
JOB04487,Data Scientist,Mid,3.0,Bluewave Tech,Technology,"Dublin, Ireland",No,Full-time,"AWS, SQL, Spark, PyTorch",51-200,114500.0,15,2025-08-27
JOB04488,NLP Engineer,Mid,3.0,Skyline Data Co,Telecommunications,"Berlin, Germany",No,Contract,"AWS, PyTorch, Machine Learning, Spark",1001-5000,88500.0,77,2026-03-26
JOB04489,Data Engineer I,Entry,0.0,Bright Path AI,Gaming,"Berlin, Germany",No,Full-time,"Statistics, Tableau, SQL, Data Visualization",5000+,50500.0,62,2026-02-17
JOB04490,AI Research Scientist,Senior,6.0,Pulse Robotics,Gaming,"Dublin, Ireland",No,Full-time,"MLOps, LLMs, Computer Vision, Machine Learning, AWS",201-1000,197500.0,55,2026-02-20
JOB04491,Machine Learning Engineer,Mid,3.0,DataForge,Automotive,"Toronto, Canada",No,Full-time,"PyTorch, Deep Learning, Python, SQL",1-50,100000.0,16,2025-08-24
JOB04492,Machine Learning Engineer,Mid,3.0,Silverline AI,Gaming,"New York, USA",No,Full-time,"AWS, Deep Learning, NLP, TensorFlow, PyTorch",1001-5000,152000.0,34,2025-09-22
JOB04494,Machine Learning Engineer,Mid,3.0,Bluewave Tech,Telecommunications,"Bengaluru, India",Yes,Contract,"TensorFlow, Machine Learning, SQL, PyTorch, Power BI, Deep Learning",51-200,45500.0,30,2026-03-21
JOB04495,Principal Data Scientist,Senior,6.0,Corelytics,Healthcare,"San Francisco, USA",No,Full-time,"Computer Vision, Deep Learning, LLMs, Python",1-50,189000.0,21,2025-08-01
JOB04496,AI Research Scientist,Senior,6.0,Skyline Data Co,Consulting,"London, UK",Yes,Full-time,"Deep Learning, NLP, Computer Vision, AWS, Generative AI",201-1000,189500.0,71,2025-10-19
JOB04497,Data Engineer,Mid,3.0,Bright Path AI,Healthcare,Singapore,No,Full-time,"Power BI, SQL, AWS, Machine Learning, TensorFlow, Deep Learning",201-1000,129000.0,29,2025-09-07
JOB04498,Computer Vision Engineer,Mid,3.0,Pulse Robotics,E-commerce,"Bengaluru, India",Yes,Full-time,"Spark, SQL, Power BI, NLP, Deep Learning",1-50,52000.0,82,2025-10-22
JOB04500,AI Engineer,Mid,3.0,Ironpeak Tech,Education,"San Francisco, USA",Yes,Full-time,"TensorFlow, Spark, AWS, Python, SQL",5000+,136500.0,13,2026-01-27
JOB04501,Principal Data Scientist,Senior,6.0,Horizon Cloud,Manufacturing,Singapore,No,Full-time,"Generative AI, LLMs, NLP, Kubernetes, R",201-1000,172500.0,39,2025-07-14
JOB04502,Senior Data Scientist,Senior,6.0,Bluewave Tech,Gaming,"Austin, USA",No,Contract,"Kubernetes, NLP, LLMs, Generative AI, Computer Vision",1001-5000,152000.0,63,2026-03-23
JOB04503,Data Engineer I,Entry,0.0,Bright Path AI,E-commerce,Remote,Yes,Full-time,"Excel, Statistics, SQL",1001-5000,76000.0,97,2026-07-01
JOB04504,ML Engineer I,Entry,0.0,Clearline Systems,Gaming,Remote,Yes,Contract,"Python, Tableau, SQL, Statistics",201-1000,73500.0,56,2025-09-22
JOB04505,Senior ML Engineer,Senior,6.0,Horizon Cloud,Finance,"Berlin, Germany",No,Full-time,"Deep Learning, Computer Vision, Generative AI, GCP, Azure",201-1000,139500.0,72,2025-11-30
JOB04506,Senior Data Scientist,Senior,6.0,Pulse Robotics,Consulting,"Berlin, Germany",No,Full-time,"Deep Learning, Generative AI, Computer Vision, MLOps, AWS",1001-5000,162500.0,34,2025-10-25
JOB04507,Data Engineer I,Entry,0.0,Orbital Systems,Automotive,"Sydney, Australia",No,Full-time,"Tableau, Python, Excel",1001-5000,63000.0,37,2026-01-03
JOB04508,VP of Machine Learning,Manager,10.0,Bright Path AI,Automotive,"Bengaluru, India",No,Full-time,"MLOps, Statistics, A/B Testing, GCP",51-200,143500.0,50,2025-11-21
JOB04509,Lead Data Engineer,Senior,6.0,Clearline Systems,Automotive,"New York, USA",No,Full-time,"NLP, Azure, Kubernetes, Generative AI",1-50,172000.0,21,2026-01-02
JOB04511,AI Research Scientist,Senior,6.0,Meridian Software,E-commerce,"New York, USA",Yes,Full-time,"NLP, Kubernetes, Deep Learning, Computer Vision",201-1000,203500.0,32,2026-02-09
JOB04513,NLP Engineer,Mid,3.0,Meridian Software,Telecommunications,"Dublin, Ireland",No,Full-time,"Deep Learning, Python, Power BI, Machine Learning, TensorFlow, Kubernetes",201-1000,90000.0,46,2026-05-07
JOB04514,NLP Engineer,Mid,3.0,Orbital Systems,Manufacturing,Remote,Yes,Full-time,"Python, Deep Learning, TensorFlow",201-1000,104000.0,32,2025-08-09
JOB04515,AI Research Scientist,Senior,6.0,Vertex Analytics,Gaming,"London, UK",Yes,Contract,"Generative AI, MLOps, GCP, Azure",51-200,217500.0,26,2025-07-24
JOB04516,Principal Data Scientist,Senior,6.0,Corelytics,Manufacturing,"Bengaluru, India",No,Full-time,"Deep Learning, GCP, NLP, AWS, Machine Learning",51-200,83000.0,48,2025-11-26
JOB04517,Analytics Engineer,Mid,3.0,Bluewave Tech,Education,"Sydney, Australia",No,Contract,"Power BI, AWS, NLP",1001-5000,99500.0,14,2025-12-26
JOB04518,AI Research Scientist,Senior,6.0,Zenith Data Group,Manufacturing,"New York, USA",Yes,Full-time,"Machine Learning, NLP, GCP, AWS",51-200,223500.0,42,2026-02-28
JOB04519,Computer Vision Engineer,Mid,3.0,Northstar Labs,Gaming,"Sydney, Australia",No,Full-time,"PyTorch, Deep Learning, NLP, Python, Spark, A/B Testing",5000+,114000.0,40,2026-05-25
JOB04520,Principal Data Scientist,Senior,6.0,Bluewave Tech,Technology,"New York, USA",No,Full-time,"LLMs, Azure, NLP, Computer Vision, AWS, Python",201-1000,232500.0,38,2026-03-28
JOB04521,Data Engineer,Mid,3.0,Northstar Labs,E-commerce,"Dublin, Ireland",No,Full-time,"TensorFlow, AWS, Power BI",51-200,114000.0,23,2025-07-04
JOB04522,Data Analyst,Entry,0.0,Horizon Cloud,Manufacturing,"New York, USA",No,Full-time,"Excel, Tableau, Statistics",51-200,90500.0,22,2025-11-24
JOB04523,AI Research Scientist,Senior,6.0,Corelytics,Automotive,Singapore,No,Full-time,"LLMs, GCP, NLP, AWS, Computer Vision",1-50,201000.0,58,2025-09-20
JOB04525,ML Engineer I,Entry,0.0,Zenith Data Group,Education,"Dublin, Ireland",No,Contract,"Python, Tableau, SQL, Statistics",1001-5000,68000.0,41,2026-04-30
JOB04526,Data Engineer,Mid,3.0,Silverline AI,Consulting,Remote,Yes,Full-time,"Machine Learning, TensorFlow, Power BI",51-200,119500.0,44,2026-05-15
JOB04527,Lead Data Engineer,Senior,6.0,Zenith Data Group,Technology,Singapore,No,Full-time,"Computer Vision, LLMs, Azure, Machine Learning",201-1000,192500.0,20,2025-07-24
JOB04528,Data Scientist,Mid,3.0,Vertex Analytics,E-commerce,"Bengaluru, India",No,Full-time,"PyTorch, TensorFlow, Python, Spark, R",51-200,60500.0,113,2025-10-07
JOB04529,NLP Engineer,Mid,3.0,Nexora AI,Technology,"Sydney, Australia",Yes,Full-time,"Deep Learning, SQL, Python, NLP, AWS",5000+,126000.0,68,2025-10-24
JOB04530,Junior Data Scientist,Entry,0.0,Bluewave Tech,Education,"New York, USA",Yes,Full-time,"SQL, Statistics, Data Visualization",1001-5000,88000.0,91,2026-04-13
JOB04531,Lead Data Engineer,Senior,6.0,DataForge,Consulting,"Berlin, Germany",No,Full-time,"NLP, Kubernetes, Machine Learning, Deep Learning, GCP",1-50,166500.0,46,2026-03-09
JOB04532,Data Scientist,Mid,3.0,Fusion Analytics,Technology,"Berlin, Germany",No,Full-time,"PyTorch, AWS, Machine Learning, NLP",5000+,97500.0,95,2025-09-28
JOB04533,AI Research Assistant,Entry,0.0,Bluewave Tech,Education,"Sydney, Australia",Yes,Full-time,"SQL, Tableau, Python, Data Visualization",5000+,89500.0,43,2026-06-17
JOB04534,AI Research Scientist,Senior,6.0,DataForge,Finance,"Berlin, Germany",No,Full-time,"Machine Learning, GCP, LLMs, Computer Vision, AWS",201-1000,173500.0,80,2025-11-21
JOB04535,AI Research Assistant,Entry,0.0,Meridian Software,Gaming,"Bengaluru, India",Yes,Full-time,"Excel, SQL, Python, Data Visualization, Tableau, Docker",1001-5000,33500.0,47,2026-06-05
JOB04536,Senior ML Engineer,Senior,6.0,Bright Path AI,Gaming,Remote,Yes,Full-time,"GCP, Kubernetes, Machine Learning, NLP, AWS",1-50,171500.0,28,2026-01-19
JOB04537,Machine Learning Engineer,Mid,3.0,Ironpeak Tech,Automotive,"Bengaluru, India",Yes,Contract,"AWS, Python, SQL, Machine Learning",201-1000,57500.0,18,2025-10-23
JOB04538,Analytics Engineer,Mid,3.0,Bright Path AI,Education,"New York, USA",No,Full-time,"Machine Learning, SQL, NLP, Spark",1-50,108000.0,31,2025-12-04
JOB04539,Data Engineer,Mid,3.0,Bluewave Tech,Telecommunications,Singapore,No,Full-time,"Deep Learning, NLP, Machine Learning, AWS, PyTorch",1-50,96500.0,27,2026-06-17
JOB04540,AI Engineer,Mid,3.0,Silverline AI,Healthcare,"New York, USA",No,Contract,"Spark, Python, SQL",5000+,130500.0,43,2026-03-16
JOB04541,Data Engineer,Mid,3.0,Clearline Systems,Consulting,"Sydney, Australia",No,Full-time,"Python, SQL, Power BI, PyTorch, TensorFlow",201-1000,108000.0,107,2025-11-14
JOB04542,Data Engineer,Mid,3.0,Horizon Cloud,Education,"London, UK",No,Full-time,"AWS, Python, SQL",5000+,128000.0,36,2026-02-19
JOB04543,Head of Analytics,Manager,10.0,Orbital Systems,Finance,"New York, USA",Yes,Full-time,"LLMs, A/B Testing, GCP, AWS, Statistics",1-50,324500.0,33,2026-01-31
JOB04544,Staff AI Engineer,Senior,6.0,DataForge,Technology,"Dublin, Ireland",No,Full-time,"Computer Vision, Generative AI, Machine Learning, GCP, AWS",51-200,189000.0,62,2026-03-22
JOB04546,AI Research Scientist,Senior,6.0,Northstar Labs,Manufacturing,"London, UK",No,Full-time,"AWS, Computer Vision, Machine Learning, Kubernetes, GCP",1-50,148000.0,50,2025-12-13
JOB04547,ML Engineer I,Entry,0.0,Ironpeak Tech,Education,"London, UK",No,Full-time,"Excel, Statistics, Data Visualization, SQL, Tableau",51-200,63000.0,12,2026-07-09
JOB04548,Lead Data Engineer,Senior,6.0,Quantum Insight,Manufacturing,"Berlin, Germany",No,Part-time,"GCP, Kubernetes, Generative AI, Spark",51-200,135500.0,43,2025-07-19
JOB04549,Director of Data Science,Manager,10.0,Fusion Analytics,E-commerce,Remote,Yes,Contract,"AWS, LLMs, A/B Testing, Statistics, Airflow",5000+,215500.0,30,2026-01-18
JOB04550,Head of Analytics,Manager,10.0,Atlas Intelligence,Manufacturing,"Berlin, Germany",No,Full-time,"LLMs, Generative AI, AWS",1-50,221500.0,30,2025-07-31
JOB04551,Data Engineer,Mid,3.0,Atlas Intelligence,Gaming,Remote,Yes,Full-time,"Deep Learning, Machine Learning, NLP, Generative AI",201-1000,89500.0,74,2025-07-02
JOB04552,Senior ML Engineer,Senior,6.0,Clearline Systems,Finance,"Toronto, Canada",Yes,Full-time,"Computer Vision, Azure, Kubernetes, Generative AI, NLP",201-1000,157500.0,52,2025-12-26
JOB04553,Data Scientist,Mid,3.0,Atlas Intelligence,Manufacturing,"Sydney, Australia",No,Full-time,"SQL, Python, Machine Learning, Spark, TensorFlow",5000+,96500.0,5,2025-11-02
JOB04554,NLP Engineer,Mid,3.0,Nexora AI,Telecommunications,"Sydney, Australia",No,Full-time,"PyTorch, AWS, Machine Learning, NLP, Spark, MLOps",1001-5000,95500.0,59,2025-11-15
JOB04555,BI Analyst,Entry,0.0,DataForge,Healthcare,Remote,Yes,Full-time,"SQL, Python, Data Visualization, Excel, Statistics, PyTorch",1001-5000,57000.0,11,2026-04-20
JOB04556,AI Engineer,Mid,3.0,Bluewave Tech,Finance,Singapore,No,Contract,"SQL, Machine Learning, Deep Learning, Spark",5000+,103000.0,47,2025-10-14
JOB04557,NLP Engineer,Mid,3.0,Zenith Data Group,Healthcare,"Austin, USA",Yes,Full-time,"PyTorch, Power BI, Spark, Python, NLP, Excel",1001-5000,146000.0,111,2026-04-20
JOB04558,BI Analyst,Entry,0.0,Orbital Systems,Finance,"Berlin, Germany",Yes,Full-time,"Python, Statistics, SQL, Data Visualization, Azure",201-1000,58000.0,41,2026-01-14
JOB04559,AI Research Assistant,Entry,0.0,Vertex Analytics,Manufacturing,"Berlin, Germany",No,Full-time,"SQL, Data Visualization, Python, Statistics",51-200,65000.0,57,2026-01-18
JOB04560,Data Analyst,Entry,0.0,Horizon Cloud,Healthcare,"Austin, USA",No,Full-time,"Tableau, Statistics, Python, SQL, Excel",1001-5000,67500.0,6,2025-09-01
JOB04561,Analytics Engineer,Mid,3.0,Fusion Analytics,Technology,"Dublin, Ireland",No,Full-time,"Python, Machine Learning, PyTorch, TensorFlow",1001-5000,110500.0,14,2025-12-09
JOB04562,Data Scientist,Mid,3.0,Vertex Analytics,Consulting,Remote,Yes,Full-time,"Deep Learning, NLP, Python, Spark",5000+,131000.0,66,2025-07-10
JOB04563,Head of Analytics,Manager,10.0,Atlas Intelligence,Consulting,"Bengaluru, India",No,Part-time,"A/B Testing, LLMs, AWS, GCP, Generative AI, Excel",5000+,92500.0,11,2025-09-10
JOB04564,NLP Engineer,Mid,3.0,Meridian Software,Education,Remote,Yes,Full-time,"PyTorch, Python, Spark, TensorFlow, SQL",201-1000,86500.0,67,2025-07-20
JOB04565,NLP Engineer,Mid,3.0,Clearline Systems,Gaming,"Bengaluru, India",No,Full-time,"Machine Learning, SQL, Deep Learning, TensorFlow, Spark, R",201-1000,53000.0,41,2026-07-05
JOB04566,Senior Data Scientist,Senior,6.0,Skyline Data Co,E-commerce,"Bengaluru, India",No,Full-time,"AWS, Azure, LLMs, GCP, Deep Learning",201-1000,83000.0,23,2026-01-11
JOB04567,NLP Engineer,Mid,3.0,Nexora AI,Education,"Berlin, Germany",No,Full-time,"SQL, Spark, PyTorch, AWS, Azure",201-1000,89500.0,111,2026-04-29
JOB04568,Principal Data Scientist,Senior,6.0,Silverline AI,E-commerce,Remote,Yes,Contract,"NLP, Kubernetes, MLOps, AWS, GCP",201-1000,142500.0,121,2025-12-08
JOB04569,Analytics Engineer,Mid,3.0,Northstar Labs,Technology,Remote,Yes,Full-time,"Machine Learning, NLP, AWS, Python, Spark",51-200,132500.0,29,2026-02-12
JOB04570,Analytics Engineer,Mid,3.0,Fusion Analytics,Gaming,Remote,Yes,Full-time,"Deep Learning, TensorFlow, Spark, AWS",1-50,117500.0,40,2026-04-14
JOB04571,Data Engineer I,Entry,0.0,Zenith Data Group,Manufacturing,"London, UK",No,Full-time,"Excel, Data Visualization, SQL, Tableau, Statistics, Machine Learning",51-200,92500.0,63,2025-10-29
JOB04572,Analytics Engineer,Mid,3.0,Northstar Labs,Healthcare,Remote,Yes,Full-time,"PyTorch, NLP, AWS, Spark, TensorFlow, SQL",1-50,87000.0,3,2026-01-21
JOB04573,Data Scientist,Mid,3.0,Quantum Insight,Technology,"London, UK",Yes,Full-time,"Power BI, TensorFlow, NLP, Airflow",51-200,113500.0,64,2026-02-26
JOB04574,Computer Vision Engineer,Mid,3.0,Meridian Software,Automotive,"Berlin, Germany",No,Full-time,"NLP, Machine Learning, Power BI",51-200,117500.0,36,2025-12-25
JOB04575,Senior Data Scientist,Senior,6.0,Horizon Cloud,Healthcare,"London, UK",No,Contract,"GCP, Machine Learning, MLOps, Computer Vision, NLP",5000+,164500.0,68,2026-06-10
JOB04576,Data Engineer I,Entry,0.0,Nexora AI,Gaming,Remote,Yes,Contract,"Excel, Python, SQL",1001-5000,65000.0,128,2025-12-03
JOB04577,Computer Vision Engineer,Mid,3.0,Silverline AI,Healthcare,"Austin, USA",Yes,Full-time,"SQL, AWS, Spark, Python, TensorFlow",5000+,95000.0,9,2026-05-28
JOB04578,Principal Data Scientist,Senior,6.0,Fusion Analytics,Healthcare,"Toronto, Canada",No,Contract,"GCP, LLMs, Computer Vision, NLP, MLOps",51-200,133000.0,36,2025-07-31
JOB04579,AI Engineer,Mid,3.0,Northstar Labs,Telecommunications,"San Francisco, USA",No,Full-time,"PyTorch, Python, TensorFlow, SQL",1001-5000,173000.0,13,2026-01-10
JOB04580,Data Scientist,Mid,3.0,Atlas Intelligence,Finance,"New York, USA",Yes,Full-time,"Machine Learning, Spark, Python, NLP, PyTorch, Statistics",51-200,130500.0,35,2025-12-28
JOB04581,NLP Engineer,Mid,3.0,Horizon Cloud,Manufacturing,"New York, USA",Yes,Full-time,"PyTorch, Machine Learning, SQL, Deep Learning",201-1000,112000.0,21,2026-02-03
JOB04582,Computer Vision Engineer,Mid,3.0,DataForge,Technology,"Sydney, Australia",Yes,Full-time,"Deep Learning, PyTorch, Spark",51-200,127000.0,21,2026-03-23
JOB04583,Data Engineer,Mid,3.0,Skyline Data Co,Consulting,"San Francisco, USA",No,Full-time,"Power BI, TensorFlow, PyTorch",1001-5000,117500.0,119,2026-03-19
JOB04584,Computer Vision Engineer,Mid,3.0,Bright Path AI,Healthcare,"Sydney, Australia",Yes,Full-time,"Machine Learning, TensorFlow, PyTorch, NLP, MLOps",201-1000,129000.0,32,2026-04-13
JOB04585,Data Analyst,Entry,0.0,Bluewave Tech,Automotive,"New York, USA",No,Full-time,"SQL, Statistics, Tableau, Data Visualization",51-200,94000.0,54,2026-01-08
JOB04586,Computer Vision Engineer,Mid,3.0,Clearline Systems,Consulting,"Toronto, Canada",Yes,Full-time,"Python, NLP, TensorFlow, Power BI",5000+,91500.0,26,2025-12-11
JOB04587,Senior Data Scientist,Senior,6.0,Fusion Analytics,Manufacturing,Singapore,No,Full-time,"Computer Vision, GCP, LLMs, Machine Learning, Azure",1001-5000,199500.0,32,2025-11-19
JOB04588,Data Analyst,Entry,0.0,Bluewave Tech,Consulting,Singapore,Yes,Full-time,"Excel, SQL, Statistics, Tableau, Python, Kubernetes",201-1000,71500.0,53,2025-07-01
JOB04589,NLP Engineer,Mid,3.0,Northstar Labs,Gaming,"Toronto, Canada",Yes,Full-time,"Spark, SQL, Deep Learning, Python, AWS, Data Visualization",1001-5000,93500.0,56,2025-10-29
JOB04590,Senior Data Scientist,Senior,6.0,Bluewave Tech,Telecommunications,"London, UK",No,Contract,"Computer Vision, Azure, Generative AI, GCP, Kubernetes, AWS",201-1000,166000.0,42,2025-11-24
JOB04591,Data Analyst,Entry,0.0,Orbital Systems,Manufacturing,"Dublin, Ireland",No,Full-time,"Statistics, Tableau, Data Visualization, Excel",201-1000,76000.0,39,2025-07-12
JOB04592,Lead Data Engineer,Senior,6.0,Ironpeak Tech,Finance,"San Francisco, USA",No,Full-time,"NLP, Deep Learning, Generative AI, MLOps, GCP",51-200,209500.0,38,2026-01-17
JOB04593,AI Research Scientist,Senior,6.0,Atlas Intelligence,Manufacturing,"Austin, USA",Yes,Full-time,"MLOps, Machine Learning, AWS, Azure, Deep Learning",5000+,217500.0,92,2025-11-26
JOB04594,Computer Vision Engineer,Mid,3.0,Clearline Systems,Finance,"Berlin, Germany",No,Contract,"Power BI, Deep Learning, SQL, TensorFlow",201-1000,100500.0,39,2026-03-09
JOB04595,Head of AI,Manager,10.0,Pulse Robotics,Automotive,"Toronto, Canada",No,Full-time,"A/B Testing, Generative AI, GCP, LLMs, MLOps, Tableau",1001-5000,263500.0,10,2026-07-01
JOB04596,Lead Data Engineer,Senior,6.0,Ironpeak Tech,Education,"Toronto, Canada",Yes,Part-time,"AWS, Computer Vision, Machine Learning, MLOps",5000+,183500.0,16,2026-05-17
JOB04597,Data Engineer,Mid,3.0,Corelytics,Telecommunications,"Bengaluru, India",Yes,Contract,"PyTorch, Machine Learning, TensorFlow, Power BI",5000+,46000.0,55,2025-12-09
JOB04598,Data Scientist,Mid,3.0,Horizon Cloud,Automotive,"London, UK",Yes,Full-time,"Spark, NLP, AWS, TensorFlow, Power BI, A/B Testing",1001-5000,114000.0,146,2025-09-05
JOB04599,Staff AI Engineer,Senior,6.0,Atlas Intelligence,Finance,"Dublin, Ireland",No,Full-time,"GCP, Deep Learning, NLP, Azure",51-200,154500.0,14,2025-07-09
JOB04600,Principal Data Scientist,Senior,6.0,Horizon Cloud,Manufacturing,"San Francisco, USA",Yes,Full-time,"AWS, Generative AI, Deep Learning",201-1000,253500.0,10,2026-06-06
JOB04601,NLP Engineer,Mid,3.0,Silverline AI,Education,"Sydney, Australia",No,Contract,"Spark, NLP, SQL",51-200,101500.0,60,2026-05-11
JOB04602,AI Research Scientist,Senior,6.0,Novacore AI,Consulting,"Sydney, Australia",Yes,Full-time,"Machine Learning, Deep Learning, MLOps, Kubernetes, GCP",201-1000,151000.0,17,2025-07-07
JOB04603,Machine Learning Engineer,Mid,3.0,Vertex Analytics,E-commerce,"Berlin, Germany",Yes,Full-time,"SQL, AWS, NLP, PyTorch, Excel",201-1000,116500.0,47,2025-11-23
JOB04604,VP of Machine Learning,Manager,10.0,Silverline AI,E-commerce,"London, UK",No,Full-time,"AWS, GCP, Statistics",5000+,313500.0,14,2026-06-06
JOB04605,Data Analyst,Entry,0.0,Silverline AI,Finance,"Dublin, Ireland",Yes,Full-time,"Python, Tableau, Data Visualization, Statistics, Deep Learning",51-200,61500.0,30,2025-11-21
JOB04606,Data Scientist,Mid,3.0,Vertex Analytics,Education,"London, UK",No,Part-time,"Power BI, TensorFlow, Deep Learning, PyTorch",5000+,120000.0,20,2025-10-26
JOB04607,BI Analyst,Entry,0.0,Skyline Data Co,E-commerce,"Sydney, Australia",No,Full-time,"Statistics, Python, SQL, Excel, Tableau",51-200,61500.0,8,2026-06-21
JOB04608,Analytics Engineer,Mid,3.0,Northstar Labs,Technology,Remote,Yes,Full-time,"Machine Learning, PyTorch, Spark, Tableau",5000+,105500.0,59,2025-11-02
JOB04609,Junior Data Scientist,Entry,0.0,Silverline AI,Manufacturing,"New York, USA",No,Contract,"Tableau, Data Visualization, SQL, Statistics",5000+,90000.0,37,2026-03-20
JOB04610,Analytics Engineer,Mid,3.0,Vertex Analytics,Technology,"Sydney, Australia",Yes,Contract,"Machine Learning, TensorFlow, SQL, PyTorch",1001-5000,131000.0,28,2026-02-13
JOB04611,BI Analyst,Entry,0.0,Clearline Systems,Telecommunications,"London, UK",No,Full-time,"Python, Data Visualization, Tableau, SQL, Excel",1001-5000,63500.0,65,2026-03-16
JOB04612,Data Scientist,Mid,3.0,Bright Path AI,Gaming,"Toronto, Canada",No,Contract,"Machine Learning, TensorFlow, Spark",201-1000,122500.0,71,2026-05-26
JOB04614,Data Analyst,Entry,0.0,Nexora AI,Gaming,"Dublin, Ireland",No,Full-time,"Python, Tableau, Data Visualization",1-50,64500.0,51,2025-09-25
JOB04615,BI Analyst,Entry,0.0,Clearline Systems,E-commerce,Singapore,No,Contract,"Python, Tableau, Data Visualization, Excel, AWS",1-50,62000.0,10,2025-10-30
JOB04616,Data Analyst,Entry,0.0,Atlas Intelligence,Automotive,"New York, USA",Yes,Full-time,"Statistics, Python, Data Visualization",51-200,75500.0,39,2025-09-29
JOB04617,Data Science Manager,Manager,10.0,Horizon Cloud,Telecommunications,"Sydney, Australia",No,Full-time,"Statistics, LLMs, MLOps, AWS, Generative AI",51-200,248000.0,24,2025-11-08
JOB04618,Data Engineer,Mid,3.0,Zenith Data Group,Education,"Sydney, Australia",No,Full-time,"Power BI, TensorFlow, Machine Learning, Deep Learning",5000+,129000.0,27,2025-07-28
JOB04619,Data Engineer,Mid,3.0,Silverline AI,Gaming,Remote,Yes,Full-time,"SQL, Deep Learning, Python, TensorFlow, Spark",1001-5000,92000.0,5,2026-06-10
JOB04620,Data Engineer,Mid,3.0,Skyline Data Co,Automotive,"Toronto, Canada",Yes,Full-time,"Python, PyTorch, Deep Learning, Machine Learning",1001-5000,125500.0,57,2025-12-05
JOB04621,Senior Data Scientist,Senior,6.0,Horizon Cloud,Technology,"London, UK",No,Full-time,"Kubernetes, MLOps, Computer Vision, Generative AI, GCP",1001-5000,212500.0,21,2026-06-15
JOB04622,AI Engineer,Mid,3.0,Meridian Software,Technology,"Bengaluru, India",No,Full-time,"Machine Learning, NLP, PyTorch, Spark",51-200,48000.0,76,2025-11-02
JOB04623,AI Engineer,Mid,3.0,Clearline Systems,E-commerce,"Berlin, Germany",No,Full-time,"TensorFlow, AWS, SQL",1-50,101500.0,27,2026-06-08
JOB04625,AI Engineer,Mid,3.0,Quantum Insight,Finance,"Toronto, Canada",Yes,Full-time,"PyTorch, AWS, SQL, Deep Learning, Machine Learning",1001-5000,93500.0,109,2025-11-23
JOB04626,Data Engineer,Mid,3.0,Northstar Labs,Healthcare,"London, UK",No,Full-time,"Spark, SQL, AWS, LLMs",201-1000,147000.0,24,2025-11-24
JOB04627,AI Engineer,Mid,3.0,Novacore AI,Technology,"Austin, USA",Yes,Full-time,"SQL, PyTorch, AWS",51-200,108500.0,30,2026-05-29
JOB04628,Staff AI Engineer,Senior,6.0,Orbital Systems,Telecommunications,"Austin, USA",Yes,Full-time,"MLOps, AWS, NLP, GCP, Kubernetes",5000+,208000.0,11,2026-06-20
JOB04629,Junior Data Scientist,Entry,0.0,Ironpeak Tech,E-commerce,"New York, USA",Yes,Full-time,"SQL, Excel, Tableau, Data Visualization",1001-5000,79500.0,4,2026-01-03
JOB04630,Computer Vision Engineer,Mid,3.0,Atlas Intelligence,Telecommunications,"London, UK",Yes,Full-time,"NLP, Machine Learning, Power BI, Spark, PyTorch",201-1000,111500.0,51,2026-04-15
JOB04631,NLP Engineer,Mid,3.0,Ironpeak Tech,Technology,"San Francisco, USA",Yes,Full-time,"TensorFlow, AWS, Spark, Data Visualization",51-200,138500.0,33,2026-03-09
JOB04633,Data Scientist,Mid,3.0,Pulse Robotics,Gaming,Remote,Yes,Full-time,"AWS, Spark, PyTorch",1001-5000,126500.0,57,2025-10-04
JOB04634,Machine Learning Engineer,Mid,3.0,Corelytics,Technology,Remote,Yes,Full-time,"AWS, Power BI, TensorFlow, Machine Learning",1001-5000,127000.0,43,2025-11-26
JOB04635,Computer Vision Engineer,Mid,3.0,Pulse Robotics,E-commerce,"London, UK",No,Full-time,"Python, Power BI, Deep Learning, Machine Learning, TensorFlow",1-50,116500.0,8,2025-07-17
JOB04636,Principal Data Scientist,Senior,6.0,Meridian Software,Automotive,"Dublin, Ireland",Yes,Full-time,"Azure, MLOps, Computer Vision, Kubernetes, Machine Learning",1001-5000,133000.0,60,2025-08-15
JOB04637,AI Research Assistant,Entry,0.0,Ironpeak Tech,Gaming,"Sydney, Australia",No,Full-time,"SQL, Excel, Statistics, Python, Data Visualization",51-200,88500.0,43,2025-08-08
JOB04638,Senior Data Scientist,Senior,6.0,DataForge,Healthcare,"New York, USA",Yes,Full-time,"NLP, MLOps, Kubernetes, LLMs, AWS",51-200,206000.0,81,2026-03-16
JOB04639,Staff AI Engineer,Senior,6.0,Corelytics,Gaming,"New York, USA",No,Full-time,"AWS, LLMs, Computer Vision, NLP",1001-5000,176000.0,111,2025-12-02
JOB04640,Data Scientist,Mid,3.0,Vertex Analytics,Gaming,"Berlin, Germany",No,Full-time,"Power BI, NLP, SQL, Deep Learning, Machine Learning",1001-5000,90500.0,20,2025-07-07
JOB04641,Data Engineer I,Entry,0.0,DataForge,Healthcare,"Sydney, Australia",No,Full-time,"Tableau, Data Visualization, Excel",1001-5000,58500.0,23,2025-09-19
JOB04643,Staff AI Engineer,Senior,6.0,Bluewave Tech,Gaming,"Sydney, Australia",No,Full-time,"Deep Learning, Computer Vision, GCP, MLOps, Machine Learning",5000+,153000.0,33,2025-08-12
JOB04644,Staff AI Engineer,Senior,6.0,Orbital Systems,Finance,"Toronto, Canada",No,Full-time,"NLP, Machine Learning, Generative AI",201-1000,158000.0,17,2025-08-27
JOB04645,Computer Vision Engineer,Mid,3.0,Bluewave Tech,Manufacturing,"Berlin, Germany",Yes,Full-time,"TensorFlow, NLP, SQL, Airflow",1001-5000,111500.0,12,2026-01-08
JOB04646,VP of Machine Learning,Manager,10.0,Novacore AI,Finance,"New York, USA",No,Part-time,"MLOps, AWS, Generative AI",1-50,242000.0,103,2025-08-07
JOB04647,Data Analyst,Entry,0.0,Northstar Labs,Education,"Sydney, Australia",No,Full-time,"Tableau, Data Visualization, Statistics, SQL, Excel",1-50,59500.0,146,2026-03-24
JOB04648,Analytics Engineer,Mid,3.0,Quantum Insight,Technology,"Austin, USA",No,Full-time,"Deep Learning, Python, PyTorch, AWS, Excel",5000+,107000.0,47,2025-11-18
JOB04649,AI Research Scientist,Senior,6.0,Bright Path AI,Automotive,Remote,Yes,Full-time,"AWS, Deep Learning, Generative AI",1001-5000,183000.0,20,2025-08-05
JOB04650,Lead Data Engineer,Senior,6.0,Silverline AI,Consulting,"London, UK",Yes,Full-time,"GCP, Computer Vision, Generative AI, AWS, LLMs, TensorFlow",5000+,151000.0,30,2026-02-02
JOB04652,Data Scientist,Mid,3.0,Zenith Data Group,Telecommunications,"Toronto, Canada",No,Contract,"SQL, Power BI, AWS, Spark, PyTorch, Machine Learning",51-200,125000.0,41,2026-06-18
JOB04653,Data Analyst,Entry,0.0,Bluewave Tech,Healthcare,"Austin, USA",No,Full-time,"Tableau, Data Visualization, SQL, Python, Excel, PyTorch",1001-5000,67000.0,18,2026-05-24
JOB04654,NLP Engineer,Mid,3.0,Silverline AI,Telecommunications,"Berlin, Germany",No,Full-time,"Power BI, NLP, AWS, Deep Learning",51-200,111500.0,7,2025-08-24
JOB04655,Data Engineer I,Entry,0.0,Skyline Data Co,Education,"New York, USA",No,Full-time,"SQL, Data Visualization, Tableau, Python, MLOps",201-1000,102500.0,55,2026-03-11
JOB04657,AI Research Scientist,Senior,6.0,Corelytics,Manufacturing,"Berlin, Germany",No,Full-time,"Computer Vision, Generative AI, Machine Learning, Azure",51-200,122500.0,108,2025-10-20
JOB04658,Data Scientist,Mid,3.0,Bluewave Tech,Consulting,"New York, USA",Yes,Full-time,"NLP, Deep Learning, AWS",201-1000,158500.0,56,2026-03-25
JOB04659,Senior Data Scientist,Senior,6.0,Novacore AI,Education,"Toronto, Canada",No,Part-time,"MLOps, NLP, Generative AI, A/B Testing",201-1000,167000.0,2,2026-04-29
JOB04660,AI Engineer,Mid,3.0,Zenith Data Group,Technology,"San Francisco, USA",No,Full-time,"Spark, Python, NLP, TensorFlow, Deep Learning",51-200,145500.0,114,2026-01-13
JOB04661,AI Engineer,Mid,3.0,Novacore AI,E-commerce,"San Francisco, USA",No,Full-time,"NLP, Machine Learning, Python, AWS, Kubernetes",51-200,177500.0,3,2026-03-17
JOB04662,Machine Learning Engineer,Mid,3.0,Silverline AI,Healthcare,"Berlin, Germany",No,Full-time,"AWS, Power BI, TensorFlow, Python",1-50,101000.0,32,2025-11-14
JOB04663,Data Scientist,Mid,3.0,Orbital Systems,Finance,Singapore,Yes,Part-time,"TensorFlow, NLP, Power BI, Machine Learning, Deep Learning",1001-5000,136500.0,46,2026-07-03
JOB04664,AI Research Scientist,Senior,6.0,Fusion Analytics,E-commerce,"Berlin, Germany",No,Contract,"Deep Learning, GCP, Azure, Generative AI",5000+,121000.0,53,2025-09-10
JOB04665,AI Research Scientist,Senior,6.0,Bluewave Tech,Automotive,"San Francisco, USA",Yes,Full-time,"Computer Vision, Machine Learning, Deep Learning, Azure, LLMs",1001-5000,215500.0,71,2026-05-03
JOB04666,Data Science Manager,Manager,10.0,Nexora AI,Healthcare,"Sydney, Australia",Yes,Part-time,"GCP, MLOps, LLMs, Statistics",1001-5000,274000.0,23,2025-07-17
JOB04667,Data Analyst,Entry,0.0,Corelytics,Manufacturing,Singapore,No,Full-time,"Excel, Python, Tableau, SQL",51-200,73500.0,32,2025-07-25
JOB04668,Data Analyst,Entry,0.0,Corelytics,Technology,"San Francisco, USA",No,Full-time,"Tableau, Data Visualization, Excel",1001-5000,90500.0,23,2025-08-02
JOB04669,AI Research Assistant,Entry,0.0,Bright Path AI,E-commerce,"Dublin, Ireland",Yes,Contract,"SQL, Data Visualization, Excel, Python, Tableau",5000+,71000.0,27,2026-06-24
JOB04671,Junior Data Scientist,Entry,0.0,Horizon Cloud,Automotive,"San Francisco, USA",Yes,Contract,"Excel, SQL, Tableau, Data Visualization",1001-5000,103500.0,24,2026-07-10
JOB04672,NLP Engineer,Mid,3.0,Corelytics,Healthcare,"Toronto, Canada",No,Full-time,"AWS, PyTorch, Machine Learning, Power BI, LLMs",1001-5000,83500.0,79,2026-03-01
JOB04673,Junior Data Scientist,Entry,0.0,Northstar Labs,Telecommunications,"Sydney, Australia",No,Full-time,"Excel, SQL, Tableau, Python",1001-5000,82500.0,20,2026-01-18
JOB04674,Principal Data Scientist,Senior,6.0,Ironpeak Tech,Manufacturing,Singapore,Yes,Full-time,"NLP, Computer Vision, LLMs, MLOps, Deep Learning",5000+,158000.0,39,2026-02-12
JOB04675,Computer Vision Engineer,Mid,3.0,Orbital Systems,E-commerce,"London, UK",Yes,Full-time,"NLP, TensorFlow, Machine Learning",201-1000,138500.0,26,2026-04-24
JOB04676,Staff AI Engineer,Senior,6.0,Meridian Software,Manufacturing,"Berlin, Germany",No,Full-time,"Deep Learning, Generative AI, NLP",51-200,147500.0,61,2026-05-14
JOB04677,Data Engineer,Mid,3.0,Atlas Intelligence,Gaming,"New York, USA",Yes,Full-time,"AWS, SQL, Python, Deep Learning",201-1000,114000.0,33,2026-01-06
JOB04678,Data Analyst,Entry,0.0,Bright Path AI,E-commerce,"Austin, USA",No,Full-time,"Excel, Python, Data Visualization, Statistics",51-200,89500.0,92,2025-09-10
JOB04679,Data Analyst,Entry,0.0,Silverline AI,Manufacturing,Remote,Yes,Full-time,"SQL, Python, Tableau, Data Visualization, Statistics, Machine Learning",1001-5000,82000.0,45,2025-07-14
JOB04680,Staff AI Engineer,Senior,6.0,Atlas Intelligence,Technology,"Berlin, Germany",Yes,Full-time,"MLOps, LLMs, NLP, Deep Learning, Machine Learning",1001-5000,121500.0,38,2025-09-07
JOB04682,Computer Vision Engineer,Mid,3.0,Corelytics,Finance,"Bengaluru, India",No,Contract,"Machine Learning, NLP, Power BI, PyTorch, AWS",5000+,51500.0,153,2025-12-09
JOB04683,Machine Learning Engineer,Mid,3.0,Zenith Data Group,Manufacturing,"Bengaluru, India",No,Full-time,"NLP, Power BI, TensorFlow, Computer Vision",51-200,47500.0,12,2026-01-04
JOB04684,AI Research Assistant,Entry,0.0,Clearline Systems,Technology,"New York, USA",Yes,Full-time,"Python, SQL, Tableau, Excel",201-1000,91500.0,72,2025-07-10
JOB04685,Data Engineer,Mid,3.0,Northstar Labs,Automotive,"Dublin, Ireland",No,Full-time,"TensorFlow, SQL, Deep Learning, Statistics",51-200,90000.0,9,2025-07-11
JOB04686,Senior ML Engineer,Senior,6.0,Vertex Analytics,E-commerce,"Dublin, Ireland",No,Contract,"MLOps, LLMs, GCP",201-1000,185000.0,38,2025-10-12
JOB04687,Lead Data Engineer,Senior,6.0,Corelytics,Finance,"Austin, USA",Yes,Full-time,"Deep Learning, GCP, Kubernetes, AWS",201-1000,205500.0,29,2026-03-27
JOB04688,Data Analyst,Entry,0.0,Nexora AI,Gaming,Singapore,No,Full-time,"Python, Excel, Data Visualization",1001-5000,78000.0,6,2026-07-03
JOB04689,Data Engineer,Mid,3.0,Meridian Software,E-commerce,"London, UK",No,Full-time,"Python, TensorFlow, SQL, AWS",51-200,107500.0,44,2026-01-06
JOB04690,Data Scientist,Mid,3.0,Orbital Systems,Consulting,"Bengaluru, India",Yes,Contract,"PyTorch, NLP, Deep Learning, SQL, Spark",201-1000,47500.0,119,2025-11-03
JOB04691,Data Science Manager,Manager,10.0,Atlas Intelligence,Education,"London, UK",No,Full-time,"Generative AI, AWS, GCP, Power BI",1-50,205500.0,33,2026-06-03
JOB04692,Data Engineer I,Entry,0.0,Zenith Data Group,Telecommunications,"Austin, USA",No,Full-time,"Excel, Statistics, Python, SQL",201-1000,60000.0,37,2025-10-02
JOB04693,Analytics Engineer,Mid,3.0,Orbital Systems,Healthcare,"Berlin, Germany",Yes,Full-time,"NLP, PyTorch, SQL, Deep Learning, Machine Learning",201-1000,98000.0,137,2026-03-26
JOB04694,Senior Data Scientist,Senior,6.0,Ironpeak Tech,Telecommunications,"Toronto, Canada",Yes,Contract,"Generative AI, GCP, Machine Learning, A/B Testing",201-1000,149000.0,55,2026-04-22
JOB04695,Senior Data Scientist,Senior,6.0,Bluewave Tech,Manufacturing,"San Francisco, USA",No,Contract,"MLOps, NLP, GCP",1-50,254000.0,105,2026-07-14
JOB04696,ML Engineer I,Entry,0.0,Fusion Analytics,Healthcare,Remote,Yes,Full-time,"Excel, Statistics, Tableau, Python, SQL",1-50,53000.0,51,2026-03-16
JOB04697,Analytics Engineer,Mid,3.0,Bluewave Tech,Consulting,"Berlin, Germany",Yes,Full-time,"Spark, SQL, TensorFlow, Deep Learning",51-200,97000.0,21,2026-06-29
JOB04698,AI Research Scientist,Senior,6.0,Fusion Analytics,Consulting,"Toronto, Canada",No,Full-time,"Azure, Deep Learning, NLP, Computer Vision",201-1000,127500.0,8,2025-08-27
JOB04699,Director of Data Science,Manager,10.0,Zenith Data Group,Telecommunications,"New York, USA",No,Full-time,"A/B Testing, MLOps, AWS, GCP, LLMs",1001-5000,365500.0,139,2025-11-28
JOB04700,AI Engineer,Mid,3.0,Corelytics,Telecommunications,"Bengaluru, India",No,Full-time,"Power BI, TensorFlow, Spark, SQL",201-1000,41000.0,40,2026-04-30
JOB04701,Data Analyst,Entry,0.0,Silverline AI,Education,"Toronto, Canada",No,Full-time,"Statistics, Excel, Tableau, Data Visualization, SQL, AWS",51-200,79000.0,37,2026-02-28
JOB04702,Computer Vision Engineer,Mid,3.0,Vertex Analytics,Education,"Austin, USA",Yes,Full-time,"PyTorch, NLP, Power BI, Deep Learning",201-1000,116000.0,61,2025-09-19
JOB04703,Data Scientist,Mid,3.0,Horizon Cloud,Gaming,"Sydney, Australia",Yes,Full-time,"Python, Power BI, Spark, Deep Learning, Machine Learning",201-1000,113000.0,33,2025-10-24
JOB04704,NLP Engineer,Mid,3.0,Vertex Analytics,E-commerce,"Sydney, Australia",Yes,Contract,"AWS, SQL, Python, Deep Learning, PyTorch",1001-5000,121500.0,10,2026-04-13
JOB04705,Machine Learning Engineer,Mid,3.0,Atlas Intelligence,Healthcare,"Austin, USA",No,Full-time,"Python, TensorFlow, Power BI, Machine Learning, Data Visualization",5000+,104000.0,38,2025-11-01
JOB04706,AI Research Scientist,Senior,6.0,Vertex Analytics,Healthcare,"Toronto, Canada",No,Contract,"Azure, Machine Learning, MLOps",5000+,129000.0,38,2025-12-27
JOB04707,BI Analyst,Entry,0.0,Clearline Systems,Manufacturing,"Bengaluru, India",No,Full-time,"Excel, Statistics, SQL, Data Visualization, Python",51-200,31000.0,13,2025-12-25
JOB04708,NLP Engineer,Mid,3.0,Vertex Analytics,Telecommunications,"Berlin, Germany",No,Full-time,"Python, TensorFlow, NLP, GCP",51-200,81500.0,47,2026-01-02
JOB04709,Data Engineer,Mid,3.0,Quantum Insight,Gaming,Remote,Yes,Full-time,"Spark, PyTorch, Deep Learning, TensorFlow",1-50,123000.0,10,2025-11-18
JOB04710,Computer Vision Engineer,Mid,3.0,Novacore AI,Education,"Dublin, Ireland",Yes,Full-time,"Deep Learning, Python, Machine Learning, Spark",1001-5000,95500.0,10,2025-08-11
JOB04711,Staff AI Engineer,Senior,6.0,Clearline Systems,E-commerce,"Berlin, Germany",No,Full-time,"NLP, Azure, LLMs, Deep Learning, Machine Learning, Airflow",1001-5000,151500.0,8,2026-02-10
JOB04712,Staff AI Engineer,Senior,6.0,Fusion Analytics,Gaming,"Austin, USA",Yes,Full-time,"Generative AI, MLOps, Kubernetes, Machine Learning, Computer Vision",1-50,216500.0,34,2025-10-31
JOB04713,Director of Data Science,Manager,10.0,Pulse Robotics,Finance,"Dublin, Ireland",No,Full-time,"A/B Testing, MLOps, Statistics, AWS, GCP, PyTorch",1-50,227500.0,21,2025-08-03
JOB04714,VP of Machine Learning,Manager,10.0,Skyline Data Co,Healthcare,Singapore,Yes,Full-time,"A/B Testing, MLOps, GCP, Statistics, SQL",201-1000,243000.0,22,2025-09-30
JOB04715,Data Scientist,Mid,3.0,Pulse Robotics,Education,Remote,Yes,Full-time,"Spark, SQL, TensorFlow",51-200,118500.0,8,2026-05-23
JOB04716,Senior Data Scientist,Senior,6.0,DataForge,Telecommunications,Singapore,No,Full-time,"Deep Learning, GCP, LLMs, Kubernetes, Generative AI, MLOps",1001-5000,202000.0,155,2026-07-05
JOB04717,Machine Learning Engineer,Mid,3.0,Zenith Data Group,Technology,Remote,Yes,Full-time,"Deep Learning, NLP, PyTorch, Machine Learning, Spark",201-1000,121000.0,28,2026-07-06
JOB04718,BI Analyst,Entry,0.0,Clearline Systems,Consulting,"Dublin, Ireland",No,Contract,"Python, Statistics, Tableau, Excel, Data Visualization",1-50,79500.0,22,2026-05-08
JOB04719,NLP Engineer,Mid,3.0,Corelytics,Consulting,"London, UK",No,Full-time,"Python, NLP, Spark",1-50,134000.0,68,2025-12-23
JOB04720,AI Engineer,Mid,3.0,Horizon Cloud,Finance,"Berlin, Germany",No,Part-time,"Power BI, SQL, AWS, A/B Testing",1001-5000,118500.0,22,2025-07-30
JOB04721,VP of Machine Learning,Manager,10.0,Horizon Cloud,E-commerce,"Sydney, Australia",No,Full-time,"GCP, Statistics, MLOps, LLMs",1-50,309000.0,27,2026-06-09
JOB04723,Computer Vision Engineer,Mid,3.0,Skyline Data Co,E-commerce,"New York, USA",No,Full-time,"Machine Learning, Spark, AWS",201-1000,111000.0,92,2025-11-07
JOB04724,AI Research Scientist,Senior,6.0,Bright Path AI,Finance,"Toronto, Canada",Yes,Full-time,"Azure, MLOps, Machine Learning, AWS, LLMs",1001-5000,165500.0,74,2025-07-05
JOB04725,Data Analyst,Entry,0.0,Skyline Data Co,Automotive,"Sydney, Australia",Yes,Full-time,"Python, Tableau, Data Visualization, Excel, Statistics",201-1000,66000.0,49,2025-07-10
JOB04726,AI Research Scientist,Senior,6.0,Corelytics,Gaming,Remote,Yes,Full-time,"NLP, Machine Learning, MLOps, LLMs, GCP",5000+,189500.0,53,2025-10-21
JOB04727,Analytics Engineer,Mid,3.0,Bluewave Tech,Healthcare,"Austin, USA",No,Full-time,"Python, Spark, AWS, TensorFlow",5000+,134000.0,40,2025-10-19
JOB04728,AI Research Scientist,Senior,6.0,Clearline Systems,Education,"New York, USA",No,Full-time,"Computer Vision, LLMs, Machine Learning, GCP",51-200,177000.0,55,2026-03-20
JOB04729,Machine Learning Engineer,Mid,3.0,Quantum Insight,Finance,"London, UK",No,Full-time,"Power BI, SQL, Python, Azure",51-200,145000.0,55,2026-05-06
JOB04730,ML Engineer I,Entry,0.0,Vertex Analytics,Telecommunications,Singapore,Yes,Full-time,"Tableau, SQL, Python, Data Visualization, Azure",1-50,88000.0,34,2025-09-30
JOB04731,Senior Data Scientist,Senior,6.0,Bluewave Tech,Consulting,"Berlin, Germany",Yes,Full-time,"Computer Vision, Generative AI, NLP, Machine Learning, AWS",1-50,137500.0,23,2025-09-13
JOB04732,AI Engineer,Mid,3.0,Skyline Data Co,Finance,"San Francisco, USA",No,Full-time,"Spark, Machine Learning, AWS",5000+,142000.0,41,2025-09-02
JOB04733,Senior Data Scientist,Senior,6.0,Silverline AI,Finance,"Austin, USA",No,Full-time,"Generative AI, Azure, Machine Learning, Kubernetes, Deep Learning",1-50,194000.0,56,2026-04-22
JOB04734,Analytics Engineer,Mid,3.0,Quantum Insight,Technology,"London, UK",No,Full-time,"Deep Learning, SQL, NLP, Spark",1001-5000,127000.0,51,2026-01-24
JOB04735,Head of AI,Manager,10.0,Nexora AI,Gaming,Singapore,No,Full-time,"Generative AI, GCP, AWS, MLOps, LLMs",5000+,250000.0,4,2025-08-06
JOB04736,Data Science Manager,Manager,10.0,Quantum Insight,Telecommunications,"Toronto, Canada",Yes,Full-time,"Generative AI, LLMs, Statistics",201-1000,254000.0,76,2026-06-20
JOB04737,Machine Learning Engineer,Mid,3.0,Meridian Software,Telecommunications,"New York, USA",No,Full-time,"Spark, AWS, Power BI, PyTorch, NLP",1001-5000,124000.0,36,2025-07-23
JOB04738,AI Engineer,Mid,3.0,Bright Path AI,E-commerce,Remote,Yes,Full-time,"Power BI, AWS, Deep Learning",201-1000,108500.0,10,2025-10-10
JOB04739,Director of Data Science,Manager,10.0,Pulse Robotics,Finance,"Austin, USA",Yes,Full-time,"MLOps, Generative AI, GCP, A/B Testing",1001-5000,282000.0,52,2025-10-02
JOB04740,AI Engineer,Mid,3.0,Horizon Cloud,Manufacturing,"Berlin, Germany",Yes,Full-time,"Python, TensorFlow, NLP, Power BI",5000+,87500.0,20,2025-07-22
JOB04741,Data Engineer I,Entry,0.0,Bluewave Tech,E-commerce,"San Francisco, USA",No,Full-time,"Tableau, SQL, Excel, Spark",201-1000,76000.0,72,2025-11-12
JOB04742,Lead Data Engineer,Senior,6.0,Horizon Cloud,Technology,"Dublin, Ireland",Yes,Full-time,"MLOps, Azure, Deep Learning, Kubernetes, LLMs",5000+,142500.0,27,2025-11-12
JOB04743,Computer Vision Engineer,Mid,3.0,Horizon Cloud,Technology,"Dublin, Ireland",No,Full-time,"Power BI, NLP, SQL, Deep Learning",1-50,101500.0,31,2026-01-18
JOB04744,Data Engineer,Mid,3.0,Ironpeak Tech,Automotive,"Bengaluru, India",No,Full-time,"Power BI, Deep Learning, TensorFlow, PyTorch",1001-5000,47500.0,18,2026-06-19
JOB04745,Machine Learning Engineer,Mid,3.0,Northstar Labs,Healthcare,"San Francisco, USA",No,Full-time,"TensorFlow, Deep Learning, AWS, Power BI",1001-5000,145500.0,25,2026-05-05
JOB04746,AI Engineer,Mid,3.0,DataForge,Manufacturing,"Bengaluru, India",No,Full-time,"Machine Learning, SQL, Python, PyTorch, Spark, Power BI",51-200,43500.0,14,2025-07-22
JOB04747,VP of Machine Learning,Manager,10.0,Corelytics,Manufacturing,Singapore,Yes,Full-time,"AWS, MLOps, A/B Testing",5000+,264000.0,58,2026-07-04
JOB04748,Principal Data Scientist,Senior,6.0,Clearline Systems,Automotive,"Berlin, Germany",Yes,Full-time,"NLP, GCP, Azure, Statistics",1-50,140500.0,42,2025-07-24
JOB04749,Lead Data Engineer,Senior,6.0,Bright Path AI,Manufacturing,"Bengaluru, India",Yes,Full-time,"LLMs, NLP, GCP, Deep Learning",1-50,79500.0,70,2026-03-28
JOB04750,Staff AI Engineer,Senior,6.0,Quantum Insight,Consulting,"Austin, USA",No,Full-time,"Azure, Computer Vision, AWS, Machine Learning, TensorFlow",1001-5000,209500.0,48,2026-04-29
JOB04751,Analytics Engineer,Mid,3.0,Fusion Analytics,Healthcare,"Dublin, Ireland",No,Full-time,"Power BI, NLP, PyTorch",1001-5000,97500.0,37,2025-10-02
JOB04752,Machine Learning Engineer,Mid,3.0,Orbital Systems,Healthcare,"Sydney, Australia",Yes,Full-time,"TensorFlow, Deep Learning, NLP",201-1000,92000.0,10,2026-03-22
JOB04753,ML Engineer I,Entry,0.0,Silverline AI,Education,"Toronto, Canada",Yes,Full-time,"Statistics, Excel, Data Visualization",1-50,74500.0,83,2026-01-31
JOB04754,Data Engineer,Mid,3.0,Ironpeak Tech,Gaming,"New York, USA",No,Contract,"Python, Power BI, Machine Learning",1001-5000,151500.0,35,2026-07-14
JOB04755,Computer Vision Engineer,Mid,3.0,Bright Path AI,Technology,"Toronto, Canada",No,Full-time,"Power BI, Machine Learning, Deep Learning",51-200,122000.0,38,2026-05-03
JOB04756,AI Research Scientist,Senior,6.0,Clearline Systems,Healthcare,"Sydney, Australia",No,Full-time,"LLMs, Computer Vision, Machine Learning, Azure, Excel",51-200,181000.0,65,2025-07-23
JOB04758,Data Engineer I,Entry,0.0,Skyline Data Co,Gaming,"Dublin, Ireland",Yes,Full-time,"Data Visualization, Statistics, Tableau, SQL, AWS",1-50,74500.0,62,2025-09-27
JOB04759,Data Engineer,Mid,3.0,DataForge,Technology,Remote,Yes,Full-time,"PyTorch, NLP, Deep Learning, Python",201-1000,127000.0,88,2026-03-23
JOB04760,Junior Data Scientist,Entry,0.0,Northstar Labs,Manufacturing,Remote,Yes,Full-time,"Data Visualization, Statistics, Excel, Generative AI",51-200,84000.0,57,2025-10-15
JOB04761,VP of Machine Learning,Manager,10.0,Silverline AI,Automotive,"New York, USA",No,Full-time,"Generative AI, A/B Testing, GCP, MLOps, Statistics, Airflow",1-50,330500.0,52,2026-03-28
JOB04762,BI Analyst,Entry,0.0,Nexora AI,Finance,Remote,Yes,Part-time,"Excel, Python, Data Visualization, Statistics",1001-5000,54000.0,66,2025-07-31
JOB04763,Data Engineer I,Entry,0.0,Fusion Analytics,E-commerce,Singapore,No,Full-time,"Tableau, Python, SQL, Data Visualization, Statistics",51-200,69500.0,44,2025-11-04
JOB04764,Data Engineer I,Entry,0.0,Skyline Data Co,Finance,"London, UK",No,Part-time,"Excel, Data Visualization, Statistics, SQL, Tableau",51-200,61000.0,38,2025-08-23
JOB04765,Analytics Engineer,Mid,3.0,Northstar Labs,Manufacturing,Singapore,No,Full-time,"Power BI, NLP, TensorFlow, Deep Learning",51-200,130000.0,128,2025-10-14
JOB04766,Lead Data Engineer,Senior,6.0,Pulse Robotics,Education,"Toronto, Canada",No,Full-time,"GCP, Deep Learning, Kubernetes",1001-5000,167500.0,85,2026-01-06
JOB04767,Junior Data Scientist,Entry,0.0,Bluewave Tech,Manufacturing,Singapore,No,Full-time,"Tableau, Python, Excel, Deep Learning",5000+,71000.0,30,2026-06-03
JOB04768,BI Analyst,Entry,0.0,Vertex Analytics,Telecommunications,"Bengaluru, India",No,Full-time,"SQL, Tableau, Data Visualization, Python, Azure",1001-5000,38000.0,40,2025-12-13
JOB04769,AI Engineer,Mid,3.0,Corelytics,Healthcare,"San Francisco, USA",Yes,Full-time,"NLP, Power BI, PyTorch",1001-5000,142000.0,40,2026-06-30
JOB04770,Data Scientist,Mid,3.0,Novacore AI,Education,"Bengaluru, India",No,Full-time,"AWS, SQL, PyTorch",201-1000,62000.0,106,2025-07-07
JOB04771,AI Research Scientist,Senior,6.0,Nexora AI,Manufacturing,"San Francisco, USA",Yes,Full-time,"MLOps, AWS, Kubernetes, LLMs, Deep Learning, NLP",1001-5000,192000.0,22,2026-02-03
JOB04773,Senior ML Engineer,Senior,6.0,Ironpeak Tech,Gaming,"Sydney, Australia",No,Full-time,"Computer Vision, MLOps, Deep Learning, TensorFlow",1001-5000,202000.0,128,2026-05-19
JOB04775,Data Scientist,Mid,3.0,Ironpeak Tech,Consulting,"San Francisco, USA",No,Full-time,"AWS, Machine Learning, SQL, Python, TensorFlow, Generative AI",51-200,177500.0,34,2026-04-17
JOB04776,Lead Data Engineer,Senior,6.0,Bright Path AI,Gaming,"Austin, USA",No,Full-time,"LLMs, Azure, Kubernetes, Deep Learning, Computer Vision",51-200,194000.0,67,2026-06-15
JOB04777,Data Scientist,Mid,3.0,Northstar Labs,Consulting,Singapore,No,Full-time,"Python, TensorFlow, Power BI, A/B Testing",5000+,139000.0,40,2025-10-08
JOB04778,Junior Data Scientist,Entry,0.0,Zenith Data Group,Healthcare,"New York, USA",Yes,Full-time,"Data Visualization, SQL, Tableau",1-50,72500.0,90,2025-07-22
JOB04779,Data Engineer I,Entry,0.0,Fusion Analytics,Education,Remote,Yes,Full-time,"Python, Data Visualization, Statistics",5000+,77000.0,50,2026-03-11
JOB04780,Data Analyst,Entry,0.0,Pulse Robotics,Finance,"Dublin, Ireland",Yes,Full-time,"Tableau, Python, Excel, Data Visualization",5000+,56500.0,34,2025-08-07
JOB04782,ML Engineer I,Entry,0.0,Horizon Cloud,Telecommunications,"Dublin, Ireland",Yes,Part-time,"Python, SQL, Data Visualization, Tableau, Excel",201-1000,59000.0,75,2025-08-19
JOB04783,BI Analyst,Entry,0.0,Atlas Intelligence,Healthcare,"Toronto, Canada",Yes,Full-time,"Excel, SQL, Statistics, Python",5000+,61500.0,100,2026-04-03
JOB04784,Analytics Engineer,Mid,3.0,Fusion Analytics,Education,"Austin, USA",Yes,Full-time,"Spark, AWS, PyTorch, NLP, Deep Learning",51-200,123000.0,141,2025-09-12
JOB04785,Data Engineer,Mid,3.0,Novacore AI,Automotive,"Toronto, Canada",No,Contract,"Spark, AWS, Power BI",201-1000,121500.0,65,2026-01-04
JOB04786,BI Analyst,Entry,0.0,Fusion Analytics,Finance,"New York, USA",No,Full-time,"Python, Tableau, Excel, Data Visualization",51-200,82000.0,17,2025-09-20
JOB04787,Data Engineer,Mid,3.0,Quantum Insight,Telecommunications,"Austin, USA",No,Full-time,"Deep Learning, Spark, Power BI, LLMs",201-1000,100500.0,49,2026-04-29
JOB04788,Data Engineer I,Entry,0.0,Vertex Analytics,Healthcare,"Berlin, Germany",No,Full-time,"Tableau, Statistics, Python",51-200,51500.0,41,2025-09-19
JOB04789,Lead Data Engineer,Senior,6.0,Nexora AI,Education,Singapore,Yes,Full-time,"Deep Learning, LLMs, AWS, Kubernetes, NLP",1001-5000,172500.0,15,2025-09-18
JOB04790,NLP Engineer,Mid,3.0,Zenith Data Group,Healthcare,"New York, USA",No,Full-time,"Machine Learning, AWS, Deep Learning, Spark, Python",1-50,150500.0,74,2026-06-16
JOB04791,Head of AI,Manager,10.0,Silverline AI,Technology,"Bengaluru, India",No,Full-time,"LLMs, A/B Testing, AWS, Statistics",1001-5000,95000.0,43,2025-12-21
JOB04792,Lead Data Engineer,Senior,6.0,Orbital Systems,Technology,"San Francisco, USA",No,Full-time,"Deep Learning, GCP, MLOps",201-1000,212000.0,15,2025-10-23
JOB04793,Senior Data Scientist,Senior,6.0,Quantum Insight,Gaming,"Toronto, Canada",Yes,Full-time,"AWS, Machine Learning, Generative AI, NLP, Deep Learning",1-50,155500.0,29,2026-03-19
JOB04794,Analytics Engineer,Mid,3.0,DataForge,Consulting,Remote,Yes,Full-time,"AWS, Spark, Python",51-200,114000.0,20,2025-11-08
JOB04795,Machine Learning Engineer,Mid,3.0,Clearline Systems,Consulting,"Austin, USA",No,Full-time,"TensorFlow, Spark, Power BI, PyTorch, AWS",1001-5000,99500.0,44,2026-05-07
JOB04798,Data Analyst,Entry,0.0,Clearline Systems,Automotive,"Austin, USA",No,Part-time,"Tableau, Excel, SQL, Statistics",1001-5000,88500.0,97,2025-07-31
JOB04799,Machine Learning Engineer,Mid,3.0,Horizon Cloud,Gaming,"Bengaluru, India",No,Contract,"TensorFlow, Spark, NLP, Deep Learning, Machine Learning, MLOps",201-1000,55500.0,7,2025-08-23
JOB04800,Junior Data Scientist,Entry,0.0,Ironpeak Tech,Finance,"Berlin, Germany",Yes,Contract,"Tableau, SQL, Data Visualization, TensorFlow",201-1000,48000.0,27,2026-05-01
JOB04801,Data Engineer,Mid,3.0,DataForge,Gaming,"San Francisco, USA",No,Full-time,"SQL, Deep Learning, TensorFlow, Power BI",5000+,164000.0,96,2026-03-10
JOB04802,ML Engineer I,Entry,0.0,Novacore AI,Gaming,Singapore,No,Contract,"SQL, Data Visualization, Excel",1001-5000,85500.0,94,2026-03-26
JOB04803,Analytics Engineer,Mid,3.0,Clearline Systems,Finance,"Berlin, Germany",No,Full-time,"AWS, Power BI, Deep Learning, NLP, Spark, Excel",51-200,111500.0,56,2025-09-06
JOB04804,Analytics Engineer,Mid,3.0,Novacore AI,Manufacturing,"New York, USA",No,Full-time,"PyTorch, SQL, Machine Learning",201-1000,106000.0,41,2026-06-20
JOB04805,AI Research Assistant,Entry,0.0,Pulse Robotics,Telecommunications,"Dublin, Ireland",Yes,Full-time,"Python, Excel, Data Visualization",5000+,83500.0,19,2026-03-25
JOB04806,AI Research Assistant,Entry,0.0,Skyline Data Co,Finance,"San Francisco, USA",Yes,Full-time,"Excel, SQL, Statistics, Data Visualization",1-50,82500.0,9,2026-03-28
JOB04807,Staff AI Engineer,Senior,6.0,Zenith Data Group,Healthcare,"Dublin, Ireland",No,Full-time,"AWS, Machine Learning, NLP",201-1000,164500.0,41,2025-11-18
JOB04808,Data Engineer I,Entry,0.0,Horizon Cloud,Telecommunications,"London, UK",No,Full-time,"SQL, Python, Excel, Tableau",201-1000,69000.0,25,2026-06-08
JOB04809,AI Research Scientist,Senior,6.0,Fusion Analytics,Education,Remote,Yes,Full-time,"Azure, Computer Vision, AWS, MLOps",201-1000,180000.0,6,2026-03-27
JOB04810,NLP Engineer,Mid,3.0,Silverline AI,Education,"Berlin, Germany",No,Full-time,"Machine Learning, Deep Learning, TensorFlow, LLMs",51-200,103500.0,41,2025-12-07
JOB04811,Machine Learning Engineer,Mid,3.0,Skyline Data Co,Finance,"Bengaluru, India",Yes,Full-time,"Power BI, Python, Deep Learning, Spark",1001-5000,55000.0,20,2025-07-10
JOB04812,AI Engineer,Mid,3.0,Bright Path AI,Automotive,"Sydney, Australia",Yes,Full-time,"Machine Learning, Spark, PyTorch",51-200,139000.0,42,2025-09-19
JOB04814,Junior Data Scientist,Entry,0.0,Clearline Systems,Automotive,"Bengaluru, India",No,Contract,"SQL, Statistics, Tableau",1001-5000,28000.0,18,2025-12-17
JOB04816,Staff AI Engineer,Senior,6.0,Zenith Data Group,Telecommunications,Remote,Yes,Full-time,"NLP, Azure, AWS, Kubernetes, R",51-200,173500.0,37,2026-07-04
JOB04817,AI Research Scientist,Senior,6.0,Meridian Software,Finance,"Sydney, Australia",No,Full-time,"Generative AI, GCP, NLP",5000+,164500.0,59,2026-04-11
JOB04818,BI Analyst,Entry,0.0,Vertex Analytics,E-commerce,"Toronto, Canada",Yes,Full-time,"Data Visualization, Excel, Python",1001-5000,58000.0,25,2026-01-17
JOB04820,AI Research Assistant,Entry,0.0,Nexora AI,Manufacturing,"Berlin, Germany",No,Contract,"Python, Tableau, SQL, Statistics, Excel",201-1000,75000.0,200,2026-06-05
JOB04821,ML Engineer I,Entry,0.0,Novacore AI,Gaming,"Dublin, Ireland",Yes,Full-time,"Python, Statistics, Excel, Data Visualization, Tableau, Machine Learning",201-1000,76000.0,103,2026-07-14
JOB04822,Data Scientist,Mid,3.0,Fusion Analytics,Finance,"London, UK",No,Full-time,"NLP, Machine Learning, TensorFlow, Power BI",1-50,99000.0,31,2025-09-08
JOB04823,Machine Learning Engineer,Mid,3.0,Corelytics,Technology,"Sydney, Australia",Yes,Full-time,"SQL, AWS, PyTorch, Spark, NLP",51-200,129000.0,40,2025-11-03
JOB04824,NLP Engineer,Mid,3.0,Meridian Software,Finance,"Sydney, Australia",Yes,Full-time,"Machine Learning, NLP, AWS",1001-5000,134500.0,69,2026-01-26
JOB04825,Computer Vision Engineer,Mid,3.0,Corelytics,Healthcare,"Austin, USA",No,Contract,"Machine Learning, Python, Spark, PyTorch, Deep Learning",1-50,116000.0,16,2025-07-19
JOB04826,Analytics Engineer,Mid,3.0,Novacore AI,Automotive,"San Francisco, USA",Yes,Contract,"PyTorch, Spark, TensorFlow",201-1000,162500.0,33,2026-01-26
JOB04827,Machine Learning Engineer,Mid,3.0,Pulse Robotics,Finance,"Dublin, Ireland",No,Full-time,"Power BI, NLP, Deep Learning, Python, TensorFlow",1-50,116000.0,18,2026-06-05
JOB04828,AI Research Assistant,Entry,0.0,Clearline Systems,Finance,"Dublin, Ireland",Yes,Full-time,"Python, Statistics, Data Visualization, Excel",51-200,76500.0,129,2026-03-15
JOB04829,Senior ML Engineer,Senior,6.0,Quantum Insight,Gaming,"Austin, USA",No,Full-time,"Deep Learning, Computer Vision, LLMs, GCP, Kubernetes",51-200,205500.0,16,2026-04-23
JOB04830,ML Engineer I,Entry,0.0,Skyline Data Co,Technology,Remote,Yes,Full-time,"Data Visualization, SQL, Excel, Python, Statistics, Azure",1001-5000,53500.0,12,2026-03-25
JOB04831,Lead Data Engineer,Senior,6.0,Northstar Labs,Healthcare,"Berlin, Germany",No,Full-time,"NLP, Deep Learning, Computer Vision, Azure",51-200,155500.0,74,2025-11-19
JOB04833,Principal Data Scientist,Senior,6.0,Fusion Analytics,Manufacturing,"Sydney, Australia",No,Full-time,"Computer Vision, Azure, NLP, MLOps",51-200,160000.0,78,2026-02-15
JOB04834,Lead Data Engineer,Senior,6.0,Novacore AI,Gaming,"Berlin, Germany",No,Full-time,"Computer Vision, Machine Learning, Kubernetes, NLP",201-1000,162000.0,40,2026-04-06
JOB04835,Data Scientist,Mid,3.0,Skyline Data Co,Technology,Singapore,Yes,Full-time,"Python, AWS, Power BI, TensorFlow",1001-5000,116500.0,23,2025-10-08
JOB04836,Junior Data Scientist,Entry,0.0,Vertex Analytics,Gaming,"New York, USA",Yes,Contract,"Data Visualization, Python, Excel, Tableau, Statistics, Machine Learning",1001-5000,86000.0,47,2025-11-21
JOB04837,Analytics Engineer,Mid,3.0,Pulse Robotics,Technology,"San Francisco, USA",No,Full-time,"AWS, PyTorch, Deep Learning, SQL",5000+,118000.0,108,2025-11-26
JOB04838,Principal Data Scientist,Senior,6.0,Clearline Systems,Education,"Sydney, Australia",No,Contract,"LLMs, Azure, GCP",51-200,170000.0,27,2026-01-16
JOB04839,BI Analyst,Entry,0.0,Nexora AI,Finance,"Berlin, Germany",No,Full-time,"Statistics, Tableau, Data Visualization, Python, Excel",51-200,62000.0,5,2026-05-01
JOB04840,AI Research Scientist,Senior,6.0,Horizon Cloud,Finance,"Sydney, Australia",Yes,Full-time,"Kubernetes, Generative AI, GCP, LLMs, Computer Vision, A/B Testing",201-1000,172500.0,87,2025-07-10
JOB04841,AI Research Assistant,Entry,0.0,Meridian Software,Automotive,"Berlin, Germany",No,Full-time,"Python, Tableau, Statistics, R",201-1000,63500.0,108,2025-10-14
JOB04842,Senior ML Engineer,Senior,6.0,Meridian Software,E-commerce,"Bengaluru, India",Yes,Full-time,"Kubernetes, GCP, LLMs, Computer Vision, Machine Learning",5000+,92000.0,76,2026-05-30
JOB04843,BI Analyst,Entry,0.0,Pulse Robotics,Education,Singapore,No,Full-time,"Data Visualization, Python, Tableau",5000+,82500.0,21,2025-09-22
JOB04844,Principal Data Scientist,Senior,6.0,Novacore AI,Technology,"Austin, USA",No,Full-time,"AWS, GCP, Computer Vision, Deep Learning, MLOps",201-1000,200000.0,71,2026-05-26
JOB04845,Computer Vision Engineer,Mid,3.0,Bright Path AI,Healthcare,"San Francisco, USA",No,Part-time,"SQL, Machine Learning, PyTorch, Python, Deep Learning, Power BI",51-200,158500.0,20,2025-12-08
JOB04846,Director of Data Science,Manager,10.0,Atlas Intelligence,Automotive,"Austin, USA",No,Full-time,"LLMs, AWS, A/B Testing, MLOps, GCP",1001-5000,243000.0,126,2025-11-19
JOB04847,Senior Data Scientist,Senior,6.0,Bluewave Tech,Consulting,"Austin, USA",No,Full-time,"LLMs, NLP, Machine Learning, Kubernetes",1-50,163000.0,10,2025-08-31
JOB04849,Junior Data Scientist,Entry,0.0,Ironpeak Tech,E-commerce,Remote,Yes,Full-time,"SQL, Statistics, Excel",201-1000,67000.0,31,2025-11-30
JOB04850,Data Engineer,Mid,3.0,Vertex Analytics,Automotive,"Toronto, Canada",Yes,Full-time,"TensorFlow, Python, Spark, Deep Learning, A/B Testing",1-50,86500.0,83,2025-10-06
JOB04851,Computer Vision Engineer,Mid,3.0,Skyline Data Co,Consulting,Remote,Yes,Contract,"Machine Learning, Spark, Power BI",201-1000,112000.0,33,2026-05-31
JOB04852,Machine Learning Engineer,Mid,3.0,Orbital Systems,E-commerce,"Bengaluru, India",No,Full-time,"NLP, TensorFlow, SQL",201-1000,55000.0,49,2026-04-10
JOB04853,NLP Engineer,Mid,3.0,Meridian Software,Automotive,Remote,Yes,Full-time,"Power BI, Spark, Machine Learning, SQL",1-50,125500.0,16,2025-07-04
JOB04854,Head of AI,Manager,10.0,Orbital Systems,Manufacturing,Remote,Yes,Full-time,"Statistics, LLMs, AWS, Generative AI, MLOps",51-200,181000.0,17,2025-09-10
JOB04855,Data Scientist,Mid,3.0,Atlas Intelligence,Education,"Toronto, Canada",No,Full-time,"SQL, Python, Power BI, A/B Testing",1001-5000,81000.0,69,2026-03-10
JOB04856,BI Analyst,Entry,0.0,Corelytics,E-commerce,"Dublin, Ireland",Yes,Full-time,"Python, SQL, Data Visualization, Excel, Statistics, AWS",51-200,64000.0,56,2026-04-24
JOB04857,Junior Data Scientist,Entry,0.0,Novacore AI,Telecommunications,"Dublin, Ireland",No,Full-time,"Data Visualization, Python, Excel, Tableau, Statistics",201-1000,66000.0,9,2025-07-12
JOB04858,NLP Engineer,Mid,3.0,Bright Path AI,Education,"San Francisco, USA",No,Contract,"Power BI, SQL, TensorFlow",201-1000,142500.0,190,2026-07-15
JOB04859,ML Engineer I,Entry,0.0,Atlas Intelligence,Manufacturing,Remote,Yes,Full-time,"Python, Statistics, SQL, Data Visualization",1001-5000,63000.0,1,2025-12-13
JOB04860,Head of Analytics,Manager,10.0,Vertex Analytics,Telecommunications,"London, UK",Yes,Full-time,"AWS, MLOps, GCP",201-1000,287500.0,41,2026-02-06
JOB04861,NLP Engineer,Mid,3.0,Novacore AI,Gaming,"Sydney, Australia",No,Contract,"Spark, PyTorch, SQL, Machine Learning, TensorFlow",51-200,112500.0,17,2025-10-13
JOB04862,Computer Vision Engineer,Mid,3.0,Orbital Systems,Education,Remote,Yes,Full-time,"Spark, TensorFlow, Deep Learning, AWS, Data Visualization",1-50,125000.0,70,2025-07-26
JOB04863,Data Analyst,Entry,0.0,Atlas Intelligence,Technology,"Sydney, Australia",No,Full-time,"Statistics, Python, SQL",1-50,86500.0,91,2026-01-28
JOB04864,Data Science Manager,Manager,10.0,Orbital Systems,Automotive,"Berlin, Germany",No,Full-time,"MLOps, A/B Testing, AWS, Statistics, LLMs, Generative AI",201-1000,240500.0,56,2025-12-24
JOB04865,Head of AI,Manager,10.0,Nexora AI,Telecommunications,"Dublin, Ireland",No,Full-time,"LLMs, MLOps, Statistics, A/B Testing",5000+,197500.0,27,2026-04-16
JOB04866,AI Engineer,Mid,3.0,Pulse Robotics,E-commerce,"San Francisco, USA",No,Full-time,"TensorFlow, AWS, Power BI, Machine Learning",1001-5000,162500.0,25,2026-02-22
JOB04867,Analytics Engineer,Mid,3.0,Quantum Insight,E-commerce,"Sydney, Australia",Yes,Full-time,"Deep Learning, Machine Learning, TensorFlow, NLP, Power BI, PyTorch",1001-5000,115500.0,21,2025-10-19
JOB04868,AI Engineer,Mid,3.0,Northstar Labs,Technology,"San Francisco, USA",Yes,Full-time,"Machine Learning, AWS, Python, Power BI, SQL",1-50,177000.0,50,2025-08-08
JOB04869,Head of AI,Manager,10.0,Orbital Systems,Healthcare,"Toronto, Canada",Yes,Full-time,"AWS, Generative AI, Statistics",201-1000,255000.0,13,2026-04-13
JOB04872,VP of Machine Learning,Manager,10.0,Fusion Analytics,E-commerce,"London, UK",No,Contract,"GCP, A/B Testing, Statistics, AWS, Generative AI",1001-5000,251500.0,21,2026-02-09
JOB04873,Lead Data Engineer,Senior,6.0,Bright Path AI,Healthcare,Remote,Yes,Full-time,"NLP, MLOps, Generative AI, Machine Learning",1-50,154000.0,20,2025-08-01
JOB04874,Computer Vision Engineer,Mid,3.0,Novacore AI,Consulting,"San Francisco, USA",No,Full-time,"AWS, Power BI, TensorFlow, Spark",1001-5000,165500.0,15,2025-10-12
JOB04875,Head of AI,Manager,10.0,Fusion Analytics,E-commerce,"Bengaluru, India",No,Contract,"A/B Testing, AWS, Statistics, MLOps",51-200,100500.0,60,2025-09-03
JOB04876,Senior ML Engineer,Senior,6.0,Bluewave Tech,E-commerce,"Berlin, Germany",No,Full-time,"Deep Learning, NLP, Azure, Generative AI",5000+,121500.0,61,2026-01-09
JOB04877,ML Engineer I,Entry,0.0,Northstar Labs,Telecommunications,"Austin, USA",No,Full-time,"Statistics, Tableau, Python, TensorFlow",1-50,66000.0,79,2026-03-30
JOB04878,AI Research Assistant,Entry,0.0,Atlas Intelligence,Finance,Remote,Yes,Full-time,"Statistics, Tableau, Python, Excel, SQL",51-200,57500.0,23,2025-12-25
JOB04879,Lead Data Engineer,Senior,6.0,Clearline Systems,Manufacturing,"London, UK",No,Full-time,"Azure, MLOps, Generative AI, Docker",201-1000,195000.0,15,2026-03-13
JOB04880,NLP Engineer,Mid,3.0,DataForge,Technology,"New York, USA",No,Full-time,"Power BI, AWS, Python, Deep Learning",51-200,139000.0,84,2026-05-02
JOB04881,NLP Engineer,Mid,3.0,Quantum Insight,Gaming,"Bengaluru, India",Yes,Full-time,"Spark, AWS, Python, Power BI, Data Visualization",1001-5000,61500.0,63,2026-01-18
JOB04883,NLP Engineer,Mid,3.0,Atlas Intelligence,Education,"Bengaluru, India",No,Full-time,"Spark, Machine Learning, Power BI, Deep Learning, AWS",201-1000,61000.0,36,2025-12-09
JOB04884,Data Engineer,Mid,3.0,Novacore AI,E-commerce,"Berlin, Germany",Yes,Full-time,"Spark, Power BI, TensorFlow",1001-5000,77500.0,27,2025-07-25
JOB04886,NLP Engineer,Mid,3.0,Zenith Data Group,Telecommunications,"Berlin, Germany",Yes,Full-time,"TensorFlow, Machine Learning, AWS, SQL, Python",201-1000,95500.0,24,2025-08-10
JOB04887,ML Engineer I,Entry,0.0,Novacore AI,Consulting,"London, UK",No,Full-time,"Tableau, SQL, Statistics, Data Visualization",5000+,65500.0,53,2025-07-23
JOB04888,BI Analyst,Entry,0.0,Nexora AI,Gaming,"Sydney, Australia",Yes,Contract,"Statistics, SQL, Data Visualization",201-1000,87500.0,33,2025-11-29
JOB04889,Senior ML Engineer,Senior,6.0,Ironpeak Tech,Automotive,"New York, USA",No,Full-time,"NLP, GCP, Machine Learning, Computer Vision, R",201-1000,239500.0,28,2025-10-29
JOB04890,Data Scientist,Mid,3.0,Zenith Data Group,E-commerce,Singapore,No,Full-time,"AWS, SQL, Power BI, NLP, Spark, MLOps",1-50,126500.0,40,2026-03-14
JOB04891,Lead Data Engineer,Senior,6.0,DataForge,Education,"London, UK",Yes,Full-time,"Machine Learning, LLMs, Generative AI, Azure, Deep Learning, Docker",1-50,191000.0,27,2025-07-25
JOB04892,Machine Learning Engineer,Mid,3.0,Ironpeak Tech,Technology,"Toronto, Canada",Yes,Full-time,"Spark, SQL, NLP",1001-5000,123000.0,61,2025-10-18
JOB04893,Data Analyst,Entry,0.0,Horizon Cloud,Manufacturing,"Toronto, Canada",Yes,Full-time,"Data Visualization, Tableau, Excel, SQL, Python",201-1000,69500.0,61,2026-05-09
JOB04894,Machine Learning Engineer,Mid,3.0,Ironpeak Tech,Finance,Singapore,Yes,Full-time,"AWS, SQL, Spark",51-200,95500.0,12,2025-07-25
JOB04895,NLP Engineer,Mid,3.0,Vertex Analytics,Telecommunications,"Dublin, Ireland",Yes,Full-time,"Python, Deep Learning, PyTorch",51-200,124000.0,108,2025-12-25
JOB04896,BI Analyst,Entry,0.0,Bluewave Tech,E-commerce,"Dublin, Ireland",No,Full-time,"Excel, Statistics, Data Visualization, Tableau, Python",51-200,52500.0,33,2025-11-06
JOB04897,AI Research Scientist,Senior,6.0,Quantum Insight,Telecommunications,"San Francisco, USA",No,Full-time,"Azure, LLMs, MLOps, GCP, Computer Vision, SQL",201-1000,271500.0,60,2026-06-27
JOB04898,Principal Data Scientist,Senior,6.0,Pulse Robotics,Gaming,"Berlin, Germany",No,Full-time,"Machine Learning, Deep Learning, AWS",1001-5000,136000.0,52,2025-11-30
JOB04899,Principal Data Scientist,Senior,6.0,Silverline AI,Technology,"New York, USA",Yes,Full-time,"Computer Vision, NLP, Generative AI, Statistics",1001-5000,211000.0,81,2026-02-12
JOB04900,Data Scientist,Mid,3.0,Pulse Robotics,Gaming,"Sydney, Australia",Yes,Full-time,"Machine Learning, NLP, PyTorch, TensorFlow",1001-5000,102500.0,52,2026-05-25
JOB04901,Director of Data Science,Manager,10.0,Skyline Data Co,Telecommunications,Remote,Yes,Full-time,"Generative AI, LLMs, MLOps, AWS",201-1000,206000.0,71,2025-09-21
JOB04902,Data Engineer,Mid,3.0,Meridian Software,Consulting,"Toronto, Canada",No,Full-time,"AWS, Power BI, Machine Learning, Deep Learning, PyTorch",1-50,118500.0,73,2025-07-04
JOB04903,Staff AI Engineer,Senior,6.0,Novacore AI,Gaming,"Bengaluru, India",Yes,Full-time,"MLOps, Deep Learning, Kubernetes",1001-5000,94000.0,19,2026-05-28
JOB04904,Junior Data Scientist,Entry,0.0,Novacore AI,Manufacturing,Singapore,No,Full-time,"SQL, Python, Statistics, Excel, Tableau, Airflow",201-1000,90000.0,50,2026-01-24
JOB04906,Computer Vision Engineer,Mid,3.0,Vertex Analytics,Technology,"Toronto, Canada",Yes,Full-time,"Machine Learning, Spark, Power BI",1001-5000,112000.0,9,2026-02-03
JOB04907,AI Research Scientist,Senior,6.0,DataForge,Gaming,Remote,Yes,Full-time,"NLP, LLMs, AWS, MLOps, GCP",201-1000,166500.0,25,2025-11-12
JOB04908,Machine Learning Engineer,Mid,3.0,Corelytics,Gaming,"Toronto, Canada",No,Part-time,"Python, TensorFlow, Power BI, Kubernetes",1001-5000,126000.0,157,2025-10-26
JOB04909,Data Engineer I,Entry,0.0,Zenith Data Group,Healthcare,Singapore,No,Full-time,"Python, Tableau, Statistics, Data Visualization",51-200,62500.0,49,2026-02-07
JOB04910,NLP Engineer,Mid,3.0,Pulse Robotics,Manufacturing,"Bengaluru, India",No,Full-time,"AWS, NLP, SQL, Power BI",201-1000,51500.0,6,2025-10-20
JOB04911,Data Scientist,Mid,3.0,Northstar Labs,E-commerce,"New York, USA",Yes,Full-time,"Python, AWS, PyTorch, Deep Learning, TensorFlow",5000+,136500.0,19,2026-04-15
JOB04912,Data Engineer,Mid,3.0,Novacore AI,Telecommunications,"London, UK",Yes,Full-time,"SQL, PyTorch, Spark, Deep Learning, NLP, Excel",1001-5000,95000.0,55,2025-11-18
JOB04913,Data Engineer,Mid,3.0,Northstar Labs,Healthcare,"Toronto, Canada",No,Full-time,"Machine Learning, Power BI, AWS",1-50,88500.0,36,2026-02-02
JOB04914,BI Analyst,Entry,0.0,Clearline Systems,Technology,"London, UK",Yes,Full-time,"SQL, Statistics, Tableau, Excel, Generative AI",5000+,89000.0,16,2025-07-20
JOB04915,Principal Data Scientist,Senior,6.0,Horizon Cloud,Telecommunications,"Dublin, Ireland",Yes,Contract,"AWS, Machine Learning, MLOps, LLMs, GCP",51-200,195500.0,20,2026-07-03
JOB04916,Junior Data Scientist,Entry,0.0,Vertex Analytics,Healthcare,"Sydney, Australia",No,Full-time,"Statistics, Python, Tableau",1-50,58000.0,115,2026-06-11
JOB04917,Machine Learning Engineer,Mid,3.0,Orbital Systems,Finance,"Berlin, Germany",No,Full-time,"Machine Learning, Spark, AWS",1001-5000,80000.0,37,2025-12-17
JOB04918,Data Engineer,Mid,3.0,Fusion Analytics,E-commerce,"San Francisco, USA",No,Full-time,"Python, SQL, PyTorch, Deep Learning",1001-5000,173000.0,31,2026-04-15
JOB04919,Data Scientist,Mid,3.0,Silverline AI,Healthcare,"San Francisco, USA",No,Full-time,"Power BI, Deep Learning, NLP",201-1000,181000.0,62,2026-02-17
JOB04920,Junior Data Scientist,Entry,0.0,Corelytics,Education,"Dublin, Ireland",No,Full-time,"Statistics, Tableau, Excel, SQL",201-1000,57000.0,28,2025-11-04
JOB04921,Principal Data Scientist,Senior,6.0,Bright Path AI,Manufacturing,"Bengaluru, India",No,Contract,"Computer Vision, GCP, Deep Learning",5000+,81500.0,91,2026-02-05
JOB04922,Senior Data Scientist,Senior,6.0,Fusion Analytics,Healthcare,"London, UK",No,Full-time,"LLMs, Computer Vision, Kubernetes, NLP",1001-5000,193500.0,15,2026-04-12
JOB04923,AI Research Assistant,Entry,0.0,Vertex Analytics,Healthcare,"Austin, USA",No,Full-time,"Statistics, Python, Tableau, SQL",51-200,72000.0,20,2026-05-09
JOB04924,AI Research Scientist,Senior,6.0,Skyline Data Co,Gaming,"Toronto, Canada",No,Contract,"Kubernetes, Azure, Generative AI",5000+,180500.0,66,2025-09-29
JOB04925,AI Engineer,Mid,3.0,Orbital Systems,E-commerce,"San Francisco, USA",No,Contract,"Deep Learning, AWS, TensorFlow",5000+,163500.0,32,2026-05-15
JOB04926,Lead Data Engineer,Senior,6.0,Vertex Analytics,Finance,"Dublin, Ireland",Yes,Full-time,"LLMs, Computer Vision, Azure, NLP",201-1000,136000.0,48,2025-11-17
JOB04927,AI Research Scientist,Senior,6.0,Pulse Robotics,E-commerce,"Austin, USA",No,Full-time,"Kubernetes, Azure, Generative AI, Python",51-200,149500.0,12,2025-08-20
JOB04928,Principal Data Scientist,Senior,6.0,Zenith Data Group,Automotive,"New York, USA",Yes,Full-time,"NLP, Computer Vision, GCP, LLMs, Kubernetes",51-200,199000.0,46,2026-05-19
JOB04929,Computer Vision Engineer,Mid,3.0,Silverline AI,Telecommunications,"Toronto, Canada",No,Full-time,"TensorFlow, AWS, SQL, Spark, R",5000+,119500.0,49,2026-04-06
JOB04930,AI Engineer,Mid,3.0,Zenith Data Group,Finance,"London, UK",No,Full-time,"Deep Learning, Power BI, TensorFlow, AWS, Machine Learning",1-50,134500.0,41,2026-01-14
JOB04931,Data Engineer,Mid,3.0,Fusion Analytics,Gaming,"London, UK",Yes,Full-time,"NLP, TensorFlow, Deep Learning",5000+,119000.0,18,2025-12-16
JOB04932,Data Scientist,Mid,3.0,Orbital Systems,E-commerce,"Toronto, Canada",Yes,Full-time,"Python, Deep Learning, SQL",51-200,89000.0,33,2026-02-26
JOB04934,Junior Data Scientist,Entry,0.0,DataForge,Finance,"San Francisco, USA",No,Part-time,"Excel, Statistics, Data Visualization, SQL",51-200,111500.0,57,2025-07-16
JOB04935,Data Analyst,Entry,0.0,Bluewave Tech,Consulting,"Toronto, Canada",No,Full-time,"Data Visualization, Excel, SQL, Statistics",1-50,51500.0,83,2025-09-14
JOB04937,Lead Data Engineer,Senior,6.0,Clearline Systems,Automotive,"Bengaluru, India",No,Full-time,"Generative AI, Deep Learning, LLMs, Computer Vision, A/B Testing",51-200,87000.0,95,2025-09-05
JOB04938,Senior ML Engineer,Senior,6.0,Pulse Robotics,Education,"Austin, USA",No,Full-time,"Generative AI, Kubernetes, GCP",1-50,184500.0,26,2025-09-02
JOB04939,Lead Data Engineer,Senior,6.0,Vertex Analytics,Telecommunications,"San Francisco, USA",No,Full-time,"Generative AI, LLMs, GCP, MLOps, A/B Testing",1-50,193500.0,92,2026-03-01
JOB04940,Analytics Engineer,Mid,3.0,Fusion Analytics,Finance,"Dublin, Ireland",Yes,Contract,"AWS, Machine Learning, PyTorch, SQL",51-200,116000.0,46,2025-09-09
JOB04941,Analytics Engineer,Mid,3.0,Zenith Data Group,Finance,"Sydney, Australia",No,Full-time,"AWS, Python, Machine Learning, TensorFlow, PyTorch",201-1000,132000.0,50,2025-10-20
JOB04942,Data Analyst,Entry,0.0,Quantum Insight,Finance,"Bengaluru, India",No,Full-time,"Python, Data Visualization, Excel",51-200,40000.0,35,2025-11-11
JOB04943,Data Analyst,Entry,0.0,Nexora AI,Automotive,"Dublin, Ireland",No,Full-time,"Tableau, Data Visualization, Python",5000+,66000.0,98,2026-02-21
JOB04944,ML Engineer I,Entry,0.0,Orbital Systems,Automotive,"Berlin, Germany",No,Full-time,"Data Visualization, SQL, Excel, Python, Statistics",1001-5000,72500.0,37,2026-04-27
JOB04945,Data Engineer I,Entry,0.0,Orbital Systems,Automotive,"Toronto, Canada",No,Part-time,"Tableau, Data Visualization, Python, Excel",1-50,72500.0,75,2026-06-16
JOB04946,Data Engineer I,Entry,0.0,Orbital Systems,Gaming,"London, UK",Yes,Full-time,"Tableau, SQL, Data Visualization, Excel",51-200,66000.0,12,2025-10-04
JOB04947,BI Analyst,Entry,0.0,DataForge,E-commerce,"Berlin, Germany",No,Full-time,"Data Visualization, Tableau, Excel, Python, SQL, Spark",1001-5000,59500.0,108,2025-10-20
JOB04948,AI Research Assistant,Entry,0.0,DataForge,Education,"New York, USA",Yes,Full-time,"Statistics, SQL, Excel",1001-5000,71500.0,157,2026-05-27
JOB04950,Senior Data Scientist,Senior,6.0,Ironpeak Tech,Consulting,"Sydney, Australia",No,Full-time,"Deep Learning, Azure, Machine Learning",5000+,178000.0,58,2025-07-14
JOB04951,ML Engineer I,Entry,0.0,Atlas Intelligence,E-commerce,"San Francisco, USA",No,Full-time,"Data Visualization, Excel, Python, Power BI",5000+,106000.0,95,2026-01-29
JOB04952,BI Analyst,Entry,0.0,Zenith Data Group,Telecommunications,"Berlin, Germany",No,Full-time,"Data Visualization, Excel, Python, Statistics, SQL",1-50,66000.0,44,2026-07-04
JOB04953,Head of AI,Manager,10.0,Fusion Analytics,Consulting,Remote,Yes,Contract,"Statistics, Generative AI, AWS, A/B Testing",1-50,302500.0,44,2025-07-16
JOB04954,Data Scientist,Mid,3.0,Fusion Analytics,Finance,"New York, USA",Yes,Full-time,"Deep Learning, AWS, Power BI, SQL, Python, Kubernetes",201-1000,142500.0,62,2026-02-19
JOB04955,Data Analyst,Entry,0.0,Silverline AI,Healthcare,"Dublin, Ireland",No,Full-time,"Statistics, Tableau, Python, Excel, Data Visualization",1-50,63500.0,63,2025-12-19
JOB04956,Data Scientist,Mid,3.0,Horizon Cloud,E-commerce,"Berlin, Germany",Yes,Contract,"PyTorch, Python, TensorFlow, Spark",1001-5000,95000.0,14,2026-04-09
JOB04958,Data Engineer I,Entry,0.0,Bluewave Tech,Finance,"New York, USA",No,Full-time,"SQL, Data Visualization, Python, Excel",51-200,88000.0,65,2026-02-07
JOB04959,Data Scientist,Mid,3.0,Silverline AI,Technology,Remote,Yes,Full-time,"PyTorch, Power BI, Machine Learning, Deep Learning, TensorFlow",201-1000,133000.0,10,2025-10-25
JOB04960,AI Research Scientist,Senior,6.0,Horizon Cloud,Automotive,"San Francisco, USA",No,Full-time,"Machine Learning, GCP, Generative AI, NLP, Deep Learning",5000+,253500.0,67,2025-08-08
JOB04961,Lead Data Engineer,Senior,6.0,Meridian Software,Telecommunications,"Austin, USA",No,Full-time,"MLOps, Azure, Machine Learning",5000+,151500.0,42,2026-02-18
JOB04962,Junior Data Scientist,Entry,0.0,Quantum Insight,Manufacturing,Singapore,No,Full-time,"SQL, Data Visualization, Tableau, Excel",51-200,59000.0,38,2026-02-04
JOB04963,Data Scientist,Mid,3.0,Orbital Systems,Education,"Bengaluru, India",Yes,Full-time,"TensorFlow, Power BI, PyTorch",201-1000,50000.0,56,2025-11-26
JOB04964,BI Analyst,Entry,0.0,Northstar Labs,Healthcare,"Bengaluru, India",No,Contract,"Tableau, SQL, Excel, Data Visualization, Statistics",1001-5000,35000.0,11,2026-06-19
JOB04965,AI Research Assistant,Entry,0.0,Bright Path AI,Consulting,"New York, USA",No,Full-time,"Tableau, Statistics, Excel, SQL, Spark",1-50,67500.0,98,2025-07-07
JOB04966,Computer Vision Engineer,Mid,3.0,Ironpeak Tech,Education,"London, UK",No,Full-time,"Python, NLP, Power BI, PyTorch, Spark, Tableau",51-200,141500.0,18,2026-07-15
JOB04967,Principal Data Scientist,Senior,6.0,Corelytics,Automotive,"Dublin, Ireland",Yes,Full-time,"Kubernetes, Azure, Machine Learning, NLP, AWS, Generative AI",201-1000,161500.0,35,2025-09-17
JOB04968,Data Engineer,Mid,3.0,Nexora AI,Gaming,"Berlin, Germany",No,Full-time,"NLP, TensorFlow, Machine Learning, AWS, PyTorch",1001-5000,101000.0,15,2025-10-31
JOB04969,Lead Data Engineer,Senior,6.0,Novacore AI,Gaming,Singapore,Yes,Part-time,"Computer Vision, AWS, LLMs, Deep Learning",51-200,197500.0,75,2026-05-25
JOB04970,Data Science Manager,Manager,10.0,Zenith Data Group,Automotive,"London, UK",No,Full-time,"MLOps, A/B Testing, Statistics, Generative AI, Tableau",51-200,223000.0,66,2026-01-26
JOB04971,Data Engineer,Mid,3.0,Ironpeak Tech,Gaming,"San Francisco, USA",No,Full-time,"SQL, Power BI, PyTorch, TensorFlow, Machine Learning",201-1000,179500.0,52,2026-04-20
JOB04972,Analytics Engineer,Mid,3.0,Bluewave Tech,Finance,"Toronto, Canada",Yes,Full-time,"TensorFlow, Machine Learning, AWS, Python, Deep Learning",1001-5000,100000.0,21,2026-05-03
JOB04973,Data Science Manager,Manager,10.0,Ironpeak Tech,Education,"Austin, USA",No,Full-time,"A/B Testing, Statistics, MLOps, GCP",1-50,249000.0,45,2025-09-04
JOB04974,BI Analyst,Entry,0.0,Quantum Insight,Healthcare,Remote,Yes,Full-time,"Tableau, Data Visualization, Python, SQL",201-1000,78500.0,126,2025-07-14
JOB04975,Analytics Engineer,Mid,3.0,Orbital Systems,Technology,"New York, USA",No,Full-time,"SQL, AWS, Python, NLP, Azure",201-1000,130000.0,5,2026-03-31
JOB04976,Data Scientist,Mid,3.0,Pulse Robotics,Consulting,"San Francisco, USA",No,Part-time,"Deep Learning, Machine Learning, TensorFlow, SQL",51-200,145000.0,32,2025-11-28
JOB04978,Director of Data Science,Manager,10.0,Quantum Insight,Automotive,"New York, USA",Yes,Full-time,"MLOps, Generative AI, Statistics, A/B Testing, LLMs, Power BI",1001-5000,295500.0,32,2026-02-27
JOB04979,Analytics Engineer,Mid,3.0,Silverline AI,Healthcare,"San Francisco, USA",No,Full-time,"Spark, Machine Learning, AWS, SQL, PyTorch, NLP",1001-5000,135000.0,42,2025-11-24
JOB04980,Analytics Engineer,Mid,3.0,Bright Path AI,E-commerce,"London, UK",Yes,Full-time,"Spark, Machine Learning, NLP",1-50,97500.0,27,2025-08-09
JOB04981,NLP Engineer,Mid,3.0,Horizon Cloud,Automotive,Remote,Yes,Contract,"PyTorch, Deep Learning, Spark",51-200,97000.0,126,2025-07-04
JOB04982,Lead Data Engineer,Senior,6.0,Skyline Data Co,E-commerce,"Bengaluru, India",No,Contract,"LLMs, Computer Vision, MLOps, Spark",201-1000,78500.0,38,2026-01-17
JOB04983,Senior Data Scientist,Senior,6.0,Atlas Intelligence,Technology,"San Francisco, USA",No,Full-time,"Azure, NLP, Computer Vision, LLMs, PyTorch",1001-5000,201500.0,61,2025-07-06
JOB04984,Computer Vision Engineer,Mid,3.0,Pulse Robotics,Gaming,"London, UK",No,Full-time,"Machine Learning, TensorFlow, Power BI",201-1000,139500.0,38,2026-02-23
JOB04985,Data Engineer I,Entry,0.0,Nexora AI,Automotive,"Bengaluru, India",No,Full-time,"Excel, Data Visualization, Tableau, R",1001-5000,34500.0,75,2026-01-30
JOB04986,Data Engineer I,Entry,0.0,Novacore AI,Healthcare,Remote,Yes,Full-time,"Tableau, Data Visualization, Excel, SQL, Python, Kubernetes",51-200,65000.0,63,2026-01-01
JOB04987,Staff AI Engineer,Senior,6.0,Northstar Labs,Education,"Austin, USA",No,Full-time,"AWS, Azure, Machine Learning, SQL",1001-5000,173000.0,74,2026-01-15
JOB04988,Senior ML Engineer,Senior,6.0,Fusion Analytics,Healthcare,Singapore,No,Full-time,"MLOps, Generative AI, GCP",1-50,182500.0,70,2026-03-31
JOB04989,Data Engineer I,Entry,0.0,Meridian Software,Telecommunications,"Sydney, Australia",No,Full-time,"Python, Tableau, SQL, Data Visualization, Statistics",5000+,83500.0,33,2026-05-20
JOB04990,AI Research Scientist,Senior,6.0,Bluewave Tech,Gaming,"Dublin, Ireland",No,Full-time,"Deep Learning, MLOps, Azure, Generative AI, NLP",1001-5000,190000.0,14,2025-12-04
JOB04991,BI Analyst,Entry,0.0,Horizon Cloud,Healthcare,"Berlin, Germany",Yes,Full-time,"Statistics, SQL, Data Visualization",1001-5000,63000.0,109,2026-06-03
JOB04992,AI Engineer,Mid,3.0,Bright Path AI,Manufacturing,"Bengaluru, India",No,Full-time,"NLP, Deep Learning, PyTorch, Power BI",1001-5000,44500.0,39,2025-08-10
JOB04993,NLP Engineer,Mid,3.0,Skyline Data Co,Gaming,Singapore,No,Full-time,"Machine Learning, NLP, AWS, SQL, TensorFlow",5000+,90000.0,24,2025-08-11
JOB04994,Data Engineer I,Entry,0.0,Horizon Cloud,Education,"Austin, USA",No,Contract,"SQL, Excel, Tableau",1001-5000,93500.0,74,2026-06-23
JOB04995,Data Analyst,Entry,0.0,Novacore AI,Manufacturing,"Toronto, Canada",No,Full-time,"Data Visualization, Statistics, Excel, Tableau, AWS",1-50,57000.0,45,2025-12-08
JOB04996,Data Analyst,Entry,0.0,Bluewave Tech,Technology,Remote,Yes,Full-time,"Statistics, Excel, Python",1001-5000,62000.0,25,2025-08-04
JOB04997,Staff AI Engineer,Senior,6.0,Vertex Analytics,Healthcare,"New York, USA",Yes,Full-time,"AWS, GCP, LLMs, Azure",1001-5000,211500.0,105,2025-12-29
JOB04998,Computer Vision Engineer,Mid,3.0,Novacore AI,Technology,"Berlin, Germany",No,Full-time,"NLP, PyTorch, SQL",201-1000,88500.0,55,2026-01-08
JOB04999,Director of Data Science,Manager,10.0,DataForge,Finance,"New York, USA",No,Full-time,"Statistics, LLMs, GCP, Generative AI, AWS",1001-5000,226500.0,38,2026-06-03
JOB05000,AI Research Scientist,Senior,6.0,Quantum Insight,Healthcare,"Bengaluru, India",No,Full-time,"NLP, GCP, MLOps, Machine Learning",201-1000,78500.0,62,2025-08-01
JOB05001,Staff AI Engineer,Senior,6.0,Quantum Insight,Technology,"New York, USA",Yes,Full-time,"Machine Learning, Deep Learning, Azure, LLMs, Statistics",201-1000,203000.0,130,2025-08-06
JOB05002,Computer Vision Engineer,Mid,3.0,DataForge,Technology,"San Francisco, USA",Yes,Full-time,"Power BI, Spark, Python, MLOps",5000+,139000.0,89,2026-03-01
JOB05003,Analytics Engineer,Mid,3.0,Bright Path AI,Healthcare,"New York, USA",No,Full-time,"TensorFlow, Deep Learning, Power BI, Machine Learning, Python",201-1000,108000.0,24,2026-03-08
JOB05004,Data Engineer,Mid,3.0,Ironpeak Tech,Healthcare,Remote,Yes,Full-time,"TensorFlow, Spark, AWS, Deep Learning, A/B Testing",51-200,112000.0,35,2026-03-04
JOB05005,Machine Learning Engineer,Mid,3.0,Skyline Data Co,Manufacturing,"Austin, USA",No,Contract,"Python, Spark, SQL, PyTorch, Power BI",1-50,111500.0,102,2025-11-23
JOB05006,AI Engineer,Mid,3.0,Silverline AI,Gaming,"London, UK",No,Full-time,"Spark, Power BI, TensorFlow, Python, SQL, Docker",51-200,111500.0,103,2026-06-28
JOB05007,Junior Data Scientist,Entry,0.0,Nexora AI,Automotive,"Austin, USA",Yes,Contract,"Python, Excel, Data Visualization, Statistics",201-1000,72000.0,29,2025-10-06
JOB05008,Data Analyst,Entry,0.0,Nexora AI,Telecommunications,"New York, USA",No,Contract,"Tableau, Statistics, SQL, Excel",201-1000,84500.0,57,2026-05-27
JOB05009,AI Research Assistant,Entry,0.0,Horizon Cloud,Finance,"Bengaluru, India",Yes,Full-time,"SQL, Statistics, Excel, Python",51-200,25500.0,45,2025-11-02
JOB05010,Head of Analytics,Manager,10.0,Pulse Robotics,Technology,"Toronto, Canada",No,Full-time,"MLOps, AWS, Generative AI, LLMs",5000+,287000.0,89,2026-06-08
JOB05011,Machine Learning Engineer,Mid,3.0,Ironpeak Tech,Consulting,"Dublin, Ireland",No,Full-time,"TensorFlow, PyTorch, Python, Kubernetes",1-50,114500.0,29,2026-01-27
JOB05012,Data Scientist,Mid,3.0,Silverline AI,Healthcare,"San Francisco, USA",Yes,Full-time,"PyTorch, TensorFlow, AWS, Spark",51-200,180500.0,66,2025-10-06
JOB05013,Staff AI Engineer,Senior,6.0,DataForge,E-commerce,"Bengaluru, India",No,Full-time,"Machine Learning, LLMs, Deep Learning, AWS, R",1001-5000,79000.0,134,2026-01-20
JOB05014,NLP Engineer,Mid,3.0,Silverline AI,Finance,"New York, USA",No,Full-time,"AWS, Spark, TensorFlow, Azure",1001-5000,157500.0,18,2025-10-14
JOB05015,Analytics Engineer,Mid,3.0,Meridian Software,Technology,Remote,Yes,Full-time,"Power BI, Machine Learning, Python",201-1000,129500.0,75,2026-05-21
JOB05016,AI Research Assistant,Entry,0.0,Ironpeak Tech,Healthcare,"Berlin, Germany",No,Full-time,"SQL, Excel, Tableau, Data Visualization",1-50,70500.0,15,2026-02-18
JOB05017,Data Science Manager,Manager,10.0,Orbital Systems,Finance,"Dublin, Ireland",Yes,Full-time,"MLOps, AWS, A/B Testing, Docker",201-1000,223500.0,22,2025-10-02
JOB05018,AI Research Scientist,Senior,6.0,Vertex Analytics,Consulting,"New York, USA",No,Full-time,"Generative AI, GCP, Machine Learning",201-1000,171000.0,40,2025-07-12
JOB05020,Computer Vision Engineer,Mid,3.0,Bluewave Tech,Consulting,"New York, USA",No,Full-time,"SQL, PyTorch, Python, Deep Learning, Machine Learning",51-200,134000.0,114,2025-07-18
JOB05021,Director of Data Science,Manager,10.0,Atlas Intelligence,Technology,"Bengaluru, India",Yes,Contract,"GCP, Generative AI, A/B Testing, Azure",201-1000,86000.0,77,2026-05-28
JOB05022,Senior ML Engineer,Senior,6.0,Pulse Robotics,Manufacturing,"London, UK",Yes,Full-time,"Machine Learning, Deep Learning, MLOps, Azure",51-200,209500.0,58,2025-07-29
JOB05023,Senior Data Scientist,Senior,6.0,Zenith Data Group,E-commerce,Remote,Yes,Full-time,"GCP, MLOps, AWS, Computer Vision, NLP",201-1000,150000.0,9,2026-05-13
JOB05025,Lead Data Engineer,Senior,6.0,Skyline Data Co,Gaming,"Berlin, Germany",No,Full-time,"MLOps, LLMs, Machine Learning, Generative AI",201-1000,171500.0,41,2025-09-16
JOB05026,BI Analyst,Entry,0.0,Quantum Insight,Consulting,"London, UK",No,Full-time,"Tableau, Statistics, Python, Data Visualization, Excel",1-50,79000.0,31,2026-06-11
JOB05027,Senior ML Engineer,Senior,6.0,Meridian Software,Healthcare,"San Francisco, USA",No,Full-time,"Azure, AWS, Deep Learning",1-50,197000.0,34,2026-03-13
JOB05028,Staff AI Engineer,Senior,6.0,Bluewave Tech,Technology,"Toronto, Canada",No,Full-time,"NLP, Generative AI, Azure",1-50,129500.0,68,2026-05-21
JOB05030,Principal Data Scientist,Senior,6.0,Zenith Data Group,E-commerce,"London, UK",No,Full-time,"LLMs, AWS, Computer Vision, MLOps",201-1000,163000.0,122,2026-03-22
JOB05031,Head of AI,Manager,10.0,Skyline Data Co,Technology,"Austin, USA",No,Contract,"A/B Testing, Generative AI, MLOps",1-50,231500.0,32,2026-04-09
JOB05032,Data Engineer I,Entry,0.0,Meridian Software,Consulting,"New York, USA",Yes,Full-time,"SQL, Tableau, Python, Excel, Statistics, Deep Learning",201-1000,76500.0,45,2026-01-04
JOB05033,Head of Analytics,Manager,10.0,Meridian Software,Consulting,"Sydney, Australia",No,Full-time,"Generative AI, LLMs, A/B Testing, GCP",5000+,236000.0,37,2025-11-05
JOB05034,VP of Machine Learning,Manager,10.0,Zenith Data Group,Finance,Remote,Yes,Full-time,"AWS, MLOps, Statistics, Azure",201-1000,250500.0,29,2025-09-18
JOB05035,Senior ML Engineer,Senior,6.0,Fusion Analytics,Technology,"Berlin, Germany",No,Contract,"Generative AI, Computer Vision, Machine Learning, MLOps",1001-5000,165500.0,11,2026-01-08
JOB05036,Machine Learning Engineer,Mid,3.0,Skyline Data Co,E-commerce,"Dublin, Ireland",No,Full-time,"Power BI, Spark, Machine Learning, Generative AI",51-200,93500.0,44,2026-01-20
JOB05037,Data Analyst,Entry,0.0,Bluewave Tech,Consulting,"Dublin, Ireland",No,Full-time,"Statistics, Tableau, SQL, Data Visualization",1001-5000,82500.0,14,2026-03-25
JOB05038,Senior Data Scientist,Senior,6.0,Silverline AI,Education,"London, UK",No,Full-time,"LLMs, Azure, NLP, Deep Learning",1-50,190500.0,17,2025-08-17
JOB05039,Junior Data Scientist,Entry,0.0,DataForge,Healthcare,"Austin, USA",No,Contract,"Statistics, Python, Data Visualization, Excel, Tableau",5000+,65500.0,45,2026-01-31
JOB05040,AI Research Assistant,Entry,0.0,Bluewave Tech,E-commerce,"Dublin, Ireland",No,Full-time,"Python, SQL, Statistics",5000+,53000.0,20,2026-06-07
JOB05041,Data Engineer,Mid,3.0,Silverline AI,Manufacturing,"New York, USA",Yes,Full-time,"NLP, Power BI, Machine Learning, SQL",1001-5000,114500.0,21,2025-07-19
JOB05042,Computer Vision Engineer,Mid,3.0,Horizon Cloud,Technology,Remote,Yes,Full-time,"Machine Learning, Python, Power BI",1001-5000,94500.0,7,2025-12-29
JOB05043,AI Engineer,Mid,3.0,Quantum Insight,Finance,"Bengaluru, India",No,Full-time,"PyTorch, Power BI, AWS, Data Visualization",1001-5000,54000.0,32,2025-10-06
JOB05044,NLP Engineer,Mid,3.0,Orbital Systems,Manufacturing,"Bengaluru, India",No,Contract,"PyTorch, Deep Learning, SQL, NLP",1001-5000,57500.0,45,2025-07-06
JOB05045,NLP Engineer,Mid,3.0,Horizon Cloud,Finance,"London, UK",No,Full-time,"Python, SQL, Deep Learning, Statistics",5000+,140500.0,55,2026-06-08
JOB05046,ML Engineer I,Entry,0.0,Silverline AI,Healthcare,"Berlin, Germany",No,Full-time,"Tableau, Statistics, Python, NLP",1001-5000,49000.0,48,2025-12-27
JOB05047,AI Engineer,Mid,3.0,Horizon Cloud,Manufacturing,"London, UK",No,Full-time,"Power BI, PyTorch, Deep Learning, Spark, SQL",51-200,138500.0,19,2026-04-30
JOB05048,Data Scientist,Mid,3.0,Silverline AI,Technology,"London, UK",Yes,Full-time,"Python, Power BI, SQL, Machine Learning, Docker",201-1000,134000.0,19,2026-05-11
JOB05049,NLP Engineer,Mid,3.0,Clearline Systems,Automotive,"Austin, USA",Yes,Full-time,"Machine Learning, Python, PyTorch, AWS",201-1000,125000.0,23,2026-04-29
JOB05050,Junior Data Scientist,Entry,0.0,Bluewave Tech,Healthcare,Singapore,Yes,Full-time,"Tableau, Excel, Python",1001-5000,63500.0,25,2026-05-22
JOB05051,Senior ML Engineer,Senior,6.0,Zenith Data Group,Healthcare,"Berlin, Germany",Yes,Full-time,"AWS, Computer Vision, Kubernetes, Deep Learning, LLMs",51-200,170000.0,33,2026-03-03
JOB05052,Analytics Engineer,Mid,3.0,Zenith Data Group,Finance,"London, UK",No,Contract,"PyTorch, NLP, Power BI, AWS, Machine Learning, TensorFlow",1-50,134000.0,42,2025-12-16
JOB05053,Data Engineer,Mid,3.0,Northstar Labs,Automotive,"Toronto, Canada",No,Full-time,"TensorFlow, SQL, Spark, Deep Learning, PyTorch",5000+,113500.0,48,2026-07-04
JOB05054,Data Engineer,Mid,3.0,Corelytics,Education,"New York, USA",No,Full-time,"Machine Learning, Python, NLP, Power BI",1001-5000,120000.0,101,2026-05-14
JOB05055,Data Analyst,Entry,0.0,Atlas Intelligence,Gaming,"London, UK",No,Full-time,"Python, Excel, SQL, GCP",1001-5000,64000.0,15,2025-07-26
JOB05056,Junior Data Scientist,Entry,0.0,Silverline AI,E-commerce,"London, UK",No,Full-time,"Python, Tableau, Excel, Data Visualization, Statistics",1001-5000,84000.0,32,2026-02-10
JOB05057,NLP Engineer,Mid,3.0,Fusion Analytics,Automotive,Singapore,Yes,Full-time,"SQL, Spark, NLP, Power BI, Deep Learning",1-50,106000.0,91,2025-12-24
JOB05058,Director of Data Science,Manager,10.0,Novacore AI,Finance,"Dublin, Ireland",No,Full-time,"MLOps, GCP, LLMs, AWS, Generative AI",1001-5000,301500.0,37,2026-05-15
JOB05059,Head of Analytics,Manager,10.0,Quantum Insight,Education,"Austin, USA",No,Full-time,"A/B Testing, AWS, GCP, Statistics",1001-5000,215000.0,98,2026-05-10
JOB05060,AI Research Assistant,Entry,0.0,Pulse Robotics,E-commerce,Singapore,Yes,Contract,"SQL, Python, Statistics, Data Visualization, Excel, Kubernetes",1001-5000,74000.0,62,2025-12-01
JOB05061,AI Research Assistant,Entry,0.0,Silverline AI,Automotive,"London, UK",Yes,Full-time,"Statistics, Excel, Tableau, Spark",1-50,66000.0,53,2025-11-30
JOB05062,Senior ML Engineer,Senior,6.0,Bluewave Tech,Manufacturing,Singapore,No,Full-time,"Computer Vision, GCP, LLMs",1001-5000,165000.0,64,2026-01-16
JOB05063,ML Engineer I,Entry,0.0,Corelytics,Consulting,"Berlin, Germany",No,Full-time,"Tableau, Statistics, Excel, SQL, Data Visualization",1001-5000,76000.0,40,2025-10-30
JOB05064,NLP Engineer,Mid,3.0,DataForge,Education,"Toronto, Canada",Yes,Full-time,"SQL, Spark, NLP, Python, Deep Learning, TensorFlow",51-200,122500.0,54,2025-08-06
JOB05065,NLP Engineer,Mid,3.0,Meridian Software,Telecommunications,"Dublin, Ireland",Yes,Full-time,"TensorFlow, Python, Machine Learning, NLP, Airflow",5000+,118000.0,69,2026-07-10
JOB05066,Data Scientist,Mid,3.0,Ironpeak Tech,Finance,"Bengaluru, India",No,Full-time,"TensorFlow, Python, Deep Learning",1-50,44500.0,55,2026-03-26
JOB05067,Data Engineer I,Entry,0.0,Horizon Cloud,Finance,"San Francisco, USA",No,Full-time,"Statistics, Tableau, Python, LLMs",201-1000,85000.0,43,2026-02-23
JOB05068,BI Analyst,Entry,0.0,Horizon Cloud,Automotive,"Dublin, Ireland",Yes,Full-time,"Python, Data Visualization, Statistics, Excel, SQL",1001-5000,79500.0,59,2026-05-26
JOB05069,Data Engineer,Mid,3.0,Bluewave Tech,Consulting,"Bengaluru, India",Yes,Full-time,"Machine Learning, Deep Learning, SQL, Airflow",201-1000,56500.0,77,2025-12-06
JOB05070,Data Analyst,Entry,0.0,Horizon Cloud,E-commerce,Remote,Yes,Full-time,"Excel, Tableau, SQL, LLMs",51-200,84000.0,32,2025-08-24
JOB05071,Data Scientist,Mid,3.0,DataForge,Telecommunications,"San Francisco, USA",Yes,Full-time,"Power BI, NLP, Deep Learning, Azure",51-200,179500.0,65,2026-02-14
JOB05072,Senior ML Engineer,Senior,6.0,Quantum Insight,Manufacturing,"London, UK",Yes,Full-time,"AWS, MLOps, Azure, NLP, Generative AI",201-1000,147000.0,41,2025-09-18
JOB05073,Machine Learning Engineer,Mid,3.0,Nexora AI,E-commerce,Remote,Yes,Full-time,"AWS, Deep Learning, SQL, Power BI, Spark, Kubernetes",51-200,95500.0,19,2025-08-25
JOB05074,ML Engineer I,Entry,0.0,Corelytics,Technology,"Bengaluru, India",No,Full-time,"Tableau, Python, Data Visualization, SQL",201-1000,38000.0,30,2025-07-28
JOB05075,BI Analyst,Entry,0.0,Meridian Software,Telecommunications,"Austin, USA",Yes,Full-time,"Tableau, Excel, Python, Data Visualization, SQL, NLP",201-1000,84000.0,7,2026-02-03
JOB05076,NLP Engineer,Mid,3.0,Fusion Analytics,Finance,"Toronto, Canada",No,Full-time,"NLP, Machine Learning, Spark, Deep Learning, Power BI",201-1000,98500.0,17,2025-11-08
JOB05077,AI Research Scientist,Senior,6.0,Quantum Insight,E-commerce,"Berlin, Germany",No,Full-time,"Azure, NLP, AWS, Tableau",51-200,150000.0,44,2025-10-16
JOB05079,AI Research Assistant,Entry,0.0,DataForge,Consulting,"Austin, USA",No,Contract,"Data Visualization, SQL, Python, Tableau",1-50,58500.0,11,2026-05-02
JOB05080,Analytics Engineer,Mid,3.0,Corelytics,Education,Singapore,Yes,Full-time,"Spark, PyTorch, SQL, TensorFlow",1-50,116500.0,43,2025-11-26
JOB05081,NLP Engineer,Mid,3.0,Northstar Labs,Technology,Remote,Yes,Full-time,"Spark, Deep Learning, PyTorch, TensorFlow, Machine Learning",5000+,89500.0,27,2026-05-06
JOB05082,ML Engineer I,Entry,0.0,Fusion Analytics,Automotive,"Dublin, Ireland",Yes,Full-time,"Tableau, Python, Data Visualization, Excel, SQL",51-200,74500.0,14,2026-07-06
JOB05083,Analytics Engineer,Mid,3.0,Horizon Cloud,Education,Remote,Yes,Full-time,"Python, TensorFlow, PyTorch, SQL",51-200,91000.0,21,2026-06-02
JOB05084,ML Engineer I,Entry,0.0,Northstar Labs,Technology,"New York, USA",Yes,Contract,"Data Visualization, Tableau, Excel, Python, SQL, Generative AI",1-50,84000.0,13,2025-10-21
JOB05085,Machine Learning Engineer,Mid,3.0,Skyline Data Co,Manufacturing,"San Francisco, USA",No,Full-time,"TensorFlow, AWS, Power BI, Deep Learning, Spark",1001-5000,169000.0,84,2026-02-26
JOB05086,Director of Data Science,Manager,10.0,Horizon Cloud,Education,"Austin, USA",Yes,Full-time,"LLMs, GCP, A/B Testing",51-200,324000.0,40,2026-06-06
JOB05087,BI Analyst,Entry,0.0,Northstar Labs,Education,"Toronto, Canada",Yes,Full-time,"Python, Statistics, Tableau, A/B Testing",1-50,50500.0,8,2026-02-19
JOB05088,Data Engineer,Mid,3.0,Corelytics,Education,Remote,Yes,Full-time,"Power BI, SQL, Machine Learning, PyTorch",1001-5000,114000.0,142,2026-07-03
JOB05089,BI Analyst,Entry,0.0,Skyline Data Co,Manufacturing,"London, UK",No,Full-time,"Python, Statistics, Data Visualization",1001-5000,72500.0,27,2025-08-20
JOB05090,Principal Data Scientist,Senior,6.0,Silverline AI,Gaming,Remote,Yes,Full-time,"Machine Learning, Deep Learning, NLP, LLMs",201-1000,170000.0,56,2026-02-17
JOB05091,Data Engineer,Mid,3.0,Skyline Data Co,Healthcare,"Bengaluru, India",No,Full-time,"NLP, PyTorch, TensorFlow",1-50,47500.0,91,2026-01-01
JOB05092,ML Engineer I,Entry,0.0,Fusion Analytics,Consulting,"Austin, USA",Yes,Full-time,"Excel, Tableau, Data Visualization, SQL, Statistics, Airflow",5000+,67500.0,176,2025-09-29
JOB05093,NLP Engineer,Mid,3.0,Vertex Analytics,Finance,Singapore,No,Full-time,"AWS, PyTorch, Python",51-200,91500.0,77,2025-10-06
JOB05094,Data Scientist,Mid,3.0,Ironpeak Tech,Finance,"Dublin, Ireland",Yes,Full-time,"NLP, Deep Learning, Spark, Power BI, Data Visualization",51-200,91500.0,30,2025-12-25
JOB05095,Data Analyst,Entry,0.0,DataForge,Education,"New York, USA",Yes,Part-time,"Tableau, Excel, SQL, Computer Vision",1-50,64000.0,37,2026-04-19
JOB05096,Machine Learning Engineer,Mid,3.0,Corelytics,Manufacturing,"Dublin, Ireland",Yes,Full-time,"Machine Learning, TensorFlow, NLP, MLOps",51-200,101000.0,69,2025-07-14
JOB05097,Staff AI Engineer,Senior,6.0,Horizon Cloud,Finance,Remote,Yes,Full-time,"GCP, Computer Vision, Machine Learning",1001-5000,165000.0,62,2025-12-01
JOB05098,Staff AI Engineer,Senior,6.0,Corelytics,Technology,"Berlin, Germany",No,Full-time,"Computer Vision, NLP, Machine Learning, MLOps",1-50,170500.0,57,2025-11-17
JOB05099,AI Research Assistant,Entry,0.0,Northstar Labs,Technology,Singapore,No,Full-time,"Python, Tableau, SQL, Statistics, Excel, A/B Testing",51-200,83500.0,34,2026-01-05
JOB05100,Staff AI Engineer,Senior,6.0,Corelytics,E-commerce,"San Francisco, USA",Yes,Full-time,"AWS, Computer Vision, MLOps, Deep Learning",201-1000,260500.0,14,2026-04-01
JOB05101,NLP Engineer,Mid,3.0,Orbital Systems,Education,Singapore,No,Full-time,"NLP, Machine Learning, TensorFlow, Spark, Python, Computer Vision",201-1000,115500.0,59,2026-05-01
JOB05102,AI Research Assistant,Entry,0.0,Bluewave Tech,E-commerce,"San Francisco, USA",No,Contract,"Statistics, SQL, Excel, Azure",1-50,93500.0,54,2025-09-17
JOB05103,Senior Data Scientist,Senior,6.0,Northstar Labs,E-commerce,"San Francisco, USA",No,Contract,"Deep Learning, LLMs, AWS, Generative AI, Azure",51-200,215000.0,65,2026-06-25
JOB05104,BI Analyst,Entry,0.0,Novacore AI,Automotive,Remote,Yes,Full-time,"Tableau, Python, Data Visualization, Excel, Statistics, SQL",51-200,63000.0,12,2025-11-08
JOB05105,Staff AI Engineer,Senior,6.0,Meridian Software,Gaming,"Dublin, Ireland",No,Full-time,"LLMs, Deep Learning, Machine Learning, Generative AI, MLOps",1-50,196500.0,15,2025-12-02
JOB05106,BI Analyst,Entry,0.0,Corelytics,E-commerce,"Toronto, Canada",No,Full-time,"SQL, Excel, Python, Data Visualization, Statistics, TensorFlow",201-1000,62000.0,152,2025-10-26
JOB05107,ML Engineer I,Entry,0.0,Skyline Data Co,Technology,"New York, USA",No,Full-time,"SQL, Python, Excel, Statistics, Tableau, Data Visualization",1-50,81500.0,33,2026-01-09
JOB05109,Principal Data Scientist,Senior,6.0,Vertex Analytics,E-commerce,Singapore,Yes,Full-time,"Computer Vision, AWS, GCP, Generative AI, Deep Learning",51-200,172000.0,40,2025-09-20
JOB05110,Senior ML Engineer,Senior,6.0,Silverline AI,Healthcare,"Toronto, Canada",Yes,Full-time,"LLMs, AWS, MLOps",51-200,184000.0,31,2026-02-23
JOB05111,BI Analyst,Entry,0.0,Fusion Analytics,Technology,"San Francisco, USA",Yes,Contract,"SQL, Tableau, Data Visualization",1001-5000,81500.0,19,2026-06-17
JOB05112,Senior ML Engineer,Senior,6.0,Vertex Analytics,Education,"Dublin, Ireland",Yes,Contract,"Azure, MLOps, Deep Learning",1001-5000,176000.0,20,2025-11-25
JOB05113,Lead Data Engineer,Senior,6.0,Fusion Analytics,Consulting,"Bengaluru, India",No,Full-time,"Azure, LLMs, Generative AI, MLOps, Machine Learning",51-200,68500.0,26,2025-10-09
JOB05114,Principal Data Scientist,Senior,6.0,DataForge,Manufacturing,"Austin, USA",No,Full-time,"Machine Learning, Generative AI, Kubernetes, Deep Learning, GCP",1-50,186000.0,15,2026-07-08
JOB05115,Machine Learning Engineer,Mid,3.0,Vertex Analytics,Education,"Dublin, Ireland",No,Full-time,"Power BI, AWS, Spark, Deep Learning",51-200,109000.0,17,2025-12-13
JOB05116,Junior Data Scientist,Entry,0.0,Zenith Data Group,Education,Remote,Yes,Full-time,"SQL, Data Visualization, Python, Excel",51-200,55500.0,20,2025-10-30
JOB05117,Data Scientist,Mid,3.0,Silverline AI,Healthcare,"Bengaluru, India",Yes,Full-time,"AWS, Spark, NLP, Python, PyTorch",201-1000,48000.0,4,2025-11-10
JOB05118,Principal Data Scientist,Senior,6.0,Skyline Data Co,E-commerce,"Toronto, Canada",No,Full-time,"Machine Learning, Azure, Computer Vision, Generative AI, GCP",1-50,183000.0,44,2026-01-16
JOB05119,Analytics Engineer,Mid,3.0,Atlas Intelligence,Manufacturing,"San Francisco, USA",No,Full-time,"TensorFlow, Python, PyTorch, SQL, Spark",5000+,166000.0,2,2025-12-04
JOB05120,Data Engineer,Mid,3.0,Bright Path AI,Technology,"London, UK",No,Full-time,"SQL, TensorFlow, Python, PyTorch, Machine Learning",201-1000,95500.0,37,2026-04-01
JOB05121,Machine Learning Engineer,Mid,3.0,Fusion Analytics,Consulting,Singapore,No,Full-time,"SQL, TensorFlow, Spark, PyTorch",51-200,113500.0,75,2026-07-12
JOB05122,Data Science Manager,Manager,10.0,Novacore AI,Technology,Remote,Yes,Full-time,"Statistics, A/B Testing, LLMs, GCP",1-50,286500.0,80,2025-07-04
JOB05123,Computer Vision Engineer,Mid,3.0,Novacore AI,Automotive,"New York, USA",No,Full-time,"Machine Learning, AWS, Python, PyTorch, TensorFlow",5000+,129500.0,5,2025-07-05
JOB05124,Head of AI,Manager,10.0,Horizon Cloud,Finance,Remote,Yes,Full-time,"GCP, MLOps, Generative AI, AWS, Spark",201-1000,215500.0,29,2025-12-22
JOB05125,BI Analyst,Entry,0.0,Bluewave Tech,Technology,"San Francisco, USA",No,Full-time,"Python, SQL, Tableau, Computer Vision",5000+,104000.0,37,2025-12-15
JOB05126,Junior Data Scientist,Entry,0.0,Novacore AI,Finance,Singapore,No,Full-time,"Data Visualization, Tableau, Statistics, SQL, Python",1-50,84500.0,41,2025-08-14
JOB05127,Staff AI Engineer,Senior,6.0,Silverline AI,Consulting,"Berlin, Germany",No,Full-time,"NLP, LLMs, Kubernetes",201-1000,148000.0,34,2025-09-26
JOB05128,Data Scientist,Mid,3.0,Pulse Robotics,Education,"New York, USA",No,Full-time,"NLP, Power BI, Spark, AWS, SQL",51-200,115500.0,33,2025-12-16
JOB05129,BI Analyst,Entry,0.0,Zenith Data Group,Automotive,Singapore,No,Full-time,"Excel, SQL, Python, TensorFlow",201-1000,63000.0,33,2025-10-12
JOB05130,Principal Data Scientist,Senior,6.0,Clearline Systems,Healthcare,"San Francisco, USA",Yes,Contract,"AWS, Deep Learning, Kubernetes, Computer Vision, MLOps",1-50,268500.0,28,2025-07-09
JOB05131,Head of AI,Manager,10.0,DataForge,Healthcare,"Bengaluru, India",No,Full-time,"Generative AI, AWS, LLMs",1-50,128000.0,65,2026-03-02
JOB05132,Junior Data Scientist,Entry,0.0,Skyline Data Co,E-commerce,"Dublin, Ireland",No,Contract,"Python, Data Visualization, SQL, Excel, Tableau",201-1000,60000.0,92,2026-06-18
JOB05133,ML Engineer I,Entry,0.0,DataForge,Automotive,"New York, USA",Yes,Full-time,"Excel, Tableau, Python, SQL, Statistics",51-200,85500.0,37,2025-10-17
JOB05134,Analytics Engineer,Mid,3.0,Corelytics,E-commerce,"Bengaluru, India",No,Full-time,"Machine Learning, Power BI, Python, AWS, Deep Learning",201-1000,42000.0,51,2025-09-16
JOB05135,BI Analyst,Entry,0.0,Atlas Intelligence,Telecommunications,"Toronto, Canada",No,Full-time,"SQL, Data Visualization, Python, Tableau, A/B Testing",5000+,52500.0,11,2025-10-08
JOB05136,NLP Engineer,Mid,3.0,Horizon Cloud,Automotive,"San Francisco, USA",Yes,Full-time,"PyTorch, SQL, AWS, Deep Learning, NLP",1001-5000,129500.0,29,2026-05-21
JOB05137,Data Analyst,Entry,0.0,Bluewave Tech,Healthcare,"Sydney, Australia",No,Full-time,"Statistics, Data Visualization, Excel, TensorFlow",201-1000,59500.0,40,2026-06-20
JOB05138,Senior ML Engineer,Senior,6.0,Clearline Systems,Gaming,"London, UK",No,Full-time,"Kubernetes, Generative AI, Deep Learning",1001-5000,190500.0,43,2025-08-06
JOB05139,ML Engineer I,Entry,0.0,Zenith Data Group,Telecommunications,Singapore,No,Full-time,"Statistics, Data Visualization, Excel, Tableau, SQL",1-50,78000.0,156,2026-03-16
JOB05140,Data Engineer,Mid,3.0,Meridian Software,E-commerce,"Dublin, Ireland",No,Full-time,"AWS, PyTorch, Machine Learning, NLP",1001-5000,118500.0,94,2025-12-18
JOB05141,BI Analyst,Entry,0.0,Fusion Analytics,Finance,Singapore,Yes,Full-time,"Tableau, Excel, Statistics",1001-5000,66000.0,50,2026-02-17
JOB05142,AI Engineer,Mid,3.0,Orbital Systems,Consulting,"Austin, USA",No,Full-time,"Deep Learning, Power BI, AWS, TensorFlow, PyTorch",51-200,105000.0,23,2026-04-23
JOB05144,Analytics Engineer,Mid,3.0,Clearline Systems,Education,"New York, USA",No,Full-time,"AWS, Deep Learning, PyTorch, Python, Machine Learning, GCP",1-50,147000.0,25,2026-07-08
JOB05145,NLP Engineer,Mid,3.0,Novacore AI,Manufacturing,"Bengaluru, India",Yes,Full-time,"Deep Learning, Power BI, SQL, PyTorch, Machine Learning",51-200,44000.0,15,2025-12-26
JOB05146,VP of Machine Learning,Manager,10.0,Novacore AI,Manufacturing,"Dublin, Ireland",No,Full-time,"A/B Testing, GCP, Statistics, AWS, LLMs, PyTorch",1001-5000,238000.0,52,2026-02-17
JOB05147,Computer Vision Engineer,Mid,3.0,Bright Path AI,Consulting,"London, UK",Yes,Full-time,"Deep Learning, Spark, AWS, NLP, PyTorch",51-200,109000.0,68,2025-09-15
JOB05148,Data Engineer I,Entry,0.0,Novacore AI,Finance,"Bengaluru, India",No,Full-time,"Statistics, Python, Data Visualization, Excel, Tableau",5000+,29500.0,80,2026-07-09
JOB05149,ML Engineer I,Entry,0.0,Skyline Data Co,Technology,"San Francisco, USA",No,Contract,"SQL, Data Visualization, Tableau, Python, Excel, Deep Learning",201-1000,95500.0,58,2026-04-30
JOB05150,NLP Engineer,Mid,3.0,Corelytics,Technology,Singapore,No,Full-time,"Python, Machine Learning, Deep Learning",201-1000,131000.0,31,2025-12-16
JOB05151,Data Engineer I,Entry,0.0,Vertex Analytics,Finance,"Dublin, Ireland",Yes,Full-time,"Python, Statistics, SQL",201-1000,63000.0,42,2026-07-11
JOB05152,AI Engineer,Mid,3.0,Northstar Labs,Consulting,"New York, USA",Yes,Full-time,"TensorFlow, NLP, Python, Spark, PyTorch",51-200,120000.0,14,2026-04-30
JOB05153,Lead Data Engineer,Senior,6.0,DataForge,Technology,"Dublin, Ireland",Yes,Full-time,"Kubernetes, Azure, LLMs, Computer Vision, MLOps, Power BI",201-1000,195000.0,81,2025-10-26
JOB05154,Junior Data Scientist,Entry,0.0,Silverline AI,Technology,"Sydney, Australia",No,Full-time,"Data Visualization, Python, Statistics, SQL, Tableau, Azure",51-200,55000.0,111,2025-11-10
JOB05155,Analytics Engineer,Mid,3.0,Clearline Systems,E-commerce,"New York, USA",No,Full-time,"SQL, Machine Learning, Power BI, Deep Learning",201-1000,129000.0,86,2026-07-01
JOB05156,NLP Engineer,Mid,3.0,Corelytics,Technology,"Sydney, Australia",No,Full-time,"Machine Learning, AWS, Spark",1001-5000,134500.0,146,2026-03-30
JOB05157,Senior Data Scientist,Senior,6.0,Fusion Analytics,Consulting,Singapore,Yes,Full-time,"Computer Vision, Machine Learning, AWS, NLP",51-200,176000.0,25,2025-12-18
JOB05158,Data Engineer I,Entry,0.0,Silverline AI,Telecommunications,"New York, USA",Yes,Full-time,"Statistics, SQL, Excel, Data Visualization",201-1000,85000.0,59,2025-08-12
JOB05159,VP of Machine Learning,Manager,10.0,Corelytics,Consulting,"Dublin, Ireland",No,Full-time,"MLOps, Generative AI, Statistics",201-1000,266000.0,15,2025-12-29
JOB05160,Machine Learning Engineer,Mid,3.0,Meridian Software,Education,"Austin, USA",No,Contract,"SQL, AWS, Deep Learning, Power BI",1-50,118500.0,38,2026-01-01
JOB05161,Senior ML Engineer,Senior,6.0,Clearline Systems,Technology,"Bengaluru, India",No,Full-time,"GCP, Machine Learning, Deep Learning, Computer Vision",1-50,64000.0,17,2025-10-21
JOB05162,Senior Data Scientist,Senior,6.0,DataForge,Gaming,"Berlin, Germany",No,Full-time,"AWS, Kubernetes, Deep Learning",1001-5000,155000.0,16,2025-08-10
JOB05163,Machine Learning Engineer,Mid,3.0,Ironpeak Tech,E-commerce,"Berlin, Germany",No,Full-time,"Python, SQL, Deep Learning, TensorFlow",1001-5000,97500.0,66,2025-08-26
JOB05166,Computer Vision Engineer,Mid,3.0,Orbital Systems,E-commerce,"New York, USA",Yes,Part-time,"Machine Learning, AWS, Deep Learning, Power BI",5000+,109500.0,137,2026-03-26
JOB05167,Data Engineer,Mid,3.0,Atlas Intelligence,Manufacturing,Remote,Yes,Full-time,"Python, TensorFlow, PyTorch, Spark",1-50,92500.0,22,2026-03-11
JOB05168,NLP Engineer,Mid,3.0,Atlas Intelligence,Finance,Remote,Yes,Full-time,"Spark, TensorFlow, SQL",201-1000,105500.0,7,2025-12-07
JOB05169,ML Engineer I,Entry,0.0,Atlas Intelligence,Gaming,"Dublin, Ireland",Yes,Full-time,"SQL, Data Visualization, Statistics, Tableau, Python",1001-5000,81000.0,68,2025-12-03
JOB05170,ML Engineer I,Entry,0.0,Zenith Data Group,Technology,"Toronto, Canada",No,Full-time,"Excel, Data Visualization, Statistics, SQL, TensorFlow",1-50,58500.0,20,2025-08-22
JOB05171,Data Engineer,Mid,3.0,Clearline Systems,Telecommunications,Remote,Yes,Full-time,"NLP, Deep Learning, Machine Learning",1001-5000,126500.0,13,2026-01-19
JOB05172,VP of Machine Learning,Manager,10.0,Clearline Systems,Automotive,"London, UK",No,Full-time,"AWS, LLMs, A/B Testing, GCP",1001-5000,223000.0,25,2025-08-21
JOB05173,AI Research Assistant,Entry,0.0,Zenith Data Group,Education,"Dublin, Ireland",Yes,Full-time,"Python, SQL, Statistics, Data Visualization, Excel, Azure",51-200,84500.0,106,2025-12-19
JOB05174,Lead Data Engineer,Senior,6.0,Corelytics,Education,"Bengaluru, India",No,Full-time,"Computer Vision, AWS, LLMs, Kubernetes, Generative AI",5000+,82000.0,71,2025-07-21
JOB05175,Senior Data Scientist,Senior,6.0,Vertex Analytics,Consulting,Singapore,No,Full-time,"Computer Vision, Azure, Generative AI, Machine Learning",1-50,158500.0,55,2026-01-22
JOB05176,Senior ML Engineer,Senior,6.0,Corelytics,E-commerce,Remote,Yes,Contract,"Deep Learning, LLMs, AWS",51-200,163000.0,24,2025-11-30
JOB05177,Machine Learning Engineer,Mid,3.0,Zenith Data Group,Consulting,"Austin, USA",No,Full-time,"PyTorch, Power BI, AWS, Deep Learning, TensorFlow",201-1000,127000.0,45,2026-07-04
JOB05178,Data Analyst,Entry,0.0,Silverline AI,Manufacturing,"London, UK",Yes,Full-time,"Statistics, Tableau, SQL, Python",51-200,84000.0,20,2026-03-19
JOB05179,Staff AI Engineer,Senior,6.0,Vertex Analytics,Automotive,"Toronto, Canada",No,Part-time,"Computer Vision, GCP, AWS",51-200,146000.0,96,2025-07-03
JOB05180,Computer Vision Engineer,Mid,3.0,Fusion Analytics,Education,Remote,Yes,Full-time,"TensorFlow, SQL, NLP",1-50,88500.0,54,2025-08-11
JOB05181,Data Scientist,Mid,3.0,Zenith Data Group,Healthcare,"Austin, USA",No,Full-time,"Spark, Deep Learning, AWS",5000+,139000.0,97,2026-04-26
JOB05182,ML Engineer I,Entry,0.0,Pulse Robotics,Education,"Dublin, Ireland",Yes,Full-time,"Data Visualization, Excel, Statistics, A/B Testing",1001-5000,68000.0,26,2026-04-24
JOB05184,Machine Learning Engineer,Mid,3.0,Clearline Systems,Automotive,"New York, USA",No,Full-time,"AWS, PyTorch, Deep Learning, Spark, Statistics",201-1000,146500.0,37,2025-08-05
JOB05185,Computer Vision Engineer,Mid,3.0,Corelytics,Education,"Bengaluru, India",Yes,Full-time,"PyTorch, Deep Learning, Spark, NLP, Power BI",1-50,54000.0,44,2025-07-09
JOB05186,AI Engineer,Mid,3.0,Novacore AI,Telecommunications,Remote,Yes,Full-time,"Power BI, NLP, Deep Learning, AWS",1001-5000,89000.0,84,2025-12-14
JOB05187,AI Research Scientist,Senior,6.0,Meridian Software,Automotive,"New York, USA",Yes,Full-time,"Azure, NLP, Machine Learning, Kubernetes, MLOps, GCP",5000+,208000.0,128,2026-03-16
JOB05188,Data Analyst,Entry,0.0,DataForge,Education,"Sydney, Australia",No,Full-time,"SQL, Data Visualization, Excel, Tableau",1-50,64500.0,20,2025-07-10
JOB05190,Data Scientist,Mid,3.0,DataForge,Telecommunications,"Berlin, Germany",No,Full-time,"NLP, SQL, TensorFlow, Machine Learning",5000+,111500.0,75,2025-07-27
JOB05191,Computer Vision Engineer,Mid,3.0,Clearline Systems,Technology,"London, UK",Yes,Full-time,"TensorFlow, AWS, Python, Machine Learning, SQL",5000+,126500.0,70,2026-03-18
JOB05192,AI Research Assistant,Entry,0.0,Corelytics,Automotive,"Austin, USA",No,Contract,"Statistics, Data Visualization, Excel",5000+,69000.0,29,2025-08-24
JOB05193,VP of Machine Learning,Manager,10.0,Meridian Software,Finance,"New York, USA",No,Full-time,"MLOps, GCP, AWS",51-200,231500.0,100,2025-07-13
JOB05196,Senior ML Engineer,Senior,6.0,Clearline Systems,Technology,"Austin, USA",No,Full-time,"GCP, Generative AI, Azure, AWS, Machine Learning",5000+,165500.0,23,2026-05-06
JOB05198,BI Analyst,Entry,0.0,Corelytics,Gaming,Remote,Yes,Contract,"Data Visualization, SQL, Excel, Statistics, Python",51-200,56000.0,15,2025-11-28
JOB05199,NLP Engineer,Mid,3.0,Pulse Robotics,Manufacturing,Singapore,No,Contract,"Spark, Machine Learning, NLP, Deep Learning",5000+,99000.0,13,2025-12-09
JOB05200,Staff AI Engineer,Senior,6.0,Corelytics,Gaming,"New York, USA",Yes,Full-time,"Machine Learning, MLOps, Computer Vision, AWS, GCP",5000+,233000.0,34,2026-03-27
JOB05201,AI Research Assistant,Entry,0.0,Horizon Cloud,Consulting,"Austin, USA",Yes,Full-time,"Tableau, Statistics, Excel, SQL",51-200,62000.0,15,2025-12-06
JOB05203,Senior Data Scientist,Senior,6.0,Ironpeak Tech,Healthcare,"New York, USA",Yes,Part-time,"MLOps, GCP, Kubernetes, Computer Vision, LLMs",201-1000,210500.0,77,2026-04-11
JOB05204,Senior Data Scientist,Senior,6.0,Pulse Robotics,Healthcare,"Toronto, Canada",No,Full-time,"Computer Vision, AWS, MLOps",51-200,171500.0,98,2026-01-09
JOB05205,AI Engineer,Mid,3.0,Northstar Labs,Finance,"Berlin, Germany",Yes,Full-time,"AWS, TensorFlow, Spark, Machine Learning, NLP, Azure",1001-5000,86000.0,96,2026-02-17
JOB05206,Senior ML Engineer,Senior,6.0,Vertex Analytics,Healthcare,"Sydney, Australia",No,Full-time,"Computer Vision, Machine Learning, Generative AI",201-1000,164500.0,6,2025-11-20
JOB05207,Principal Data Scientist,Senior,6.0,Northstar Labs,Gaming,"Berlin, Germany",No,Full-time,"Machine Learning, Deep Learning, LLMs, GCP, AWS",1001-5000,128500.0,16,2026-05-29
JOB05208,Data Engineer I,Entry,0.0,Pulse Robotics,Telecommunications,"Sydney, Australia",No,Full-time,"Statistics, Excel, Python, Data Visualization",201-1000,83000.0,73,2025-10-26
JOB05209,Principal Data Scientist,Senior,6.0,Skyline Data Co,Consulting,"Sydney, Australia",Yes,Full-time,"Computer Vision, GCP, LLMs, Deep Learning",201-1000,193000.0,25,2025-08-09
JOB05210,Head of Analytics,Manager,10.0,Quantum Insight,Telecommunications,Remote,Yes,Full-time,"LLMs, MLOps, A/B Testing, Statistics",51-200,208500.0,37,2025-08-19
JOB05211,AI Engineer,Mid,3.0,Ironpeak Tech,Healthcare,Remote,Yes,Full-time,"TensorFlow, Machine Learning, Deep Learning, AWS, Python",51-200,113500.0,26,2025-09-07
JOB05212,Data Engineer,Mid,3.0,Ironpeak Tech,Finance,"San Francisco, USA",Yes,Contract,"SQL, Machine Learning, Spark, Power BI",5000+,165000.0,19,2025-12-17
JOB05213,AI Research Assistant,Entry,0.0,Northstar Labs,Technology,"Dublin, Ireland",No,Full-time,"Statistics, SQL, Python",1001-5000,82000.0,79,2026-05-31
JOB05214,AI Research Assistant,Entry,0.0,Skyline Data Co,Consulting,Singapore,No,Full-time,"Python, Statistics, SQL, Tableau, Excel, PyTorch",1-50,63500.0,68,2025-09-07
JOB05215,Data Engineer I,Entry,0.0,Vertex Analytics,Finance,"Bengaluru, India",Yes,Full-time,"Excel, Python, Tableau, MLOps",1001-5000,40000.0,36,2026-02-13
JOB05216,NLP Engineer,Mid,3.0,Horizon Cloud,Consulting,"San Francisco, USA",Yes,Full-time,"Deep Learning, TensorFlow, PyTorch",201-1000,118500.0,34,2025-12-01
JOB05219,Data Engineer I,Entry,0.0,Bluewave Tech,Technology,"Dublin, Ireland",No,Full-time,"Statistics, Excel, Data Visualization, A/B Testing",51-200,78500.0,175,2026-06-29
JOB05220,Computer Vision Engineer,Mid,3.0,Meridian Software,Manufacturing,"New York, USA",Yes,Full-time,"Power BI, NLP, Deep Learning, AWS",1001-5000,129000.0,47,2025-07-21
JOB05221,ML Engineer I,Entry,0.0,Skyline Data Co,Telecommunications,"Dublin, Ireland",No,Contract,"Excel, Statistics, Python, Data Visualization, Tableau",201-1000,84500.0,6,2025-08-11
JOB05222,Data Engineer I,Entry,0.0,Bluewave Tech,Telecommunications,"London, UK",No,Full-time,"Data Visualization, Python, SQL, Statistics, Excel",51-200,65500.0,27,2025-09-11
JOB05223,Data Analyst,Entry,0.0,Clearline Systems,Healthcare,Singapore,No,Full-time,"SQL, Statistics, Data Visualization, Python, Tableau, PyTorch",201-1000,84500.0,51,2025-09-22
JOB05224,AI Engineer,Mid,3.0,Northstar Labs,E-commerce,Singapore,No,Full-time,"NLP, AWS, Power BI, TensorFlow, Python",5000+,100000.0,29,2026-06-07
JOB05225,AI Research Scientist,Senior,6.0,DataForge,Manufacturing,"New York, USA",Yes,Full-time,"LLMs, NLP, Machine Learning, Generative AI, Deep Learning",201-1000,197000.0,64,2025-08-02
JOB05226,Senior Data Scientist,Senior,6.0,Novacore AI,Healthcare,"Austin, USA",No,Full-time,"AWS, Computer Vision, Machine Learning, GCP, LLMs",51-200,169000.0,49,2025-07-04
JOB05227,Analytics Engineer,Mid,3.0,Pulse Robotics,Finance,Singapore,No,Contract,"Deep Learning, PyTorch, Power BI, TensorFlow, SQL",51-200,118000.0,20,2026-01-23
JOB05228,Staff AI Engineer,Senior,6.0,Quantum Insight,Finance,Remote,Yes,Full-time,"LLMs, Azure, Machine Learning, Kubernetes",51-200,133000.0,11,2026-03-27
JOB05229,AI Research Scientist,Senior,6.0,Ironpeak Tech,Automotive,Singapore,No,Full-time,"GCP, Machine Learning, Generative AI, AWS, Deep Learning",51-200,166500.0,34,2025-07-09
JOB05230,Junior Data Scientist,Entry,0.0,Zenith Data Group,E-commerce,"Toronto, Canada",Yes,Full-time,"SQL, Data Visualization, Excel, Tableau",1-50,72500.0,46,2025-12-18
JOB05231,Senior ML Engineer,Senior,6.0,Atlas Intelligence,Finance,"Bengaluru, India",Yes,Full-time,"Generative AI, NLP, Computer Vision",201-1000,90500.0,51,2025-09-30
JOB05232,Analytics Engineer,Mid,3.0,Silverline AI,Healthcare,"Sydney, Australia",Yes,Full-time,"Power BI, PyTorch, SQL",1001-5000,121000.0,59,2025-12-18
JOB05233,Staff AI Engineer,Senior,6.0,Meridian Software,Technology,"San Francisco, USA",No,Full-time,"Azure, GCP, LLMs, Deep Learning",201-1000,195000.0,12,2026-05-10
JOB05234,Data Analyst,Entry,0.0,Bluewave Tech,Technology,Remote,Yes,Full-time,"SQL, Python, Statistics",5000+,82000.0,150,2025-07-29
JOB05235,ML Engineer I,Entry,0.0,DataForge,Finance,"Sydney, Australia",Yes,Full-time,"Statistics, SQL, Data Visualization, Tableau, GCP",51-200,70000.0,61,2025-09-02
JOB05236,AI Research Assistant,Entry,0.0,Bluewave Tech,Healthcare,"Bengaluru, India",No,Full-time,"Statistics, Python, SQL, Data Visualization, Spark",1-50,31000.0,17,2025-11-15
JOB05237,Data Engineer,Mid,3.0,Horizon Cloud,Automotive,"Berlin, Germany",Yes,Full-time,"Spark, Machine Learning, TensorFlow, Power BI, Python",51-200,88000.0,37,2025-09-03
JOB05238,Director of Data Science,Manager,10.0,DataForge,Manufacturing,"New York, USA",No,Full-time,"GCP, LLMs, Generative AI, Statistics, A/B Testing",201-1000,275500.0,20,2026-01-14
JOB05239,Senior ML Engineer,Senior,6.0,Northstar Labs,Gaming,"Berlin, Germany",No,Full-time,"Kubernetes, GCP, MLOps, Deep Learning, NLP",201-1000,120000.0,83,2026-02-21
JOB05240,Senior ML Engineer,Senior,6.0,Ironpeak Tech,Finance,Remote,Yes,Full-time,"Generative AI, GCP, MLOps",201-1000,147500.0,81,2026-02-23
JOB05241,Senior Data Scientist,Senior,6.0,Corelytics,Manufacturing,"Dublin, Ireland",No,Full-time,"NLP, LLMs, Deep Learning, Azure",51-200,175500.0,50,2025-09-08
JOB05242,Machine Learning Engineer,Mid,3.0,Novacore AI,Gaming,"Berlin, Germany",Yes,Full-time,"AWS, Power BI, PyTorch",201-1000,85500.0,43,2026-01-25
JOB05243,AI Engineer,Mid,3.0,Orbital Systems,Technology,"Dublin, Ireland",No,Part-time,"AWS, Python, Machine Learning",201-1000,98500.0,60,2026-06-28
JOB05244,Senior Data Scientist,Senior,6.0,Corelytics,Telecommunications,"Sydney, Australia",Yes,Contract,"LLMs, AWS, Generative AI, NLP, GCP, SQL",201-1000,186500.0,29,2025-09-03
JOB05245,Computer Vision Engineer,Mid,3.0,Orbital Systems,Education,Remote,Yes,Full-time,"Machine Learning, Python, Deep Learning, TensorFlow, Power BI",5000+,106000.0,60,2026-06-20
JOB05246,Staff AI Engineer,Senior,6.0,Horizon Cloud,Technology,"San Francisco, USA",Yes,Full-time,"Generative AI, GCP, NLP, MLOps, Machine Learning",201-1000,266000.0,31,2025-11-17
JOB05247,Data Engineer,Mid,3.0,Horizon Cloud,Education,"New York, USA",Yes,Full-time,"NLP, Machine Learning, AWS, SQL",1001-5000,126500.0,27,2026-03-26
JOB05248,Machine Learning Engineer,Mid,3.0,Fusion Analytics,Education,"Dublin, Ireland",No,Full-time,"Spark, PyTorch, Deep Learning",201-1000,121000.0,53,2025-10-16
JOB05249,Senior ML Engineer,Senior,6.0,Pulse Robotics,Technology,Remote,Yes,Full-time,"GCP, Generative AI, AWS, LLMs, Azure",201-1000,140500.0,11,2025-07-22
JOB05250,Data Engineer,Mid,3.0,Orbital Systems,Manufacturing,"Austin, USA",No,Full-time,"TensorFlow, Deep Learning, NLP, Spark, Python",1001-5000,105500.0,86,2026-05-30
JOB05251,Head of Analytics,Manager,10.0,Northstar Labs,Gaming,"New York, USA",Yes,Full-time,"AWS, A/B Testing, MLOps, Generative AI",201-1000,308000.0,42,2026-01-13
JOB05252,Lead Data Engineer,Senior,6.0,Atlas Intelligence,Telecommunications,"Bengaluru, India",Yes,Full-time,"GCP, Azure, AWS",1-50,82500.0,28,2025-08-20
JOB05253,Computer Vision Engineer,Mid,3.0,Meridian Software,Education,"Toronto, Canada",No,Contract,"NLP, PyTorch, Python, SQL, Machine Learning",201-1000,89500.0,38,2026-02-12
JOB05254,Machine Learning Engineer,Mid,3.0,Bluewave Tech,Finance,"San Francisco, USA",No,Full-time,"NLP, Machine Learning, PyTorch",201-1000,148500.0,8,2025-11-15
JOB05255,Head of AI,Manager,10.0,Corelytics,E-commerce,Remote,Yes,Full-time,"MLOps, LLMs, AWS, Statistics, Docker",201-1000,224500.0,81,2025-09-06
JOB05256,Data Analyst,Entry,0.0,Corelytics,Telecommunications,"Toronto, Canada",No,Full-time,"SQL, Excel, Tableau, Python, Data Visualization",201-1000,79000.0,34,2026-04-29
JOB05257,Lead Data Engineer,Senior,6.0,Pulse Robotics,Automotive,"Dublin, Ireland",No,Full-time,"LLMs, Kubernetes, GCP, NLP",5000+,152500.0,34,2026-01-17
JOB05258,Staff AI Engineer,Senior,6.0,Quantum Insight,E-commerce,"Bengaluru, India",No,Full-time,"MLOps, Computer Vision, NLP",1001-5000,81000.0,18,2026-01-07
JOB05259,AI Research Scientist,Senior,6.0,Horizon Cloud,Automotive,"San Francisco, USA",No,Full-time,"Kubernetes, AWS, Generative AI, MLOps",5000+,231000.0,45,2026-06-27
JOB05260,Lead Data Engineer,Senior,6.0,Orbital Systems,Manufacturing,Singapore,No,Full-time,"GCP, Azure, Deep Learning, AWS, MLOps",1001-5000,183500.0,50,2025-11-06
JOB05261,ML Engineer I,Entry,0.0,Skyline Data Co,E-commerce,Singapore,No,Full-time,"Python, Data Visualization, SQL, Tableau",1001-5000,57000.0,28,2026-05-06
JOB05262,NLP Engineer,Mid,3.0,Vertex Analytics,Gaming,"Toronto, Canada",No,Full-time,"PyTorch, Python, Spark, TensorFlow, Tableau",1-50,122500.0,30,2026-03-14
JOB05263,Computer Vision Engineer,Mid,3.0,Zenith Data Group,Finance,"Sydney, Australia",No,Full-time,"PyTorch, AWS, Python",51-200,99000.0,24,2026-01-20
JOB05264,NLP Engineer,Mid,3.0,Zenith Data Group,Technology,"Berlin, Germany",No,Full-time,"Deep Learning, Power BI, PyTorch, NLP, Spark",51-200,97500.0,48,2025-12-03
JOB05265,Data Science Manager,Manager,10.0,Novacore AI,Automotive,"New York, USA",Yes,Full-time,"Generative AI, GCP, LLMs",1-50,366000.0,35,2026-03-19
JOB05266,Data Scientist,Mid,3.0,Meridian Software,Gaming,Singapore,Yes,Full-time,"Deep Learning, NLP, TensorFlow",5000+,122000.0,71,2025-11-07
JOB05267,Analytics Engineer,Mid,3.0,Northstar Labs,Technology,"London, UK",No,Full-time,"TensorFlow, NLP, Power BI, PyTorch, SQL, Excel",201-1000,97500.0,22,2025-12-24
JOB05268,Senior ML Engineer,Senior,6.0,Pulse Robotics,Automotive,"Berlin, Germany",No,Contract,"MLOps, Azure, Generative AI, A/B Testing",51-200,145500.0,12,2025-07-25
JOB05269,Data Engineer,Mid,3.0,Atlas Intelligence,Consulting,"Dublin, Ireland",No,Full-time,"Python, PyTorch, NLP, Power BI",51-200,89500.0,88,2026-05-26
JOB05270,Computer Vision Engineer,Mid,3.0,Orbital Systems,Healthcare,"New York, USA",No,Full-time,"Spark, AWS, TensorFlow, Python, Power BI",1-50,154500.0,29,2026-03-30
JOB05271,AI Engineer,Mid,3.0,Bright Path AI,Education,"Dublin, Ireland",No,Full-time,"PyTorch, NLP, AWS, TensorFlow",201-1000,91000.0,31,2026-06-13
JOB05272,Senior Data Scientist,Senior,6.0,Bright Path AI,Education,"San Francisco, USA",No,Full-time,"MLOps, Computer Vision, Machine Learning, NLP",201-1000,250500.0,12,2025-12-29
JOB05273,Analytics Engineer,Mid,3.0,Quantum Insight,Consulting,"London, UK",Yes,Full-time,"AWS, TensorFlow, Power BI, Machine Learning",1001-5000,119500.0,70,2025-07-25
JOB05274,Head of AI,Manager,10.0,Bluewave Tech,Automotive,"Berlin, Germany",No,Full-time,"A/B Testing, MLOps, AWS, Statistics, LLMs",5000+,169500.0,61,2026-05-04
JOB05275,ML Engineer I,Entry,0.0,Horizon Cloud,Finance,Remote,Yes,Full-time,"Excel, Data Visualization, Tableau, Statistics, SQL",5000+,58000.0,24,2026-01-21
JOB05276,Data Scientist,Mid,3.0,Northstar Labs,Telecommunications,"San Francisco, USA",Yes,Full-time,"SQL, AWS, NLP, Power BI, Python, Machine Learning",1001-5000,132500.0,59,2026-04-04
JOB05277,ML Engineer I,Entry,0.0,Northstar Labs,Telecommunications,"Berlin, Germany",No,Full-time,"Python, Data Visualization, Excel",5000+,67000.0,22,2025-10-25
JOB05278,Data Scientist,Mid,3.0,Pulse Robotics,Gaming,"Berlin, Germany",No,Contract,"Python, Machine Learning, Spark, SQL",201-1000,105000.0,44,2026-01-23
JOB05279,BI Analyst,Entry,0.0,Silverline AI,Automotive,Remote,Yes,Full-time,"Data Visualization, Statistics, Python, Tableau, Excel, Docker",5000+,77000.0,28,2025-12-16
JOB05283,AI Research Scientist,Senior,6.0,Orbital Systems,Telecommunications,"New York, USA",No,Full-time,"Azure, MLOps, Generative AI",51-200,195500.0,9,2026-02-16
JOB05284,AI Research Scientist,Senior,6.0,Silverline AI,Education,"Austin, USA",No,Full-time,"Azure, Deep Learning, GCP, LLMs, Generative AI",201-1000,161500.0,58,2026-06-20
JOB05285,BI Analyst,Entry,0.0,DataForge,Education,Remote,Yes,Full-time,"Excel, Tableau, SQL, Python, Statistics",51-200,67500.0,17,2025-07-14
JOB05286,Data Engineer,Mid,3.0,Skyline Data Co,Healthcare,Remote,Yes,Full-time,"PyTorch, Python, Machine Learning, SQL, TensorFlow",201-1000,127000.0,35,2025-11-28
JOB05287,Senior Data Scientist,Senior,6.0,Bright Path AI,Telecommunications,"Berlin, Germany",No,Full-time,"Kubernetes, Azure, AWS, Generative AI, Spark",51-200,140500.0,9,2026-07-02
JOB05288,NLP Engineer,Mid,3.0,Northstar Labs,Telecommunications,"Austin, USA",No,Full-time,"SQL, PyTorch, Deep Learning, Machine Learning",201-1000,142000.0,43,2026-02-19
JOB05289,Data Engineer I,Entry,0.0,Novacore AI,Finance,"New York, USA",Yes,Full-time,"Python, Excel, Data Visualization, Statistics",1-50,92000.0,89,2026-07-12
JOB05290,Analytics Engineer,Mid,3.0,Fusion Analytics,Technology,Remote,Yes,Full-time,"AWS, NLP, Python, Spark",201-1000,109500.0,14,2026-01-28
JOB05291,Data Science Manager,Manager,10.0,Horizon Cloud,Manufacturing,Remote,Yes,Full-time,"A/B Testing, LLMs, GCP, Spark",201-1000,293000.0,32,2026-06-03
JOB05292,NLP Engineer,Mid,3.0,Silverline AI,Finance,Remote,Yes,Contract,"Spark, PyTorch, NLP",51-200,117500.0,35,2025-07-25
JOB05293,Senior Data Scientist,Senior,6.0,Nexora AI,Automotive,"New York, USA",Yes,Full-time,"Kubernetes, Machine Learning, GCP, Generative AI, MLOps, LLMs",201-1000,189000.0,67,2025-11-06
JOB05294,NLP Engineer,Mid,3.0,Orbital Systems,Gaming,"London, UK",No,Full-time,"AWS, Machine Learning, PyTorch, SQL",1-50,119500.0,7,2025-11-02
JOB05295,AI Research Assistant,Entry,0.0,Bluewave Tech,Healthcare,"New York, USA",Yes,Full-time,"Statistics, SQL, Data Visualization, R",1-50,85000.0,27,2026-07-09
JOB05296,Computer Vision Engineer,Mid,3.0,Zenith Data Group,Technology,"San Francisco, USA",No,Full-time,"Python, Spark, PyTorch",201-1000,124000.0,33,2026-05-31
JOB05297,Data Analyst,Entry,0.0,Fusion Analytics,Technology,"San Francisco, USA",No,Full-time,"Excel, Statistics, Python, SQL",51-200,117000.0,8,2026-02-23
JOB05298,BI Analyst,Entry,0.0,Ironpeak Tech,Healthcare,"Berlin, Germany",Yes,Full-time,"SQL, Python, Statistics, Tableau, Docker",5000+,50000.0,65,2025-11-06
JOB05299,Staff AI Engineer,Senior,6.0,DataForge,E-commerce,"Berlin, Germany",No,Full-time,"Generative AI, Kubernetes, MLOps",1001-5000,158500.0,50,2025-08-15
JOB05300,Computer Vision Engineer,Mid,3.0,Zenith Data Group,Automotive,"San Francisco, USA",No,Full-time,"PyTorch, Python, NLP, SQL, Power BI, GCP",201-1000,151500.0,13,2026-02-10
JOB05301,BI Analyst,Entry,0.0,Nexora AI,Consulting,"Bengaluru, India",No,Full-time,"Data Visualization, Python, Statistics, SQL",1-50,28000.0,29,2025-09-21
JOB05302,Analytics Engineer,Mid,3.0,Bluewave Tech,Automotive,"Berlin, Germany",No,Full-time,"SQL, Python, Machine Learning, TensorFlow, NLP",201-1000,97000.0,9,2025-12-16
JOB05303,Data Scientist,Mid,3.0,Atlas Intelligence,Manufacturing,Singapore,No,Full-time,"SQL, Spark, Machine Learning, Deep Learning",51-200,113500.0,44,2025-09-24
JOB05304,Head of AI,Manager,10.0,Corelytics,Gaming,"Sydney, Australia",No,Contract,"AWS, Generative AI, MLOps",1001-5000,268000.0,65,2026-03-26
JOB05305,Senior ML Engineer,Senior,6.0,Nexora AI,Consulting,Singapore,No,Contract,"Deep Learning, Kubernetes, Azure, Computer Vision",201-1000,151000.0,64,2026-04-02
JOB05306,Staff AI Engineer,Senior,6.0,Pulse Robotics,E-commerce,"San Francisco, USA",No,Full-time,"AWS, NLP, Kubernetes",1-50,240500.0,4,2025-11-09
JOB05307,Machine Learning Engineer,Mid,3.0,Meridian Software,Finance,"Dublin, Ireland",No,Full-time,"TensorFlow, SQL, Machine Learning, AWS",1-50,104000.0,11,2026-06-29
JOB05308,AI Research Assistant,Entry,0.0,Pulse Robotics,Consulting,"Sydney, Australia",No,Full-time,"Tableau, Statistics, Python, Excel",51-200,72500.0,95,2026-06-18
JOB05309,Principal Data Scientist,Senior,6.0,Bluewave Tech,Healthcare,"New York, USA",No,Full-time,"NLP, GCP, Computer Vision, MLOps",1001-5000,237500.0,78,2026-02-02
JOB05310,Junior Data Scientist,Entry,0.0,Bright Path AI,Automotive,"Berlin, Germany",Yes,Full-time,"Tableau, SQL, Statistics, Deep Learning",51-200,62500.0,39,2026-05-03
JOB05311,Staff AI Engineer,Senior,6.0,Bright Path AI,Consulting,"Sydney, Australia",No,Full-time,"Computer Vision, Kubernetes, MLOps, Generative AI, NLP",5000+,166500.0,54,2025-10-13
JOB05312,BI Analyst,Entry,0.0,Northstar Labs,Gaming,"Sydney, Australia",No,Full-time,"Data Visualization, Statistics, SQL, Excel, Docker",51-200,88000.0,72,2026-03-04
JOB05314,Principal Data Scientist,Senior,6.0,Pulse Robotics,Telecommunications,"New York, USA",No,Contract,"GCP, MLOps, Computer Vision, AWS, Generative AI",1-50,170000.0,97,2025-10-17
JOB05315,Data Engineer I,Entry,0.0,Corelytics,Education,"Austin, USA",No,Full-time,"Python, Data Visualization, Tableau, SQL",51-200,87000.0,27,2025-09-01
JOB05316,AI Research Scientist,Senior,6.0,Quantum Insight,Telecommunications,"Toronto, Canada",No,Full-time,"LLMs, NLP, Azure, Computer Vision, Deep Learning, SQL",51-200,141500.0,169,2026-03-16
JOB05317,Director of Data Science,Manager,10.0,Northstar Labs,Manufacturing,Remote,Yes,Contract,"LLMs, AWS, Generative AI, Statistics",51-200,254000.0,120,2026-02-06
JOB05318,NLP Engineer,Mid,3.0,Orbital Systems,Gaming,"Dublin, Ireland",Yes,Full-time,"Spark, PyTorch, Machine Learning",51-200,102000.0,46,2025-12-06
JOB05319,NLP Engineer,Mid,3.0,Bluewave Tech,Automotive,Remote,Yes,Full-time,"Machine Learning, Deep Learning, NLP, TensorFlow",51-200,124000.0,6,2025-07-28
JOB05320,Data Scientist,Mid,3.0,Vertex Analytics,E-commerce,"Dublin, Ireland",Yes,Contract,"PyTorch, SQL, Power BI, Spark, Computer Vision",201-1000,94500.0,93,2025-12-05
JOB05321,NLP Engineer,Mid,3.0,Corelytics,Technology,"San Francisco, USA",Yes,Full-time,"TensorFlow, SQL, Machine Learning, Deep Learning",201-1000,165500.0,3,2025-07-26
JOB05322,Data Engineer I,Entry,0.0,Bluewave Tech,Education,"San Francisco, USA",No,Full-time,"Python, SQL, Data Visualization, Tableau",51-200,91500.0,41,2026-01-31
JOB05323,Data Science Manager,Manager,10.0,Orbital Systems,Gaming,Remote,Yes,Full-time,"MLOps, AWS, Generative AI, LLMs",1001-5000,292000.0,34,2026-05-06
JOB05324,Analytics Engineer,Mid,3.0,Quantum Insight,Healthcare,"Toronto, Canada",No,Full-time,"SQL, Python, PyTorch, NLP",51-200,86500.0,122,2025-07-23
JOB05325,Lead Data Engineer,Senior,6.0,Orbital Systems,Consulting,"Berlin, Germany",Yes,Contract,"Deep Learning, Generative AI, NLP",201-1000,128000.0,16,2026-03-03
JOB05327,Data Engineer I,Entry,0.0,Pulse Robotics,Technology,"Dublin, Ireland",No,Full-time,"Statistics, Data Visualization, Tableau",51-200,75500.0,19,2025-11-26
JOB05328,Data Scientist,Mid,3.0,Bluewave Tech,Technology,"San Francisco, USA",No,Full-time,"Python, Power BI, PyTorch, NLP, Spark",1-50,128500.0,6,2026-04-14
JOB05329,Lead Data Engineer,Senior,6.0,Vertex Analytics,Healthcare,Remote,Yes,Full-time,"Generative AI, LLMs, NLP, AWS, Computer Vision, Kubernetes",51-200,143500.0,26,2025-10-24
JOB05330,Computer Vision Engineer,Mid,3.0,Quantum Insight,Gaming,"Dublin, Ireland",No,Full-time,"Python, Spark, Machine Learning, SQL, TensorFlow, MLOps",51-200,124500.0,23,2026-01-31
JOB05331,Data Engineer I,Entry,0.0,Silverline AI,Education,"Sydney, Australia",No,Full-time,"Data Visualization, SQL, Python, Tableau, Excel",1-50,61000.0,41,2025-12-19
JOB05332,Data Analyst,Entry,0.0,Northstar Labs,Telecommunications,Remote,Yes,Full-time,"Data Visualization, Statistics, SQL, Tableau, Python",51-200,73500.0,77,2026-02-18
JOB05333,Junior Data Scientist,Entry,0.0,Quantum Insight,Consulting,"Bengaluru, India",Yes,Full-time,"Tableau, Data Visualization, Statistics, SQL",1001-5000,37500.0,77,2025-09-12
JOB05334,Data Analyst,Entry,0.0,Ironpeak Tech,E-commerce,Remote,Yes,Full-time,"Excel, Tableau, Python, Generative AI",1-50,75500.0,17,2026-05-13
JOB05335,Staff AI Engineer,Senior,6.0,Bright Path AI,Healthcare,"Toronto, Canada",No,Full-time,"MLOps, Generative AI, LLMs, Machine Learning, Data Visualization",51-200,179500.0,27,2026-07-04
JOB05336,BI Analyst,Entry,0.0,Fusion Analytics,Gaming,"Austin, USA",No,Part-time,"Statistics, Data Visualization, Python, Generative AI",51-200,74500.0,26,2025-10-10
JOB05337,Lead Data Engineer,Senior,6.0,Horizon Cloud,Technology,"Bengaluru, India",Yes,Full-time,"Kubernetes, AWS, Deep Learning, Generative AI, NLP",201-1000,78500.0,59,2026-06-24
JOB05338,AI Research Assistant,Entry,0.0,DataForge,Gaming,"London, UK",Yes,Full-time,"Tableau, Data Visualization, Statistics",51-200,88500.0,22,2025-08-06
JOB05339,Data Analyst,Entry,0.0,Vertex Analytics,Gaming,"Toronto, Canada",No,Full-time,"Python, Data Visualization, Tableau, SQL, Statistics",201-1000,76000.0,42,2025-12-27
JOB05340,NLP Engineer,Mid,3.0,Novacore AI,Gaming,"Sydney, Australia",No,Full-time,"PyTorch, Python, Deep Learning, Power BI, SQL, MLOps",1001-5000,98500.0,44,2026-05-30
JOB05341,Machine Learning Engineer,Mid,3.0,Ironpeak Tech,Technology,"New York, USA",No,Contract,"Python, AWS, PyTorch, Deep Learning, NLP",1001-5000,129500.0,108,2026-07-04
JOB05342,Analytics Engineer,Mid,3.0,DataForge,Education,"Toronto, Canada",Yes,Full-time,"PyTorch, Power BI, Python, SQL, AWS",51-200,123000.0,58,2025-07-29
JOB05343,Junior Data Scientist,Entry,0.0,Fusion Analytics,Technology,Remote,Yes,Full-time,"Data Visualization, SQL, Statistics, Tableau, Excel, MLOps",51-200,71500.0,18,2025-09-03
JOB05344,AI Engineer,Mid,3.0,Nexora AI,Gaming,"Toronto, Canada",Yes,Full-time,"Machine Learning, NLP, Power BI, SQL",5000+,81000.0,15,2025-10-06
JOB05345,Staff AI Engineer,Senior,6.0,Silverline AI,E-commerce,Remote,Yes,Full-time,"Kubernetes, MLOps, Deep Learning, GCP, Docker",1-50,189000.0,71,2025-09-12
JOB05346,Data Engineer I,Entry,0.0,Corelytics,Gaming,"New York, USA",Yes,Full-time,"Statistics, SQL, Tableau",51-200,81500.0,23,2025-12-15
JOB05347,Analytics Engineer,Mid,3.0,Northstar Labs,Consulting,"London, UK",Yes,Full-time,"SQL, Python, NLP, Spark, TensorFlow, Airflow",1-50,139000.0,56,2026-03-08
JOB05348,BI Analyst,Entry,0.0,Bluewave Tech,Manufacturing,"New York, USA",Yes,Full-time,"Data Visualization, Statistics, Python, Excel",1-50,100500.0,57,2025-10-06
JOB05349,BI Analyst,Entry,0.0,Skyline Data Co,Consulting,Remote,Yes,Full-time,"Excel, SQL, Python, Tableau, Data Visualization",5000+,74500.0,82,2025-12-04
JOB05350,Data Engineer,Mid,3.0,Bluewave Tech,Finance,"London, UK",No,Full-time,"NLP, TensorFlow, Machine Learning, AWS, Python",1-50,120500.0,17,2025-11-27
JOB05351,AI Research Assistant,Entry,0.0,Bluewave Tech,Finance,"Austin, USA",No,Full-time,"Statistics, Python, SQL, Data Visualization, Tableau",1001-5000,60500.0,11,2025-10-05
JOB05352,Senior ML Engineer,Senior,6.0,Quantum Insight,Manufacturing,Remote,Yes,Full-time,"MLOps, Generative AI, NLP, Azure, GCP, R",1001-5000,192500.0,84,2026-02-05
JOB05353,Data Scientist,Mid,3.0,Quantum Insight,Automotive,"Berlin, Germany",No,Part-time,"Python, Machine Learning, Power BI, PyTorch, AWS",51-200,115000.0,10,2025-08-16
JOB05354,AI Research Assistant,Entry,0.0,Novacore AI,Education,Singapore,Yes,Full-time,"Data Visualization, Statistics, SQL, Python, Tableau, PyTorch",201-1000,65500.0,63,2025-09-04
JOB05355,Junior Data Scientist,Entry,0.0,Ironpeak Tech,E-commerce,"Austin, USA",Yes,Full-time,"SQL, Python, Tableau, Statistics, Data Visualization, GCP",51-200,77000.0,30,2026-04-07
JOB05356,Data Analyst,Entry,0.0,Quantum Insight,Technology,"Berlin, Germany",No,Part-time,"Data Visualization, Excel, Python",201-1000,76000.0,133,2025-10-07
JOB05357,Computer Vision Engineer,Mid,3.0,Clearline Systems,Manufacturing,"Sydney, Australia",No,Full-time,"NLP, SQL, Power BI, AWS, Deep Learning",1001-5000,132000.0,20,2026-02-13
JOB05358,Data Analyst,Entry,0.0,Meridian Software,Education,"Berlin, Germany",No,Full-time,"Statistics, Excel, SQL",51-200,64000.0,150,2025-09-18
JOB05359,Analytics Engineer,Mid,3.0,Nexora AI,Gaming,"Toronto, Canada",Yes,Full-time,"Spark, Python, TensorFlow",1001-5000,92000.0,48,2026-04-01
JOB05360,Data Engineer I,Entry,0.0,Nexora AI,Manufacturing,"Berlin, Germany",No,Full-time,"SQL, Tableau, Python, Spark",201-1000,58000.0,18,2025-09-19
JOB05361,ML Engineer I,Entry,0.0,DataForge,Manufacturing,"Toronto, Canada",No,Part-time,"Tableau, Excel, Data Visualization",201-1000,52000.0,59,2025-08-24
JOB05362,NLP Engineer,Mid,3.0,Horizon Cloud,Automotive,Remote,Yes,Full-time,"Python, TensorFlow, Deep Learning, NLP, Spark, GCP",51-200,86000.0,162,2025-09-26
JOB05363,Machine Learning Engineer,Mid,3.0,Novacore AI,Education,"Dublin, Ireland",No,Full-time,"AWS, SQL, Machine Learning, TensorFlow",51-200,109500.0,47,2026-02-20
JOB05364,Staff AI Engineer,Senior,6.0,Novacore AI,Technology,"Toronto, Canada",Yes,Full-time,"NLP, GCP, MLOps, Machine Learning",1-50,186500.0,43,2025-12-14
JOB05365,ML Engineer I,Entry,0.0,Northstar Labs,Technology,"Austin, USA",No,Full-time,"Python, SQL, Data Visualization, Tableau",1001-5000,63000.0,19,2026-05-24
JOB05366,AI Research Assistant,Entry,0.0,Meridian Software,Healthcare,"New York, USA",No,Contract,"Data Visualization, Excel, Tableau",201-1000,79500.0,38,2025-10-15
JOB05367,NLP Engineer,Mid,3.0,Orbital Systems,Telecommunications,Remote,Yes,Full-time,"Spark, Power BI, TensorFlow",201-1000,132000.0,63,2026-07-04
JOB05368,Lead Data Engineer,Senior,6.0,Pulse Robotics,Telecommunications,"San Francisco, USA",Yes,Full-time,"AWS, Computer Vision, LLMs, MLOps",51-200,238000.0,20,2026-05-27
JOB05369,ML Engineer I,Entry,0.0,Northstar Labs,Technology,"Bengaluru, India",No,Full-time,"Python, Statistics, SQL",1001-5000,33000.0,86,2025-10-01
JOB05370,Data Engineer,Mid,3.0,Fusion Analytics,Healthcare,"London, UK",Yes,Full-time,"Python, PyTorch, NLP, TensorFlow",1-50,95500.0,30,2025-12-07
JOB05371,Junior Data Scientist,Entry,0.0,DataForge,Finance,"Sydney, Australia",No,Contract,"SQL, Tableau, Data Visualization, Python",51-200,72500.0,60,2025-12-09
JOB05372,BI Analyst,Entry,0.0,Nexora AI,Telecommunications,"Dublin, Ireland",No,Full-time,"Excel, SQL, Tableau, Data Visualization, A/B Testing",5000+,84500.0,18,2025-07-25
JOB05373,Machine Learning Engineer,Mid,3.0,Quantum Insight,E-commerce,"Austin, USA",Yes,Part-time,"AWS, Spark, Deep Learning, Power BI, Excel",1001-5000,126500.0,30,2026-03-10
JOB05374,Data Scientist,Mid,3.0,DataForge,Telecommunications,"Bengaluru, India",No,Contract,"Spark, TensorFlow, NLP",1001-5000,41500.0,53,2026-06-22
JOB05375,VP of Machine Learning,Manager,10.0,Corelytics,Finance,"San Francisco, USA",No,Full-time,"Statistics, AWS, MLOps, Generative AI, A/B Testing",5000+,362500.0,41,2026-01-23
JOB05376,Analytics Engineer,Mid,3.0,Pulse Robotics,Automotive,"San Francisco, USA",Yes,Contract,"NLP, SQL, PyTorch, Deep Learning, Airflow",51-200,123000.0,57,2025-11-25
JOB05377,Principal Data Scientist,Senior,6.0,DataForge,Manufacturing,"New York, USA",No,Full-time,"NLP, AWS, Machine Learning, Generative AI, Kubernetes",1001-5000,204500.0,38,2025-10-15
JOB05378,Senior Data Scientist,Senior,6.0,Ironpeak Tech,Technology,"Berlin, Germany",No,Full-time,"Computer Vision, LLMs, AWS, Machine Learning",51-200,170500.0,11,2025-09-25
JOB05379,NLP Engineer,Mid,3.0,DataForge,Technology,"Sydney, Australia",No,Full-time,"Python, AWS, PyTorch, Machine Learning, TensorFlow",201-1000,132000.0,78,2026-06-02
JOB05380,Principal Data Scientist,Senior,6.0,Pulse Robotics,Consulting,Singapore,Yes,Full-time,"Deep Learning, MLOps, NLP, Computer Vision",5000+,150000.0,58,2025-07-13
JOB05381,Data Analyst,Entry,0.0,Meridian Software,Healthcare,"Toronto, Canada",No,Full-time,"Excel, Statistics, SQL, Data Visualization, Python",201-1000,66000.0,15,2025-08-18
JOB05382,Senior Data Scientist,Senior,6.0,Corelytics,Healthcare,"San Francisco, USA",No,Full-time,"Generative AI, MLOps, Azure, LLMs, Kubernetes",5000+,194500.0,21,2025-09-19
JOB05383,Staff AI Engineer,Senior,6.0,Pulse Robotics,Healthcare,"London, UK",No,Part-time,"Deep Learning, Machine Learning, Azure, MLOps, LLMs",1-50,209000.0,45,2026-02-09
JOB05384,Senior ML Engineer,Senior,6.0,Orbital Systems,Education,"Dublin, Ireland",No,Full-time,"AWS, Machine Learning, MLOps, Deep Learning, Power BI",201-1000,173000.0,20,2026-02-11
JOB05385,Junior Data Scientist,Entry,0.0,Zenith Data Group,Healthcare,"London, UK",Yes,Full-time,"Excel, Python, Statistics, Data Visualization, Tableau",201-1000,76500.0,11,2025-12-04
JOB05386,Data Analyst,Entry,0.0,Clearline Systems,Manufacturing,"Toronto, Canada",No,Full-time,"Statistics, Excel, Data Visualization, Python, Tableau",201-1000,59000.0,50,2025-08-28
JOB05387,Data Engineer I,Entry,0.0,Quantum Insight,Finance,Singapore,Yes,Full-time,"Python, Excel, Tableau, Statistics",51-200,87000.0,5,2026-02-04
JOB05388,Data Engineer I,Entry,0.0,Orbital Systems,Telecommunications,"Toronto, Canada",No,Full-time,"Excel, Python, SQL, Tableau",201-1000,69500.0,63,2025-10-29
JOB05389,Machine Learning Engineer,Mid,3.0,Corelytics,Healthcare,Remote,Yes,Full-time,"Power BI, SQL, PyTorch, A/B Testing",51-200,108500.0,114,2026-02-23
JOB05391,AI Research Assistant,Entry,0.0,Fusion Analytics,Healthcare,"Dublin, Ireland",No,Full-time,"Excel, Statistics, Data Visualization, SQL, Tableau",1001-5000,71500.0,7,2025-11-14
JOB05392,Data Analyst,Entry,0.0,Ironpeak Tech,Telecommunications,"New York, USA",No,Contract,"Python, Statistics, Data Visualization, Excel",1001-5000,76500.0,78,2026-06-13
JOB05393,Data Engineer,Mid,3.0,Zenith Data Group,Consulting,"New York, USA",Yes,Full-time,"Deep Learning, NLP, Python, Spark, PyTorch",5000+,118000.0,190,2025-08-29
JOB05394,Analytics Engineer,Mid,3.0,Fusion Analytics,Technology,Singapore,Yes,Full-time,"Deep Learning, Python, Spark",201-1000,135000.0,26,2025-08-01
JOB05395,Principal Data Scientist,Senior,6.0,DataForge,Manufacturing,"New York, USA",No,Full-time,"NLP, Computer Vision, AWS, GCP",1001-5000,220500.0,34,2026-04-07
JOB05396,Staff AI Engineer,Senior,6.0,Bluewave Tech,E-commerce,"Dublin, Ireland",No,Full-time,"Computer Vision, Azure, Generative AI, Kubernetes, Deep Learning",5000+,138000.0,49,2026-07-13
JOB05397,Computer Vision Engineer,Mid,3.0,Horizon Cloud,Education,Singapore,No,Full-time,"SQL, AWS, NLP, Power BI",1-50,115000.0,69,2025-10-09
JOB05398,AI Research Scientist,Senior,6.0,Pulse Robotics,Technology,"Berlin, Germany",No,Full-time,"Kubernetes, Machine Learning, LLMs",201-1000,139500.0,78,2025-07-18
JOB05399,BI Analyst,Entry,0.0,Vertex Analytics,Gaming,Remote,Yes,Full-time,"Excel, Python, Statistics, Tableau, Azure",5000+,74500.0,32,2026-07-07
JOB05400,Machine Learning Engineer,Mid,3.0,Atlas Intelligence,Consulting,"London, UK",Yes,Full-time,"NLP, Spark, SQL",201-1000,135000.0,88,2025-11-21
JOB05401,Senior Data Scientist,Senior,6.0,Ironpeak Tech,Automotive,"London, UK",Yes,Full-time,"Kubernetes, Machine Learning, Azure",1-50,168000.0,96,2025-08-20
JOB05402,Senior Data Scientist,Senior,6.0,Quantum Insight,Consulting,Remote,Yes,Full-time,"Kubernetes, Generative AI, Deep Learning, NLP",1001-5000,150000.0,28,2025-07-16
JOB05403,BI Analyst,Entry,0.0,Quantum Insight,E-commerce,"Dublin, Ireland",No,Full-time,"Tableau, Data Visualization, Excel, SQL",201-1000,63000.0,55,2025-12-16
JOB05404,ML Engineer I,Entry,0.0,Quantum Insight,Education,"London, UK",No,Full-time,"Statistics, Excel, SQL, Tableau, Data Visualization",201-1000,93500.0,17,2026-05-20
JOB05405,Machine Learning Engineer,Mid,3.0,Ironpeak Tech,Automotive,"London, UK",Yes,Contract,"Python, NLP, Power BI, Statistics",201-1000,127500.0,78,2025-10-26
JOB05406,Data Engineer I,Entry,0.0,Bright Path AI,Technology,"Dublin, Ireland",No,Full-time,"SQL, Statistics, Python",51-200,78500.0,51,2025-11-29
JOB05407,BI Analyst,Entry,0.0,Ironpeak Tech,Gaming,"Dublin, Ireland",No,Contract,"Python, Tableau, Data Visualization, SQL",51-200,79500.0,52,2026-05-19
JOB05408,Data Engineer,Mid,3.0,Horizon Cloud,Manufacturing,"Austin, USA",Yes,Full-time,"Python, Spark, Machine Learning, AWS",51-200,96500.0,117,2026-02-09
JOB05409,Principal Data Scientist,Senior,6.0,Silverline AI,Finance,"Berlin, Germany",No,Full-time,"GCP, Azure, Generative AI, Deep Learning, NLP",201-1000,136500.0,81,2025-11-24
JOB05410,Machine Learning Engineer,Mid,3.0,Clearline Systems,E-commerce,"London, UK",No,Full-time,"Machine Learning, PyTorch, NLP, Spark",1001-5000,144000.0,11,2026-01-17
JOB05411,Data Scientist,Mid,3.0,Bluewave Tech,Finance,"Bengaluru, India",No,Full-time,"SQL, TensorFlow, Deep Learning",1-50,60000.0,44,2025-10-03
JOB05412,Data Scientist,Mid,3.0,Quantum Insight,Automotive,"New York, USA",No,Full-time,"NLP, Power BI, SQL",51-200,121500.0,13,2025-08-22
JOB05413,Junior Data Scientist,Entry,0.0,Novacore AI,Gaming,"Sydney, Australia",No,Full-time,"Statistics, Python, SQL",201-1000,79000.0,40,2025-07-18
JOB05414,Senior Data Scientist,Senior,6.0,Fusion Analytics,Automotive,"Bengaluru, India",No,Full-time,"Computer Vision, LLMs, Azure, Python",51-200,91000.0,94,2026-03-31
JOB05415,AI Engineer,Mid,3.0,Clearline Systems,E-commerce,"Dublin, Ireland",No,Full-time,"AWS, TensorFlow, Python, Deep Learning, Azure",201-1000,130500.0,15,2025-12-10
JOB05417,Data Scientist,Mid,3.0,Northstar Labs,Telecommunications,"Austin, USA",No,Contract,"PyTorch, Python, Deep Learning, Power BI, SQL",51-200,140000.0,51,2026-07-07
JOB05418,Machine Learning Engineer,Mid,3.0,Meridian Software,Manufacturing,"San Francisco, USA",No,Full-time,"SQL, AWS, Spark, Power BI, Deep Learning, MLOps",201-1000,150000.0,67,2026-01-14
JOB05419,Data Engineer I,Entry,0.0,Vertex Analytics,Technology,Remote,Yes,Full-time,"Tableau, Statistics, Python",1001-5000,77500.0,95,2026-07-08
JOB05420,Data Scientist,Mid,3.0,Corelytics,Manufacturing,"San Francisco, USA",Yes,Full-time,"Deep Learning, NLP, AWS, Power BI, Airflow",201-1000,162500.0,90,2026-04-06
JOB05421,Data Engineer,Mid,3.0,Orbital Systems,Telecommunications,"New York, USA",No,Full-time,"Spark, Deep Learning, Python, TensorFlow",5000+,137000.0,56,2026-02-20
JOB05422,Staff AI Engineer,Senior,6.0,Novacore AI,Finance,"San Francisco, USA",No,Full-time,"Deep Learning, NLP, Computer Vision",201-1000,246500.0,53,2025-12-02
JOB05423,Machine Learning Engineer,Mid,3.0,Horizon Cloud,Manufacturing,"Berlin, Germany",No,Full-time,"TensorFlow, SQL, Python",1001-5000,103000.0,50,2025-10-09
JOB05424,VP of Machine Learning,Manager,10.0,DataForge,Consulting,"Bengaluru, India",No,Full-time,"LLMs, GCP, AWS",201-1000,91000.0,38,2026-01-24
JOB05425,Data Engineer,Mid,3.0,Orbital Systems,Healthcare,"Austin, USA",No,Full-time,"Power BI, SQL, Spark, Machine Learning, PyTorch",1-50,122500.0,67,2026-05-21
JOB05426,Data Engineer I,Entry,0.0,Skyline Data Co,E-commerce,"New York, USA",No,Full-time,"Excel, Tableau, Python, Data Visualization",51-200,90500.0,28,2026-07-03
JOB05427,Data Engineer I,Entry,0.0,Ironpeak Tech,E-commerce,"Berlin, Germany",No,Full-time,"SQL, Python, Data Visualization, Tableau",1-50,76000.0,57,2026-04-27
JOB05428,Head of Analytics,Manager,10.0,Skyline Data Co,Education,"New York, USA",No,Contract,"AWS, LLMs, GCP, A/B Testing, Excel",1-50,267000.0,45,2026-02-25
JOB05429,Lead Data Engineer,Senior,6.0,Zenith Data Group,Telecommunications,"Toronto, Canada",No,Full-time,"Deep Learning, NLP, GCP, Computer Vision, Kubernetes",1-50,141000.0,68,2025-11-16
JOB05430,Machine Learning Engineer,Mid,3.0,Pulse Robotics,Consulting,"Toronto, Canada",No,Full-time,"NLP, Python, Power BI, Spark, AWS",51-200,95000.0,15,2025-07-15
JOB05431,Head of AI,Manager,10.0,Clearline Systems,Consulting,"Sydney, Australia",No,Full-time,"GCP, LLMs, AWS, Statistics, Generative AI, SQL",5000+,277500.0,159,2026-01-26
JOB05432,Lead Data Engineer,Senior,6.0,Skyline Data Co,Technology,"Berlin, Germany",Yes,Full-time,"NLP, MLOps, LLMs",51-200,150000.0,49,2026-06-27
JOB05433,Data Engineer I,Entry,0.0,Meridian Software,Finance,"New York, USA",No,Full-time,"Data Visualization, Python, Tableau, Spark",1001-5000,66000.0,63,2026-05-15
JOB05434,Head of AI,Manager,10.0,Skyline Data Co,Education,"Berlin, Germany",No,Full-time,"AWS, GCP, Statistics",51-200,190000.0,6,2025-11-07
JOB05435,AI Research Scientist,Senior,6.0,Quantum Insight,Education,"Sydney, Australia",Yes,Full-time,"Computer Vision, AWS, Deep Learning, MLOps, Kubernetes",51-200,204000.0,56,2025-07-23
JOB05436,ML Engineer I,Entry,0.0,Meridian Software,Automotive,"Bengaluru, India",Yes,Full-time,"Data Visualization, Tableau, Python",1001-5000,33500.0,43,2025-07-27
JOB05438,Analytics Engineer,Mid,3.0,Northstar Labs,Automotive,"Dublin, Ireland",No,Full-time,"Power BI, Python, Deep Learning, TensorFlow, GCP",5000+,97000.0,63,2026-03-19
JOB05439,Computer Vision Engineer,Mid,3.0,Ironpeak Tech,Consulting,"Sydney, Australia",Yes,Full-time,"Power BI, SQL, AWS",201-1000,92500.0,40,2026-03-04
JOB05440,Principal Data Scientist,Senior,6.0,Bright Path AI,Consulting,"Sydney, Australia",Yes,Full-time,"NLP, MLOps, Computer Vision, GCP",1001-5000,153000.0,50,2025-10-10
JOB05441,AI Research Scientist,Senior,6.0,Vertex Analytics,Automotive,"New York, USA",No,Full-time,"Computer Vision, Generative AI, Machine Learning, AWS",51-200,235500.0,31,2025-11-08
JOB05442,Director of Data Science,Manager,10.0,Zenith Data Group,Automotive,"Toronto, Canada",No,Full-time,"GCP, Statistics, LLMs",1-50,256000.0,11,2026-04-25
JOB05443,BI Analyst,Entry,0.0,Vertex Analytics,Telecommunications,"Bengaluru, India",No,Full-time,"Python, Tableau, SQL",1-50,35500.0,37,2025-08-27
JOB05445,ML Engineer I,Entry,0.0,Pulse Robotics,Education,"San Francisco, USA",No,Full-time,"Excel, Statistics, Python, Tableau",1001-5000,111500.0,19,2025-08-20
JOB05446,Data Scientist,Mid,3.0,Silverline AI,Finance,"Bengaluru, India",No,Full-time,"AWS, Python, Spark, Power BI, NLP",201-1000,42000.0,54,2026-02-01
JOB05447,Senior Data Scientist,Senior,6.0,Novacore AI,Technology,"Toronto, Canada",No,Full-time,"Generative AI, Computer Vision, MLOps, LLMs",1-50,174000.0,119,2025-11-13
JOB05448,AI Engineer,Mid,3.0,Clearline Systems,Education,"Dublin, Ireland",No,Contract,"Machine Learning, PyTorch, TensorFlow, Python, AWS",201-1000,85500.0,68,2026-06-24
JOB05450,Head of Analytics,Manager,10.0,Nexora AI,Gaming,"San Francisco, USA",Yes,Full-time,"AWS, LLMs, Generative AI, GCP",51-200,334000.0,44,2025-12-23
JOB05451,Head of Analytics,Manager,10.0,Meridian Software,Education,"Berlin, Germany",No,Full-time,"Statistics, GCP, A/B Testing, MLOps",1001-5000,168500.0,65,2025-12-02
JOB05452,Data Analyst,Entry,0.0,Clearline Systems,Technology,"New York, USA",No,Full-time,"Python, Excel, Tableau",51-200,90000.0,17,2026-05-26
JOB05453,BI Analyst,Entry,0.0,Pulse Robotics,Healthcare,"Dublin, Ireland",Yes,Full-time,"SQL, Python, Tableau, Excel",51-200,62000.0,29,2026-04-15
JOB05454,Data Engineer,Mid,3.0,Skyline Data Co,Finance,"Sydney, Australia",Yes,Full-time,"Spark, AWS, Power BI, Python, PyTorch",51-200,103000.0,20,2025-12-29
JOB05455,NLP Engineer,Mid,3.0,Pulse Robotics,Telecommunications,"New York, USA",Yes,Full-time,"Python, AWS, PyTorch, TensorFlow, Power BI",201-1000,118500.0,48,2026-03-03
JOB05456,Data Analyst,Entry,0.0,Novacore AI,Manufacturing,"Austin, USA",No,Full-time,"SQL, Excel, Statistics, Tableau",5000+,69000.0,2,2025-10-06
JOB05457,Data Engineer I,Entry,0.0,DataForge,Automotive,"London, UK",Yes,Full-time,"SQL, Statistics, Python, Excel",1-50,71000.0,41,2025-10-25
JOB05458,BI Analyst,Entry,0.0,Northstar Labs,Finance,"New York, USA",Yes,Full-time,"Statistics, Excel, Tableau, Python, SQL",1-50,78500.0,13,2026-02-01
JOB05459,BI Analyst,Entry,0.0,Nexora AI,Gaming,"New York, USA",Yes,Full-time,"SQL, Python, Data Visualization",201-1000,97500.0,7,2025-10-26
JOB05460,NLP Engineer,Mid,3.0,Vertex Analytics,Consulting,"Toronto, Canada",Yes,Full-time,"TensorFlow, Machine Learning, AWS, PyTorch",201-1000,123000.0,68,2026-07-01
JOB05461,AI Research Scientist,Senior,6.0,Vertex Analytics,E-commerce,"Dublin, Ireland",No,Part-time,"AWS, Machine Learning, Generative AI, MLOps, LLMs, R",51-200,172000.0,10,2025-11-12
JOB05462,AI Engineer,Mid,3.0,Horizon Cloud,E-commerce,Remote,Yes,Full-time,"Spark, Machine Learning, Power BI, SQL, AWS, TensorFlow",1-50,117500.0,5,2026-02-21
JOB05463,Data Analyst,Entry,0.0,Bluewave Tech,Manufacturing,"Toronto, Canada",No,Full-time,"Data Visualization, Excel, Statistics, Python, SQL",5000+,63000.0,40,2025-12-14
JOB05466,ML Engineer I,Entry,0.0,Meridian Software,Education,"Dublin, Ireland",No,Full-time,"Tableau, Excel, SQL, Statistics, Python, Docker",5000+,61500.0,65,2026-01-21
JOB05467,AI Research Assistant,Entry,0.0,Meridian Software,Automotive,"San Francisco, USA",No,Full-time,"SQL, Statistics, Excel, Tableau, Data Visualization",51-200,77500.0,25,2025-08-05
JOB05468,NLP Engineer,Mid,3.0,Vertex Analytics,Education,"Dublin, Ireland",No,Full-time,"Power BI, Python, Spark, Machine Learning",201-1000,129000.0,36,2025-07-19
JOB05469,Analytics Engineer,Mid,3.0,Corelytics,Gaming,"New York, USA",Yes,Full-time,"TensorFlow, Deep Learning, Spark, SQL, A/B Testing",5000+,150500.0,44,2025-11-27
JOB05470,Computer Vision Engineer,Mid,3.0,Fusion Analytics,Consulting,"Bengaluru, India",No,Full-time,"Deep Learning, TensorFlow, Power BI",201-1000,62000.0,93,2026-05-26
JOB05471,Machine Learning Engineer,Mid,3.0,Skyline Data Co,Education,"San Francisco, USA",No,Full-time,"NLP, Power BI, SQL, Machine Learning, Spark",51-200,143500.0,25,2026-06-07
JOB05472,Principal Data Scientist,Senior,6.0,Nexora AI,Telecommunications,"Austin, USA",No,Full-time,"Generative AI, NLP, Deep Learning, Machine Learning, MLOps",51-200,171500.0,42,2025-07-06
JOB05473,Data Engineer I,Entry,0.0,Skyline Data Co,Manufacturing,"Toronto, Canada",Yes,Full-time,"Tableau, Excel, Data Visualization, Statistics, SQL",1001-5000,56500.0,40,2025-11-24
JOB05474,Machine Learning Engineer,Mid,3.0,Pulse Robotics,Consulting,"New York, USA",Yes,Full-time,"Spark, SQL, Deep Learning, Python",201-1000,133000.0,18,2026-06-28
JOB05476,AI Engineer,Mid,3.0,DataForge,Automotive,"London, UK",Yes,Full-time,"Power BI, NLP, Python, Spark, AWS",1-50,96500.0,81,2025-10-10
JOB05477,Machine Learning Engineer,Mid,3.0,Pulse Robotics,Education,Remote,Yes,Full-time,"SQL, Power BI, NLP, PyTorch, Generative AI",51-200,115000.0,59,2025-07-18
JOB05478,NLP Engineer,Mid,3.0,Clearline Systems,Gaming,Singapore,No,Full-time,"Spark, TensorFlow, SQL, PyTorch, Machine Learning",51-200,127500.0,21,2025-11-02
JOB05479,Data Scientist,Mid,3.0,Silverline AI,Manufacturing,"London, UK",No,Full-time,"TensorFlow, NLP, Power BI, PyTorch, Deep Learning",51-200,106000.0,7,2025-12-23
JOB05480,Lead Data Engineer,Senior,6.0,Corelytics,Technology,Singapore,Yes,Full-time,"AWS, Azure, Generative AI",5000+,148000.0,5,2026-01-11
JOB05481,Machine Learning Engineer,Mid,3.0,Ironpeak Tech,Automotive,"Bengaluru, India",No,Full-time,"PyTorch, TensorFlow, NLP",1-50,49500.0,10,2025-12-23
JOB05482,Principal Data Scientist,Senior,6.0,Fusion Analytics,Healthcare,"Berlin, Germany",Yes,Full-time,"Computer Vision, GCP, Generative AI, Kubernetes",1001-5000,154500.0,7,2026-06-29
JOB05483,Junior Data Scientist,Entry,0.0,Clearline Systems,E-commerce,"Berlin, Germany",No,Full-time,"Statistics, Data Visualization, Excel, Tableau",201-1000,73500.0,35,2025-08-17
JOB05484,NLP Engineer,Mid,3.0,Orbital Systems,Automotive,"Berlin, Germany",Yes,Full-time,"Deep Learning, AWS, PyTorch, Power BI, Spark",1001-5000,101000.0,29,2025-12-01
JOB05485,Principal Data Scientist,Senior,6.0,Bright Path AI,Manufacturing,"Sydney, Australia",No,Full-time,"Generative AI, Computer Vision, Deep Learning, GCP, Azure",5000+,170000.0,37,2025-07-26
JOB05486,AI Engineer,Mid,3.0,Horizon Cloud,Consulting,"London, UK",No,Full-time,"Python, Power BI, TensorFlow, Spark, PyTorch",201-1000,145500.0,35,2026-06-23
JOB05487,AI Research Assistant,Entry,0.0,Bluewave Tech,Healthcare,"London, UK",No,Full-time,"SQL, Excel, Data Visualization",51-200,64000.0,62,2025-07-18
JOB05488,AI Research Assistant,Entry,0.0,Clearline Systems,Healthcare,"Austin, USA",No,Full-time,"Python, Data Visualization, SQL, NLP",51-200,58500.0,26,2026-04-29
JOB05489,Analytics Engineer,Mid,3.0,Nexora AI,Gaming,"Austin, USA",No,Full-time,"Deep Learning, SQL, Spark",1001-5000,146500.0,64,2026-03-08
JOB05490,Data Analyst,Entry,0.0,Bright Path AI,Technology,"London, UK",No,Full-time,"SQL, Python, Excel, Tableau, Airflow",1001-5000,90000.0,160,2026-07-10
JOB05491,Data Analyst,Entry,0.0,Horizon Cloud,Finance,"Dublin, Ireland",No,Full-time,"Statistics, Tableau, Excel",201-1000,62500.0,36,2025-09-11
JOB05492,NLP Engineer,Mid,3.0,Zenith Data Group,Consulting,"Austin, USA",No,Full-time,"AWS, SQL, Python, MLOps",201-1000,117500.0,8,2026-04-26
JOB05493,AI Engineer,Mid,3.0,Clearline Systems,Telecommunications,"New York, USA",Yes,Full-time,"Python, Machine Learning, NLP, Data Visualization",1001-5000,119000.0,52,2026-06-22
JOB05494,ML Engineer I,Entry,0.0,Corelytics,Technology,"Toronto, Canada",No,Full-time,"Data Visualization, Statistics, Python, Excel, SQL, LLMs",201-1000,56000.0,87,2025-10-19
JOB05495,BI Analyst,Entry,0.0,Fusion Analytics,Education,"New York, USA",No,Full-time,"Statistics, Tableau, Python, GCP",5000+,97000.0,28,2026-03-01
JOB05496,Computer Vision Engineer,Mid,3.0,Orbital Systems,Manufacturing,"London, UK",No,Part-time,"AWS, Machine Learning, Spark, SQL, NLP",1-50,146000.0,29,2025-07-17
JOB05498,VP of Machine Learning,Manager,10.0,Clearline Systems,Healthcare,Singapore,No,Full-time,"Generative AI, GCP, MLOps, A/B Testing",51-200,209000.0,5,2026-03-31
JOB05499,Computer Vision Engineer,Mid,3.0,Atlas Intelligence,Technology,"London, UK",Yes,Full-time,"Spark, NLP, Machine Learning, Power BI",1-50,124000.0,23,2026-05-24
JOB05500,BI Analyst,Entry,0.0,Clearline Systems,Gaming,Remote,Yes,Full-time,"Excel, Python, Statistics, Data Visualization, SQL",201-1000,60000.0,52,2025-08-25
JOB05502,Computer Vision Engineer,Mid,3.0,Horizon Cloud,E-commerce,"San Francisco, USA",No,Full-time,"Spark, Power BI, SQL, AWS, TensorFlow, Python",201-1000,117000.0,22,2026-05-11
JOB05503,Analytics Engineer,Mid,3.0,Quantum Insight,Telecommunications,"London, UK",No,Full-time,"Spark, TensorFlow, SQL, R",1001-5000,132500.0,89,2025-08-11
JOB05504,BI Analyst,Entry,0.0,Bright Path AI,Technology,"San Francisco, USA",No,Part-time,"Data Visualization, Tableau, SQL, Excel",1001-5000,117000.0,74,2026-01-07
JOB05505,ML Engineer I,Entry,0.0,Northstar Labs,Education,Singapore,No,Full-time,"SQL, Statistics, Python, Excel, Tableau, Machine Learning",5000+,87500.0,40,2025-09-15
JOB05506,BI Analyst,Entry,0.0,Nexora AI,Gaming,"Dublin, Ireland",No,Full-time,"Statistics, Data Visualization, Python, Excel, SQL",201-1000,58000.0,46,2025-12-08
JOB05507,Data Scientist,Mid,3.0,Clearline Systems,Gaming,"Berlin, Germany",No,Full-time,"Python, SQL, PyTorch, Airflow",5000+,77500.0,146,2026-06-22
JOB05508,Staff AI Engineer,Senior,6.0,Pulse Robotics,Finance,"San Francisco, USA",No,Contract,"AWS, LLMs, Azure, NLP, Computer Vision, TensorFlow",201-1000,198500.0,54,2026-01-20
JOB05509,Data Scientist,Mid,3.0,Novacore AI,Gaming,"Toronto, Canada",No,Full-time,"PyTorch, Deep Learning, Spark, AWS, SQL, Data Visualization",5000+,121500.0,31,2026-01-29
JOB05510,Machine Learning Engineer,Mid,3.0,Horizon Cloud,Finance,"Bengaluru, India",No,Contract,"NLP, Power BI, Spark, Python, Data Visualization",1001-5000,41500.0,78,2026-05-11
JOB05511,Senior ML Engineer,Senior,6.0,Nexora AI,Technology,"Dublin, Ireland",No,Part-time,"MLOps, Deep Learning, AWS",5000+,179500.0,45,2026-02-18
JOB05512,Data Engineer,Mid,3.0,Skyline Data Co,Automotive,"San Francisco, USA",No,Full-time,"Python, AWS, Spark, PyTorch, Power BI",1001-5000,177000.0,19,2026-02-04
JOB05513,Data Engineer I,Entry,0.0,Ironpeak Tech,E-commerce,"Berlin, Germany",No,Full-time,"Statistics, Tableau, Data Visualization, Power BI",1001-5000,52000.0,56,2026-06-02
JOB05514,Data Engineer I,Entry,0.0,Bluewave Tech,E-commerce,"Sydney, Australia",Yes,Full-time,"Python, Tableau, SQL, Data Visualization",5000+,78500.0,37,2025-09-12
JOB05515,BI Analyst,Entry,0.0,Ironpeak Tech,Finance,"Bengaluru, India",No,Full-time,"Tableau, SQL, Excel",1-50,26500.0,29,2025-11-25
JOB05516,Data Engineer I,Entry,0.0,Atlas Intelligence,Finance,"New York, USA",No,Full-time,"Data Visualization, Tableau, Excel, Python, SQL",1001-5000,99000.0,174,2025-07-10
JOB05517,NLP Engineer,Mid,3.0,Corelytics,E-commerce,Remote,Yes,Full-time,"SQL, Python, Power BI, AWS, Spark",51-200,129000.0,54,2026-01-07
JOB05518,Data Science Manager,Manager,10.0,Meridian Software,Manufacturing,"Bengaluru, India",No,Full-time,"Statistics, A/B Testing, GCP",5000+,92500.0,67,2026-04-16
JOB05519,Computer Vision Engineer,Mid,3.0,Northstar Labs,Consulting,"Austin, USA",No,Full-time,"NLP, SQL, Python",201-1000,95000.0,24,2025-12-20
JOB05520,Data Engineer I,Entry,0.0,Atlas Intelligence,Finance,"Dublin, Ireland",Yes,Full-time,"Python, Data Visualization, Excel, SQL, Statistics",201-1000,64500.0,75,2025-10-24
JOB05521,Analytics Engineer,Mid,3.0,Horizon Cloud,Technology,"Bengaluru, India",No,Full-time,"NLP, Machine Learning, Power BI",5000+,60000.0,53,2026-04-30
JOB05522,NLP Engineer,Mid,3.0,Skyline Data Co,Manufacturing,"Berlin, Germany",No,Full-time,"SQL, Python, Deep Learning, NLP",51-200,113000.0,133,2026-01-03
JOB05523,Director of Data Science,Manager,10.0,Nexora AI,Gaming,"Toronto, Canada",No,Full-time,"GCP, A/B Testing, LLMs",1001-5000,247000.0,64,2025-12-10
JOB05524,Junior Data Scientist,Entry,0.0,Bright Path AI,Telecommunications,"London, UK",Yes,Full-time,"SQL, Excel, Tableau, Python",1001-5000,76000.0,95,2026-02-27
JOB05525,Staff AI Engineer,Senior,6.0,Vertex Analytics,Education,"Berlin, Germany",Yes,Full-time,"MLOps, Generative AI, Computer Vision, Kubernetes, GCP",51-200,137500.0,79,2025-09-20
JOB05526,ML Engineer I,Entry,0.0,Skyline Data Co,Healthcare,"Toronto, Canada",Yes,Full-time,"SQL, Tableau, Data Visualization",5000+,63500.0,89,2025-10-09
JOB05527,AI Engineer,Mid,3.0,Corelytics,Finance,"Berlin, Germany",No,Full-time,"TensorFlow, SQL, NLP, Spark, Machine Learning, Statistics",51-200,82000.0,19,2025-12-27
JOB05528,BI Analyst,Entry,0.0,Novacore AI,Healthcare,Remote,Yes,Full-time,"Data Visualization, Excel, Statistics, SQL, Tableau, Generative AI",1001-5000,66500.0,21,2026-06-03
JOB05529,Data Scientist,Mid,3.0,Orbital Systems,Technology,"New York, USA",No,Full-time,"AWS, Python, Machine Learning",201-1000,125500.0,22,2026-06-10
JOB05531,Senior Data Scientist,Senior,6.0,Meridian Software,Telecommunications,Remote,Yes,Full-time,"Computer Vision, GCP, Azure, Generative AI, MLOps, Docker",201-1000,168500.0,16,2026-02-28
JOB05532,AI Research Assistant,Entry,0.0,Northstar Labs,Manufacturing,"Bengaluru, India",No,Full-time,"Statistics, Python, SQL",51-200,25000.0,24,2026-02-14
JOB05533,AI Research Scientist,Senior,6.0,Ironpeak Tech,Telecommunications,"Berlin, Germany",No,Full-time,"Kubernetes, MLOps, AWS",51-200,130500.0,8,2025-12-05
JOB05534,Machine Learning Engineer,Mid,3.0,Atlas Intelligence,Telecommunications,"Sydney, Australia",No,Contract,"AWS, NLP, TensorFlow, Power BI, Python",51-200,94500.0,44,2026-06-10
JOB05535,BI Analyst,Entry,0.0,Horizon Cloud,Education,"Bengaluru, India",No,Full-time,"Tableau, Data Visualization, Python, Excel, SQL",5000+,25000.0,85,2026-01-26
JOB05536,Data Engineer I,Entry,0.0,Ironpeak Tech,Technology,"Bengaluru, India",No,Full-time,"Data Visualization, Python, Tableau, Excel",1001-5000,36500.0,28,2026-02-26
JOB05537,Data Science Manager,Manager,10.0,Ironpeak Tech,Telecommunications,"Sydney, Australia",Yes,Full-time,"Statistics, A/B Testing, GCP, LLMs, MLOps",201-1000,286000.0,16,2025-08-27
JOB05538,Analytics Engineer,Mid,3.0,Northstar Labs,Finance,"Berlin, Germany",Yes,Full-time,"Spark, Python, Power BI, Deep Learning, Machine Learning",51-200,102000.0,23,2026-05-24
JOB05540,Junior Data Scientist,Entry,0.0,Bright Path AI,Finance,"Toronto, Canada",No,Contract,"Python, Excel, Tableau, A/B Testing",5000+,60000.0,137,2026-06-07
JOB05541,Data Engineer I,Entry,0.0,Silverline AI,Gaming,"Dublin, Ireland",No,Full-time,"Tableau, Python, Data Visualization, Statistics, SQL",1001-5000,82000.0,95,2025-11-24
JOB05542,Data Analyst,Entry,0.0,Clearline Systems,Telecommunications,"Sydney, Australia",No,Full-time,"SQL, Excel, Data Visualization",201-1000,76000.0,10,2026-05-17
JOB05543,AI Research Scientist,Senior,6.0,Fusion Analytics,Education,"New York, USA",No,Full-time,"LLMs, AWS, Machine Learning, Generative AI",201-1000,186500.0,55,2026-02-13
JOB05544,Computer Vision Engineer,Mid,3.0,Ironpeak Tech,Telecommunications,"San Francisco, USA",Yes,Full-time,"Spark, Deep Learning, Python",201-1000,151000.0,30,2025-11-04
JOB05545,ML Engineer I,Entry,0.0,Fusion Analytics,Gaming,"New York, USA",No,Full-time,"Data Visualization, Statistics, SQL",201-1000,97000.0,113,2025-07-27
JOB05546,Staff AI Engineer,Senior,6.0,Silverline AI,Telecommunications,Singapore,No,Full-time,"Deep Learning, Computer Vision, NLP, Generative AI, LLMs, PyTorch",201-1000,166000.0,17,2026-01-16
JOB05547,Data Scientist,Mid,3.0,Pulse Robotics,Finance,Singapore,No,Full-time,"PyTorch, Power BI, TensorFlow, Machine Learning, SQL",51-200,115000.0,26,2025-09-21
JOB05548,Computer Vision Engineer,Mid,3.0,Bright Path AI,Technology,"San Francisco, USA",Yes,Contract,"Deep Learning, PyTorch, Power BI, TensorFlow, Machine Learning",51-200,176000.0,13,2026-04-20
JOB05551,Senior ML Engineer,Senior,6.0,Skyline Data Co,Education,Remote,Yes,Contract,"AWS, MLOps, Deep Learning, PyTorch",201-1000,151500.0,40,2025-10-20
JOB05552,Data Engineer,Mid,3.0,DataForge,Healthcare,"London, UK",Yes,Full-time,"Python, Machine Learning, Spark, AWS",51-200,132000.0,25,2026-05-11
JOB05553,AI Engineer,Mid,3.0,Silverline AI,Automotive,"London, UK",Yes,Contract,"Power BI, SQL, Machine Learning, PyTorch, NLP",1001-5000,102000.0,51,2026-02-12
JOB05554,AI Engineer,Mid,3.0,Bright Path AI,Telecommunications,"Dublin, Ireland",No,Full-time,"AWS, Power BI, PyTorch, NLP, Machine Learning",5000+,93000.0,20,2025-08-31
JOB05555,ML Engineer I,Entry,0.0,Zenith Data Group,Telecommunications,"Austin, USA",No,Full-time,"Statistics, Excel, Python, Data Visualization",51-200,64500.0,36,2025-11-28
JOB05556,BI Analyst,Entry,0.0,Nexora AI,Automotive,"New York, USA",No,Full-time,"SQL, Tableau, Statistics",201-1000,86000.0,66,2025-07-01
JOB05557,Principal Data Scientist,Senior,6.0,Novacore AI,Telecommunications,"Dublin, Ireland",Yes,Contract,"MLOps, Computer Vision, Generative AI, Machine Learning, GCP",51-200,165500.0,16,2025-11-06
JOB05558,Data Engineer I,Entry,0.0,Corelytics,Healthcare,"Toronto, Canada",Yes,Contract,"Statistics, Excel, Python, Tableau, SQL",5000+,80000.0,66,2025-08-17
JOB05559,NLP Engineer,Mid,3.0,Northstar Labs,Manufacturing,"London, UK",No,Contract,"Python, NLP, Spark, PyTorch, Deep Learning",51-200,126000.0,36,2026-06-17
JOB05560,Computer Vision Engineer,Mid,3.0,Ironpeak Tech,Consulting,"Austin, USA",Yes,Full-time,"PyTorch, TensorFlow, AWS",201-1000,114000.0,75,2026-02-09
JOB05561,Computer Vision Engineer,Mid,3.0,Bluewave Tech,Healthcare,"Austin, USA",Yes,Full-time,"Python, AWS, Spark, Power BI, TensorFlow",201-1000,122000.0,84,2025-08-28
JOB05562,BI Analyst,Entry,0.0,Vertex Analytics,Gaming,"Dublin, Ireland",Yes,Full-time,"Statistics, Excel, Data Visualization, Python, Tableau",1001-5000,84500.0,67,2026-05-05
JOB05563,Senior ML Engineer,Senior,6.0,Northstar Labs,Manufacturing,"London, UK",No,Full-time,"Computer Vision, Generative AI, Kubernetes",201-1000,212500.0,48,2026-07-05
JOB05564,Data Engineer I,Entry,0.0,Meridian Software,Technology,"San Francisco, USA",No,Full-time,"Excel, Statistics, Data Visualization, Tableau",51-200,94500.0,43,2025-11-16
JOB05565,Data Scientist,Mid,3.0,Skyline Data Co,Manufacturing,"Dublin, Ireland",No,Part-time,"Spark, Power BI, Python",5000+,122000.0,8,2026-03-11
JOB05566,BI Analyst,Entry,0.0,Bright Path AI,Gaming,"London, UK",No,Full-time,"Excel, Statistics, SQL, Data Visualization",1-50,79500.0,50,2026-05-03
JOB05567,AI Research Assistant,Entry,0.0,Zenith Data Group,Gaming,Remote,Yes,Full-time,"SQL, Statistics, Excel, Tableau, Data Visualization",51-200,53000.0,154,2025-07-30
JOB05568,NLP Engineer,Mid,3.0,Bluewave Tech,Healthcare,"Berlin, Germany",No,Full-time,"PyTorch, Python, Machine Learning, Statistics",5000+,118000.0,19,2026-01-30
JOB05569,Senior Data Scientist,Senior,6.0,Clearline Systems,Technology,"Austin, USA",Yes,Full-time,"Azure, NLP, AWS, LLMs",51-200,180500.0,42,2026-04-06
JOB05570,AI Research Assistant,Entry,0.0,Vertex Analytics,Finance,"Sydney, Australia",Yes,Full-time,"SQL, Tableau, Statistics",1001-5000,73500.0,41,2025-08-07
JOB05571,VP of Machine Learning,Manager,10.0,DataForge,Finance,Singapore,No,Full-time,"GCP, AWS, LLMs, A/B Testing, Data Visualization",1-50,220000.0,20,2026-06-27
JOB05572,AI Research Scientist,Senior,6.0,Horizon Cloud,Consulting,Singapore,Yes,Contract,"Generative AI, Azure, NLP, LLMs, AWS",5000+,177500.0,18,2026-04-14
JOB05573,Data Engineer I,Entry,0.0,Corelytics,Healthcare,"New York, USA",Yes,Full-time,"Tableau, SQL, Excel",1-50,76000.0,57,2026-06-04
JOB05574,Senior Data Scientist,Senior,6.0,Northstar Labs,Healthcare,Singapore,No,Full-time,"Deep Learning, LLMs, Kubernetes, AWS",51-200,156500.0,40,2026-01-09
JOB05575,BI Analyst,Entry,0.0,Vertex Analytics,Consulting,"San Francisco, USA",No,Full-time,"Data Visualization, SQL, Tableau, Python",1-50,87000.0,73,2026-02-02
JOB05576,Principal Data Scientist,Senior,6.0,Vertex Analytics,Healthcare,"San Francisco, USA",Yes,Part-time,"Computer Vision, LLMs, Machine Learning, NLP",51-200,219500.0,27,2026-03-09
JOB05577,NLP Engineer,Mid,3.0,Fusion Analytics,Education,"San Francisco, USA",Yes,Contract,"Power BI, Machine Learning, TensorFlow, Python, SQL",51-200,134500.0,49,2025-09-11
JOB05578,Data Scientist,Mid,3.0,Silverline AI,Education,Remote,Yes,Full-time,"TensorFlow, Python, SQL, Spark, AWS",1001-5000,114500.0,37,2026-03-26
JOB05579,AI Research Scientist,Senior,6.0,Silverline AI,Gaming,Remote,Yes,Contract,"Machine Learning, NLP, Generative AI, LLMs, SQL",51-200,189500.0,49,2025-11-23
JOB05580,Data Scientist,Mid,3.0,Skyline Data Co,Telecommunications,"Bengaluru, India",No,Full-time,"PyTorch, SQL, TensorFlow, Airflow",201-1000,59500.0,45,2026-01-06
JOB05581,Computer Vision Engineer,Mid,3.0,Bluewave Tech,Education,"Dublin, Ireland",No,Full-time,"Spark, Machine Learning, SQL",51-200,99500.0,14,2026-03-09
JOB05582,Lead Data Engineer,Senior,6.0,Clearline Systems,Finance,"Bengaluru, India",No,Full-time,"LLMs, Deep Learning, GCP",51-200,81000.0,66,2025-10-30
JOB05583,BI Analyst,Entry,0.0,Meridian Software,Manufacturing,"Dublin, Ireland",No,Full-time,"Excel, Data Visualization, SQL, Python",51-200,72500.0,73,2025-10-13
JOB05584,AI Research Scientist,Senior,6.0,Horizon Cloud,Telecommunications,Singapore,No,Full-time,"Computer Vision, Deep Learning, NLP",201-1000,155000.0,5,2026-02-03
JOB05585,Computer Vision Engineer,Mid,3.0,Nexora AI,Finance,Singapore,Yes,Full-time,"Spark, Deep Learning, Machine Learning, SQL, Python",51-200,91500.0,50,2026-04-03
JOB05586,Junior Data Scientist,Entry,0.0,Vertex Analytics,Gaming,"San Francisco, USA",No,Full-time,"Excel, Data Visualization, SQL, Statistics, Python, AWS",1-50,111500.0,76,2026-03-31
JOB05587,NLP Engineer,Mid,3.0,Northstar Labs,Healthcare,"Berlin, Germany",No,Full-time,"Python, Power BI, AWS",5000+,102500.0,9,2026-04-17
JOB05588,AI Engineer,Mid,3.0,Northstar Labs,Healthcare,"Bengaluru, India",No,Full-time,"Deep Learning, Python, Machine Learning, PyTorch, Power BI",201-1000,55000.0,38,2026-06-19
JOB05589,Data Scientist,Mid,3.0,Quantum Insight,Automotive,Singapore,No,Full-time,"Power BI, Machine Learning, Spark, TensorFlow",1001-5000,130500.0,37,2026-01-10
JOB05590,Data Analyst,Entry,0.0,Orbital Systems,Healthcare,"Berlin, Germany",Yes,Full-time,"Tableau, Excel, Statistics, Python",1-50,67000.0,100,2025-11-22
JOB05591,Lead Data Engineer,Senior,6.0,Northstar Labs,Consulting,"Berlin, Germany",No,Full-time,"Kubernetes, Computer Vision, NLP, Azure, LLMs",51-200,175000.0,30,2026-04-11
JOB05592,Data Scientist,Mid,3.0,Atlas Intelligence,Education,"Dublin, Ireland",No,Part-time,"Machine Learning, Spark, NLP, TensorFlow",1-50,120000.0,41,2026-05-15
JOB05593,Computer Vision Engineer,Mid,3.0,Northstar Labs,Automotive,"Dublin, Ireland",Yes,Full-time,"TensorFlow, PyTorch, Power BI, Machine Learning, Statistics",201-1000,97500.0,41,2025-12-01
JOB05594,Senior ML Engineer,Senior,6.0,Vertex Analytics,Healthcare,Singapore,No,Full-time,"AWS, Generative AI, Computer Vision, Deep Learning, Tableau",5000+,161000.0,39,2026-04-12
JOB05595,ML Engineer I,Entry,0.0,Bluewave Tech,Automotive,Remote,Yes,Full-time,"Excel, Tableau, Data Visualization",1001-5000,71500.0,9,2025-09-23
JOB05596,NLP Engineer,Mid,3.0,Zenith Data Group,Gaming,"Dublin, Ireland",Yes,Full-time,"PyTorch, AWS, TensorFlow, Power BI",201-1000,128000.0,37,2025-10-31
JOB05597,Data Analyst,Entry,0.0,Zenith Data Group,Healthcare,"London, UK",No,Full-time,"SQL, Data Visualization, Tableau, GCP",5000+,82000.0,25,2026-06-19
JOB05598,Lead Data Engineer,Senior,6.0,Quantum Insight,Telecommunications,"New York, USA",No,Full-time,"AWS, Deep Learning, Generative AI",201-1000,173000.0,99,2025-10-14
JOB05600,AI Engineer,Mid,3.0,Nexora AI,E-commerce,"Sydney, Australia",No,Full-time,"NLP, Power BI, Deep Learning, SQL",51-200,105000.0,117,2025-10-16
JOB05601,Principal Data Scientist,Senior,6.0,Zenith Data Group,Automotive,Remote,Yes,Full-time,"AWS, GCP, NLP",51-200,178000.0,73,2026-06-10
JOB05602,Head of AI,Manager,10.0,Skyline Data Co,Automotive,"Dublin, Ireland",Yes,Full-time,"AWS, A/B Testing, GCP, Generative AI, MLOps",5000+,189500.0,95,2025-11-05
JOB05603,NLP Engineer,Mid,3.0,Pulse Robotics,Finance,"San Francisco, USA",No,Full-time,"NLP, SQL, Deep Learning",1-50,181000.0,8,2025-08-21
JOB05604,AI Engineer,Mid,3.0,DataForge,Healthcare,"New York, USA",No,Full-time,"AWS, Deep Learning, Power BI, NLP, Python, Machine Learning",201-1000,154000.0,61,2026-04-18
JOB05605,AI Research Assistant,Entry,0.0,Pulse Robotics,Healthcare,"Toronto, Canada",No,Full-time,"Data Visualization, Excel, Tableau, Python, Statistics, Computer Vision",1001-5000,65000.0,6,2025-10-20
JOB05606,Junior Data Scientist,Entry,0.0,Zenith Data Group,Healthcare,"Dublin, Ireland",No,Full-time,"Excel, Data Visualization, Statistics",201-1000,78500.0,83,2026-06-28
JOB05607,ML Engineer I,Entry,0.0,Orbital Systems,Education,"Sydney, Australia",Yes,Part-time,"Tableau, SQL, Statistics, Data Visualization, Python, Azure",1-50,73500.0,102,2026-05-03
JOB05608,AI Engineer,Mid,3.0,Northstar Labs,Gaming,Singapore,No,Full-time,"SQL, PyTorch, Power BI, AWS",1001-5000,116000.0,57,2026-01-27
JOB05609,Data Analyst,Entry,0.0,Orbital Systems,Healthcare,"San Francisco, USA",No,Full-time,"Python, Data Visualization, SQL",201-1000,96000.0,56,2025-10-21
JOB05610,Data Analyst,Entry,0.0,Quantum Insight,Manufacturing,"Toronto, Canada",No,Contract,"SQL, Excel, Tableau",201-1000,63000.0,26,2026-04-14
JOB05611,Machine Learning Engineer,Mid,3.0,Quantum Insight,Gaming,"Dublin, Ireland",No,Full-time,"NLP, Deep Learning, PyTorch",51-200,103500.0,71,2026-02-19
JOB05612,Lead Data Engineer,Senior,6.0,Novacore AI,Gaming,"San Francisco, USA",No,Full-time,"AWS, Deep Learning, MLOps, Machine Learning, Excel",5000+,247000.0,44,2026-06-23
JOB05613,NLP Engineer,Mid,3.0,Silverline AI,Manufacturing,"Austin, USA",No,Contract,"TensorFlow, Machine Learning, AWS, Spark, PyTorch, Generative AI",5000+,138500.0,91,2026-06-09
JOB05614,Machine Learning Engineer,Mid,3.0,Zenith Data Group,Gaming,"Sydney, Australia",No,Full-time,"Machine Learning, Power BI, SQL, A/B Testing",51-200,132000.0,17,2025-11-07
JOB05615,ML Engineer I,Entry,0.0,Clearline Systems,Telecommunications,"Austin, USA",No,Full-time,"Statistics, Excel, Python, Data Visualization, SQL",5000+,58500.0,25,2026-01-03
JOB05616,Head of Analytics,Manager,10.0,Horizon Cloud,Technology,"Toronto, Canada",No,Part-time,"AWS, Statistics, MLOps, Kubernetes",5000+,239000.0,52,2025-07-21
JOB05619,Lead Data Engineer,Senior,6.0,Pulse Robotics,Gaming,"Berlin, Germany",Yes,Full-time,"Deep Learning, Generative AI, Kubernetes, Azure, MLOps",1001-5000,133500.0,19,2025-10-13
JOB05620,Principal Data Scientist,Senior,6.0,Bright Path AI,Healthcare,"Toronto, Canada",No,Full-time,"Generative AI, NLP, Machine Learning, Azure, AWS, Airflow",51-200,153500.0,45,2025-09-05
JOB05621,ML Engineer I,Entry,0.0,Atlas Intelligence,Automotive,"Austin, USA",No,Full-time,"Data Visualization, Python, Excel",51-200,79500.0,12,2026-04-21
JOB05622,Lead Data Engineer,Senior,6.0,Vertex Analytics,Finance,"Dublin, Ireland",Yes,Full-time,"Azure, Generative AI, Deep Learning, GCP, SQL",51-200,152000.0,51,2025-10-29
JOB05623,Data Scientist,Mid,3.0,Novacore AI,Healthcare,Singapore,Yes,Full-time,"NLP, Spark, PyTorch, Deep Learning, SQL, Generative AI",1001-5000,127500.0,61,2026-04-10
JOB05624,AI Engineer,Mid,3.0,Ironpeak Tech,Healthcare,"London, UK",No,Full-time,"Deep Learning, PyTorch, SQL, Azure",201-1000,128000.0,36,2025-11-04
JOB05625,AI Research Assistant,Entry,0.0,Zenith Data Group,Telecommunications,"New York, USA",Yes,Full-time,"Statistics, SQL, Tableau, Excel, Data Visualization",1-50,70500.0,28,2026-01-01
JOB05626,Analytics Engineer,Mid,3.0,Bright Path AI,Gaming,Remote,Yes,Full-time,"NLP, SQL, AWS, Python",201-1000,119000.0,71,2025-08-16
JOB05627,Senior ML Engineer,Senior,6.0,Corelytics,Consulting,"Bengaluru, India",Yes,Full-time,"Deep Learning, NLP, Machine Learning",1001-5000,87000.0,97,2025-08-03
JOB05628,Lead Data Engineer,Senior,6.0,Bright Path AI,Technology,"New York, USA",No,Contract,"LLMs, AWS, GCP",51-200,162500.0,12,2026-04-03
JOB05629,Staff AI Engineer,Senior,6.0,Fusion Analytics,Automotive,Remote,Yes,Full-time,"LLMs, AWS, MLOps",51-200,150000.0,40,2026-03-29
JOB05630,Computer Vision Engineer,Mid,3.0,DataForge,Education,"London, UK",No,Full-time,"Deep Learning, Machine Learning, Spark",5000+,131000.0,29,2026-01-13
JOB05631,Machine Learning Engineer,Mid,3.0,DataForge,Education,"Bengaluru, India",No,Part-time,"AWS, Spark, Deep Learning",1-50,53000.0,54,2026-06-20
JOB05632,BI Analyst,Entry,0.0,Nexora AI,Automotive,"Sydney, Australia",Yes,Full-time,"Statistics, Tableau, Excel, Python, SQL, MLOps",5000+,83000.0,47,2025-11-11
JOB05633,Data Scientist,Mid,3.0,Clearline Systems,Consulting,"London, UK",No,Contract,"NLP, Machine Learning, Spark, Deep Learning, Python",201-1000,105000.0,153,2025-12-09
JOB05634,Data Engineer,Mid,3.0,Fusion Analytics,Consulting,"Sydney, Australia",No,Contract,"PyTorch, SQL, Spark, GCP",201-1000,123500.0,37,2026-01-02
JOB05635,Senior Data Scientist,Senior,6.0,Quantum Insight,Finance,"New York, USA",No,Full-time,"Generative AI, NLP, MLOps, Deep Learning, Computer Vision, LLMs",201-1000,233500.0,22,2026-01-26
JOB05636,AI Engineer,Mid,3.0,Fusion Analytics,Telecommunications,"Austin, USA",Yes,Full-time,"Deep Learning, SQL, Spark, PyTorch",5000+,139500.0,31,2025-07-30
JOB05637,Data Scientist,Mid,3.0,Fusion Analytics,Gaming,"Toronto, Canada",No,Full-time,"Machine Learning, PyTorch, AWS, Spark, Python",51-200,88500.0,55,2025-07-23
JOB05638,VP of Machine Learning,Manager,10.0,DataForge,E-commerce,"New York, USA",No,Full-time,"Statistics, A/B Testing, GCP, AWS",201-1000,312000.0,25,2026-07-07
JOB05639,Data Science Manager,Manager,10.0,Northstar Labs,Gaming,"London, UK",No,Full-time,"GCP, MLOps, AWS, Statistics, Data Visualization",1-50,213500.0,9,2026-06-21
JOB05640,Data Science Manager,Manager,10.0,Fusion Analytics,Manufacturing,"San Francisco, USA",Yes,Full-time,"AWS, LLMs, GCP, Generative AI",1-50,260500.0,18,2025-08-26
JOB05641,Staff AI Engineer,Senior,6.0,Fusion Analytics,Finance,"Sydney, Australia",No,Full-time,"Kubernetes, GCP, Computer Vision, Generative AI, LLMs",201-1000,181000.0,34,2026-02-01
JOB05642,Machine Learning Engineer,Mid,3.0,Meridian Software,E-commerce,"Berlin, Germany",No,Full-time,"Python, NLP, SQL",5000+,106000.0,62,2025-11-27
JOB05643,Principal Data Scientist,Senior,6.0,Ironpeak Tech,Healthcare,"Dublin, Ireland",Yes,Full-time,"Generative AI, NLP, MLOps",201-1000,138500.0,95,2026-04-15
JOB05644,AI Research Assistant,Entry,0.0,Corelytics,Education,"London, UK",No,Full-time,"Python, Excel, SQL, Tableau, GCP",1-50,59500.0,71,2026-01-20
JOB05645,BI Analyst,Entry,0.0,Novacore AI,E-commerce,"San Francisco, USA",Yes,Contract,"Statistics, Data Visualization, Python, Tableau",5000+,75500.0,44,2026-04-19
JOB05646,AI Research Scientist,Senior,6.0,Zenith Data Group,E-commerce,Remote,Yes,Full-time,"MLOps, Deep Learning, LLMs, Azure, TensorFlow",201-1000,145000.0,10,2026-05-03
JOB05647,Machine Learning Engineer,Mid,3.0,Zenith Data Group,E-commerce,Remote,Yes,Full-time,"SQL, Machine Learning, NLP, Power BI",201-1000,123000.0,18,2026-07-05
JOB05648,NLP Engineer,Mid,3.0,Clearline Systems,Education,Remote,Yes,Full-time,"Machine Learning, Power BI, AWS, PyTorch, Deep Learning",1001-5000,125500.0,4,2026-06-29
JOB05649,Computer Vision Engineer,Mid,3.0,Novacore AI,Education,"Austin, USA",Yes,Full-time,"AWS, TensorFlow, Deep Learning, Power BI",51-200,112500.0,34,2025-12-16
JOB05650,Principal Data Scientist,Senior,6.0,Atlas Intelligence,Consulting,Singapore,Yes,Full-time,"Azure, MLOps, LLMs, NLP",201-1000,183500.0,8,2025-08-16
JOB05651,Machine Learning Engineer,Mid,3.0,Atlas Intelligence,Education,"Austin, USA",No,Full-time,"TensorFlow, PyTorch, Deep Learning, Statistics",201-1000,102000.0,63,2026-01-24
JOB05652,Lead Data Engineer,Senior,6.0,Bright Path AI,Consulting,"London, UK",No,Full-time,"MLOps, NLP, Azure, AWS",201-1000,188500.0,143,2025-09-27
JOB05653,Staff AI Engineer,Senior,6.0,Zenith Data Group,Gaming,"Sydney, Australia",No,Contract,"Kubernetes, Machine Learning, LLMs, Azure",1001-5000,195000.0,106,2026-04-23
JOB05654,Staff AI Engineer,Senior,6.0,Orbital Systems,Technology,"Toronto, Canada",Yes,Full-time,"Deep Learning, MLOps, Computer Vision, Generative AI, Excel",51-200,184000.0,65,2025-10-31
JOB05655,Analytics Engineer,Mid,3.0,Skyline Data Co,E-commerce,"London, UK",Yes,Full-time,"PyTorch, AWS, Deep Learning, Python, Spark",201-1000,115500.0,92,2026-04-28
JOB05656,AI Research Assistant,Entry,0.0,Quantum Insight,Education,"Dublin, Ireland",Yes,Full-time,"Excel, Tableau, Statistics, Python, SQL",5000+,54500.0,116,2026-02-12
JOB05657,ML Engineer I,Entry,0.0,Pulse Robotics,Gaming,"Dublin, Ireland",Yes,Full-time,"Data Visualization, Python, Statistics, Tableau, SQL",1001-5000,82000.0,11,2026-07-11
JOB05658,Staff AI Engineer,Senior,6.0,Meridian Software,Consulting,Singapore,Yes,Full-time,"Machine Learning, Computer Vision, Deep Learning, Kubernetes",51-200,181000.0,13,2025-10-10
JOB05659,Director of Data Science,Manager,10.0,Bluewave Tech,Finance,Singapore,No,Contract,"Statistics, AWS, MLOps",1-50,268500.0,27,2025-12-09
JOB05660,Senior ML Engineer,Senior,6.0,Bluewave Tech,Healthcare,"Toronto, Canada",Yes,Full-time,"Deep Learning, Machine Learning, Computer Vision, AWS, GCP, Tableau",51-200,157500.0,39,2026-01-03
JOB05661,BI Analyst,Entry,0.0,DataForge,Telecommunications,"Toronto, Canada",No,Contract,"Tableau, Statistics, Python, Data Visualization, Excel, LLMs",51-200,69000.0,33,2026-07-10
JOB05662,Head of AI,Manager,10.0,Ironpeak Tech,Telecommunications,"Berlin, Germany",Yes,Part-time,"Statistics, LLMs, GCP, A/B Testing",201-1000,195000.0,39,2026-02-02
JOB05663,AI Research Assistant,Entry,0.0,Clearline Systems,Telecommunications,Singapore,No,Full-time,"Excel, Tableau, Python, Statistics, Data Visualization",5000+,81500.0,68,2026-03-31
JOB05665,Data Analyst,Entry,0.0,Pulse Robotics,Finance,"Toronto, Canada",No,Full-time,"Statistics, Python, Tableau",1-50,72500.0,22,2026-02-16
JOB05666,Data Scientist,Mid,3.0,Skyline Data Co,Automotive,"Berlin, Germany",Yes,Part-time,"AWS, Python, NLP",1-50,111500.0,6,2026-01-12
JOB05667,AI Research Scientist,Senior,6.0,Pulse Robotics,Healthcare,"London, UK",Yes,Full-time,"LLMs, Machine Learning, Azure, GCP",201-1000,196500.0,48,2025-10-10
JOB05668,ML Engineer I,Entry,0.0,Vertex Analytics,Consulting,"London, UK",No,Full-time,"SQL, Excel, Python, Data Visualization, Tableau, Deep Learning",201-1000,85000.0,49,2026-01-26
JOB05669,AI Research Assistant,Entry,0.0,Clearline Systems,Healthcare,"Toronto, Canada",No,Contract,"Data Visualization, Excel, Statistics, Tableau, Python",51-200,71000.0,98,2026-01-07
JOB05670,AI Engineer,Mid,3.0,Bluewave Tech,Telecommunications,"Berlin, Germany",No,Full-time,"Machine Learning, Python, NLP",1-50,105500.0,3,2026-04-04
JOB05671,Computer Vision Engineer,Mid,3.0,Vertex Analytics,Automotive,"Dublin, Ireland",No,Full-time,"SQL, PyTorch, Deep Learning, Python",1001-5000,108000.0,60,2026-03-29
JOB05672,Analytics Engineer,Mid,3.0,Meridian Software,Telecommunications,"New York, USA",No,Full-time,"Spark, AWS, Power BI, Deep Learning, PyTorch",51-200,113500.0,14,2025-09-23
JOB05673,AI Engineer,Mid,3.0,Clearline Systems,Gaming,"Toronto, Canada",No,Full-time,"SQL, NLP, PyTorch, LLMs",51-200,125500.0,69,2025-10-08
JOB05674,BI Analyst,Entry,0.0,Quantum Insight,Gaming,"Dublin, Ireland",No,Full-time,"Data Visualization, SQL, Excel, Computer Vision",51-200,63000.0,37,2025-10-20
JOB05675,AI Research Assistant,Entry,0.0,Bluewave Tech,Technology,"Dublin, Ireland",No,Full-time,"Python, Tableau, Excel, Statistics",1001-5000,82000.0,61,2026-06-18
JOB05676,Analytics Engineer,Mid,3.0,Meridian Software,Finance,"Sydney, Australia",Yes,Contract,"Deep Learning, Machine Learning, Spark, Power BI, AWS",201-1000,94000.0,23,2026-06-04
JOB05677,VP of Machine Learning,Manager,10.0,Orbital Systems,Technology,"Berlin, Germany",Yes,Full-time,"MLOps, LLMs, A/B Testing",51-200,180500.0,15,2025-09-01
JOB05678,Machine Learning Engineer,Mid,3.0,DataForge,Finance,"Sydney, Australia",No,Full-time,"Python, Deep Learning, Power BI, NLP, Machine Learning",51-200,126500.0,67,2026-06-27
JOB05679,Junior Data Scientist,Entry,0.0,Atlas Intelligence,Gaming,"Austin, USA",No,Full-time,"SQL, Excel, Data Visualization",5000+,73500.0,77,2025-11-08
JOB05680,Data Engineer,Mid,3.0,Quantum Insight,Gaming,"Toronto, Canada",No,Full-time,"Spark, PyTorch, Power BI, Deep Learning",201-1000,110000.0,39,2026-04-01
JOB05681,Data Science Manager,Manager,10.0,Zenith Data Group,Telecommunications,"Bengaluru, India",Yes,Full-time,"Generative AI, A/B Testing, AWS, LLMs, Statistics",201-1000,133000.0,45,2026-01-09
JOB05682,Data Scientist,Mid,3.0,Novacore AI,Consulting,Singapore,No,Full-time,"Machine Learning, SQL, Power BI, Data Visualization",1001-5000,91500.0,13,2026-05-31
JOB05683,NLP Engineer,Mid,3.0,Pulse Robotics,Healthcare,"Dublin, Ireland",Yes,Full-time,"TensorFlow, SQL, Python, A/B Testing",1001-5000,93500.0,50,2025-09-19
JOB05684,AI Research Assistant,Entry,0.0,DataForge,Technology,"San Francisco, USA",Yes,Full-time,"Statistics, Excel, Python",51-200,96000.0,123,2026-07-12
JOB05685,Data Engineer,Mid,3.0,Vertex Analytics,Finance,"Berlin, Germany",Yes,Full-time,"Spark, NLP, PyTorch, R",1001-5000,99500.0,23,2025-09-24
JOB05686,Staff AI Engineer,Senior,6.0,Corelytics,Consulting,"Berlin, Germany",No,Full-time,"MLOps, GCP, Deep Learning, Machine Learning, Spark",201-1000,168000.0,64,2025-10-26
JOB05687,Director of Data Science,Manager,10.0,Zenith Data Group,Education,"Toronto, Canada",Yes,Full-time,"A/B Testing, AWS, GCP, Docker",201-1000,171500.0,34,2026-05-14
JOB05688,BI Analyst,Entry,0.0,Horizon Cloud,Healthcare,"San Francisco, USA",Yes,Full-time,"SQL, Tableau, Data Visualization, Excel, Statistics, A/B Testing",5000+,105500.0,116,2025-09-17
JOB05689,VP of Machine Learning,Manager,10.0,Nexora AI,Technology,"San Francisco, USA",No,Full-time,"AWS, A/B Testing, LLMs, GCP, Kubernetes",1001-5000,334000.0,22,2026-01-27
JOB05690,Data Engineer,Mid,3.0,Bluewave Tech,E-commerce,"San Francisco, USA",Yes,Full-time,"Deep Learning, Machine Learning, Python, NLP, SQL",201-1000,151500.0,47,2026-02-27
JOB05691,AI Engineer,Mid,3.0,Horizon Cloud,Finance,"Dublin, Ireland",No,Full-time,"Power BI, Deep Learning, NLP, Python, SQL",1-50,126500.0,46,2025-11-12
JOB05692,Data Analyst,Entry,0.0,Ironpeak Tech,Technology,"Bengaluru, India",No,Full-time,"Excel, Data Visualization, Tableau, Python",5000+,37000.0,28,2026-04-18
JOB05693,Analytics Engineer,Mid,3.0,Pulse Robotics,E-commerce,"Toronto, Canada",Yes,Full-time,"Spark, SQL, Deep Learning, PyTorch, Power BI",1-50,102500.0,31,2025-12-18
JOB05694,AI Engineer,Mid,3.0,Orbital Systems,Gaming,"Berlin, Germany",No,Contract,"TensorFlow, Spark, AWS",201-1000,106000.0,31,2026-02-12
JOB05695,Lead Data Engineer,Senior,6.0,Bright Path AI,Technology,"New York, USA",No,Full-time,"Azure, Generative AI, Computer Vision, LLMs",201-1000,226500.0,128,2026-03-17
JOB05696,Machine Learning Engineer,Mid,3.0,Skyline Data Co,Automotive,Remote,Yes,Full-time,"Python, SQL, TensorFlow, AWS, PyTorch, Computer Vision",5000+,87500.0,74,2026-02-25
JOB05697,Senior Data Scientist,Senior,6.0,Bright Path AI,Manufacturing,"Austin, USA",No,Full-time,"Machine Learning, Kubernetes, MLOps",1001-5000,151000.0,20,2026-01-28
JOB05698,VP of Machine Learning,Manager,10.0,Novacore AI,Finance,Remote,Yes,Full-time,"GCP, Statistics, LLMs",51-200,197000.0,58,2025-08-02
JOB05699,BI Analyst,Entry,0.0,DataForge,Technology,Remote,Yes,Full-time,"Excel, Tableau, Python, Data Visualization",1001-5000,61500.0,39,2025-08-27
JOB05700,Junior Data Scientist,Entry,0.0,Fusion Analytics,Automotive,"Dublin, Ireland",No,Part-time,"Tableau, Statistics, Python",1-50,57500.0,67,2026-07-10
JOB05702,Data Engineer,Mid,3.0,Zenith Data Group,Gaming,"Toronto, Canada",No,Full-time,"Spark, PyTorch, Machine Learning, NLP, TensorFlow",201-1000,116500.0,106,2025-09-22
JOB05703,Analytics Engineer,Mid,3.0,Pulse Robotics,E-commerce,Singapore,No,Full-time,"Deep Learning, Machine Learning, NLP, Power BI",201-1000,125000.0,74,2026-03-24
JOB05704,NLP Engineer,Mid,3.0,Pulse Robotics,Finance,"Toronto, Canada",No,Full-time,"Power BI, Deep Learning, SQL, TensorFlow, NLP, A/B Testing",51-200,105500.0,47,2026-05-14
JOB05705,Data Analyst,Entry,0.0,Atlas Intelligence,Technology,"Austin, USA",No,Contract,"Statistics, Excel, Data Visualization, Python, SQL, Generative AI",51-200,68000.0,21,2025-12-19
JOB05706,Machine Learning Engineer,Mid,3.0,Quantum Insight,Telecommunications,Remote,Yes,Part-time,"Power BI, PyTorch, AWS, NLP, Spark, LLMs",201-1000,98500.0,62,2025-10-19
JOB05707,Senior ML Engineer,Senior,6.0,Orbital Systems,Manufacturing,"Bengaluru, India",Yes,Contract,"GCP, Generative AI, AWS, MLOps, Machine Learning, NLP",5000+,94000.0,60,2026-03-22
JOB05708,Lead Data Engineer,Senior,6.0,Meridian Software,Manufacturing,Singapore,No,Contract,"MLOps, Azure, Deep Learning, Kubernetes, GCP, AWS",201-1000,186500.0,33,2026-06-07
JOB05709,Senior Data Scientist,Senior,6.0,Silverline AI,Education,"Bengaluru, India",No,Full-time,"AWS, MLOps, NLP, PyTorch",1001-5000,67500.0,9,2025-08-22
JOB05710,AI Engineer,Mid,3.0,Meridian Software,Healthcare,"San Francisco, USA",Yes,Full-time,"Machine Learning, Spark, Power BI, TensorFlow, NLP",5000+,171500.0,112,2025-08-11
JOB05711,Data Analyst,Entry,0.0,Northstar Labs,Manufacturing,"London, UK",Yes,Full-time,"Excel, Tableau, Python",201-1000,94500.0,15,2026-01-26
JOB05712,Head of AI,Manager,10.0,Novacore AI,Gaming,"Bengaluru, India",No,Full-time,"GCP, MLOps, Generative AI, A/B Testing",5000+,109500.0,19,2025-09-20
JOB05713,AI Engineer,Mid,3.0,Skyline Data Co,Education,Remote,Yes,Full-time,"AWS, Deep Learning, Spark, Power BI",51-200,94000.0,34,2026-01-29
JOB05714,Computer Vision Engineer,Mid,3.0,Corelytics,Gaming,"Sydney, Australia",No,Full-time,"Spark, NLP, Power BI",201-1000,105500.0,29,2025-10-27
JOB05715,VP of Machine Learning,Manager,10.0,Silverline AI,Consulting,"Toronto, Canada",No,Full-time,"GCP, AWS, LLMs, Tableau",1-50,282000.0,61,2025-11-14
JOB05716,Senior Data Scientist,Senior,6.0,Meridian Software,Healthcare,"Berlin, Germany",Yes,Contract,"Machine Learning, Deep Learning, AWS",201-1000,126500.0,46,2025-07-18
JOB05717,Data Science Manager,Manager,10.0,Skyline Data Co,Healthcare,"London, UK",Yes,Full-time,"Generative AI, AWS, A/B Testing",201-1000,255500.0,33,2025-11-16
JOB05718,BI Analyst,Entry,0.0,Zenith Data Group,Education,"Sydney, Australia",Yes,Full-time,"Python, Statistics, Excel, Data Visualization, SQL, LLMs",51-200,87500.0,52,2026-03-11
JOB05719,Senior Data Scientist,Senior,6.0,Nexora AI,E-commerce,"London, UK",Yes,Full-time,"LLMs, Machine Learning, AWS, Computer Vision, Generative AI",51-200,152500.0,89,2026-06-18
JOB05720,Data Scientist,Mid,3.0,Orbital Systems,Gaming,"Austin, USA",No,Full-time,"TensorFlow, Machine Learning, Python, Deep Learning",1001-5000,95000.0,25,2025-12-07
JOB05721,Data Engineer I,Entry,0.0,DataForge,Healthcare,Singapore,No,Full-time,"Data Visualization, Excel, Tableau, SQL, Python",201-1000,80000.0,31,2026-04-03
JOB05722,Analytics Engineer,Mid,3.0,Fusion Analytics,E-commerce,Singapore,No,Full-time,"Python, Spark, Machine Learning, AWS",1001-5000,124500.0,40,2025-09-22
JOB05723,Data Engineer,Mid,3.0,Skyline Data Co,Telecommunications,"Austin, USA",No,Full-time,"TensorFlow, NLP, Python, SQL",51-200,100500.0,63,2025-10-30
JOB05725,Analytics Engineer,Mid,3.0,Orbital Systems,Finance,"San Francisco, USA",Yes,Full-time,"AWS, PyTorch, NLP, TensorFlow",5000+,150000.0,29,2026-06-23
JOB05726,Lead Data Engineer,Senior,6.0,Bluewave Tech,E-commerce,"Berlin, Germany",No,Contract,"Azure, LLMs, GCP, Tableau",51-200,167500.0,52,2025-09-04
JOB05727,Junior Data Scientist,Entry,0.0,Vertex Analytics,Gaming,"Sydney, Australia",No,Full-time,"Excel, Data Visualization, Statistics",1001-5000,87000.0,20,2025-12-19
JOB05729,Computer Vision Engineer,Mid,3.0,Vertex Analytics,Technology,Remote,Yes,Contract,"Machine Learning, Python, Deep Learning, SQL, PyTorch",1-50,86500.0,22,2025-11-24
JOB05730,Lead Data Engineer,Senior,6.0,Orbital Systems,Gaming,"Sydney, Australia",Yes,Full-time,"NLP, Kubernetes, Deep Learning, Machine Learning, GCP, Docker",5000+,202000.0,146,2026-02-16
JOB05731,AI Research Assistant,Entry,0.0,Novacore AI,Finance,"Bengaluru, India",No,Full-time,"Statistics, Data Visualization, Tableau, Excel, Python",201-1000,38500.0,84,2025-08-19
JOB05732,Senior Data Scientist,Senior,6.0,Horizon Cloud,Consulting,Remote,Yes,Full-time,"Machine Learning, MLOps, Azure, LLMs, PyTorch",1-50,163500.0,89,2025-07-14
JOB05733,Data Analyst,Entry,0.0,Northstar Labs,Manufacturing,"London, UK",No,Full-time,"Python, SQL, Data Visualization, Statistics, A/B Testing",201-1000,89000.0,68,2026-02-02
JOB05734,Senior ML Engineer,Senior,6.0,Meridian Software,Healthcare,Singapore,No,Full-time,"Computer Vision, MLOps, LLMs, AWS, Kubernetes",1-50,157500.0,42,2026-04-02
JOB05735,Director of Data Science,Manager,10.0,Ironpeak Tech,Gaming,"San Francisco, USA",No,Contract,"LLMs, MLOps, Statistics, Generative AI",201-1000,281000.0,58,2025-09-07
JOB05736,ML Engineer I,Entry,0.0,Ironpeak Tech,Gaming,Singapore,No,Full-time,"Statistics, Excel, Python, Data Visualization, A/B Testing",1-50,85500.0,49,2026-06-04
JOB05737,Junior Data Scientist,Entry,0.0,Bright Path AI,Automotive,"Dublin, Ireland",No,Full-time,"Excel, Python, Statistics, SQL, Docker",1001-5000,78000.0,40,2025-07-30
JOB05739,ML Engineer I,Entry,0.0,Atlas Intelligence,Manufacturing,"San Francisco, USA",No,Full-time,"Excel, Statistics, Python, Tableau, SQL",1001-5000,76000.0,10,2025-10-21
JOB05740,Principal Data Scientist,Senior,6.0,Fusion Analytics,Automotive,"Bengaluru, India",Yes,Full-time,"Azure, LLMs, GCP, Computer Vision, PyTorch",1001-5000,84000.0,20,2025-08-12
JOB05741,Senior ML Engineer,Senior,6.0,Northstar Labs,Telecommunications,"San Francisco, USA",No,Full-time,"GCP, Deep Learning, NLP, Azure",51-200,200500.0,75,2026-06-12
JOB05742,BI Analyst,Entry,0.0,Northstar Labs,Manufacturing,Singapore,No,Full-time,"Statistics, SQL, Python",201-1000,67500.0,90,2026-02-13
JOB05743,Data Engineer,Mid,3.0,Bluewave Tech,Automotive,"New York, USA",No,Full-time,"Machine Learning, NLP, Python",1001-5000,153000.0,103,2026-01-15
JOB05744,Data Engineer I,Entry,0.0,Meridian Software,Automotive,Singapore,Yes,Full-time,"Tableau, Python, Excel, Data Visualization, Statistics",201-1000,83000.0,120,2026-02-01
JOB05746,Data Engineer,Mid,3.0,Zenith Data Group,E-commerce,"Toronto, Canada",Yes,Full-time,"PyTorch, Power BI, Machine Learning, AWS",1001-5000,98000.0,45,2025-10-03
JOB05747,Principal Data Scientist,Senior,6.0,DataForge,Telecommunications,"San Francisco, USA",No,Full-time,"Deep Learning, Azure, Kubernetes, AWS, MLOps",5000+,266500.0,73,2026-04-29
JOB05748,AI Engineer,Mid,3.0,Zenith Data Group,Healthcare,Singapore,No,Full-time,"PyTorch, AWS, Python, TensorFlow, Power BI",51-200,107500.0,54,2026-02-10
JOB05750,Data Engineer,Mid,3.0,Zenith Data Group,Technology,Singapore,No,Full-time,"Machine Learning, Power BI, NLP, Deep Learning, PyTorch, TensorFlow",201-1000,96000.0,71,2025-08-22
JOB05751,Data Engineer,Mid,3.0,Horizon Cloud,Technology,"Sydney, Australia",No,Full-time,"Machine Learning, TensorFlow, NLP, PyTorch, Generative AI",51-200,114000.0,47,2026-01-02
JOB05752,AI Research Assistant,Entry,0.0,Quantum Insight,Telecommunications,"Berlin, Germany",No,Full-time,"Data Visualization, Excel, Statistics, SQL",201-1000,73500.0,28,2025-11-01
JOB05753,Data Engineer I,Entry,0.0,Pulse Robotics,Consulting,"San Francisco, USA",No,Full-time,"Excel, SQL, Python, Statistics, Tableau",1001-5000,97000.0,93,2026-04-07
JOB05754,Analytics Engineer,Mid,3.0,Nexora AI,Manufacturing,"New York, USA",No,Full-time,"Deep Learning, AWS, Spark, Machine Learning",1-50,140500.0,40,2026-03-27
JOB05755,Computer Vision Engineer,Mid,3.0,Nexora AI,Gaming,"Dublin, Ireland",Yes,Full-time,"Machine Learning, SQL, TensorFlow, AWS",1001-5000,116000.0,97,2025-12-20
JOB05756,BI Analyst,Entry,0.0,Skyline Data Co,E-commerce,"New York, USA",No,Full-time,"Tableau, SQL, Data Visualization",201-1000,93500.0,78,2026-02-21
JOB05757,Data Engineer I,Entry,0.0,Bluewave Tech,Automotive,"Dublin, Ireland",No,Full-time,"Statistics, Data Visualization, SQL, Tableau, Excel",51-200,69500.0,125,2025-09-25
JOB05758,AI Research Scientist,Senior,6.0,Nexora AI,Education,"Toronto, Canada",No,Full-time,"Machine Learning, Computer Vision, LLMs",1001-5000,140500.0,120,2025-09-15
JOB05759,NLP Engineer,Mid,3.0,Bluewave Tech,E-commerce,"Sydney, Australia",No,Full-time,"Spark, Machine Learning, AWS, SQL, NLP, Data Visualization",201-1000,125500.0,48,2026-07-05
JOB05760,BI Analyst,Entry,0.0,DataForge,Finance,Singapore,Yes,Full-time,"Python, Excel, Data Visualization, Tableau",51-200,72500.0,39,2025-11-17
JOB05761,Data Science Manager,Manager,10.0,Ironpeak Tech,Technology,"Sydney, Australia",No,Part-time,"AWS, Generative AI, LLMs, A/B Testing, Statistics, Spark",1-50,260500.0,15,2026-05-25
JOB05762,NLP Engineer,Mid,3.0,Skyline Data Co,Manufacturing,"Toronto, Canada",No,Contract,"AWS, Deep Learning, Python, Spark, SQL",51-200,117000.0,42,2026-03-03
JOB05765,Senior Data Scientist,Senior,6.0,Zenith Data Group,Gaming,"Toronto, Canada",No,Contract,"Machine Learning, GCP, Deep Learning, Azure, Kubernetes",51-200,176000.0,24,2025-08-31
JOB05766,Data Engineer,Mid,3.0,Skyline Data Co,Finance,"San Francisco, USA",No,Full-time,"NLP, Spark, Python, Data Visualization",5000+,126500.0,38,2025-08-26
JOB05767,AI Research Scientist,Senior,6.0,Bright Path AI,Gaming,"San Francisco, USA",No,Full-time,"Computer Vision, LLMs, GCP, Deep Learning",51-200,251000.0,34,2026-04-05
JOB05768,BI Analyst,Entry,0.0,Atlas Intelligence,Education,"San Francisco, USA",Yes,Full-time,"Python, SQL, Excel, Statistics, Tableau, Airflow",1-50,111500.0,25,2026-02-16
JOB05770,Data Analyst,Entry,0.0,Quantum Insight,E-commerce,"San Francisco, USA",Yes,Full-time,"SQL, Data Visualization, Python",51-200,108000.0,22,2025-09-28
JOB05771,Data Engineer,Mid,3.0,Clearline Systems,E-commerce,"Bengaluru, India",No,Full-time,"PyTorch, AWS, Power BI, Deep Learning, Machine Learning, R",201-1000,51000.0,36,2026-03-09
JOB05772,Analytics Engineer,Mid,3.0,Novacore AI,E-commerce,"Bengaluru, India",Yes,Full-time,"NLP, TensorFlow, Power BI, Machine Learning, AWS, Generative AI",201-1000,40500.0,35,2025-07-27
JOB05773,VP of Machine Learning,Manager,10.0,Novacore AI,Manufacturing,"Austin, USA",Yes,Full-time,"AWS, LLMs, Generative AI, A/B Testing, Statistics, SQL",1-50,299500.0,23,2026-03-25
JOB05775,BI Analyst,Entry,0.0,Meridian Software,Manufacturing,"Sydney, Australia",Yes,Full-time,"Statistics, Data Visualization, Excel, Python, SQL, R",201-1000,57500.0,114,2026-04-17
JOB05777,Director of Data Science,Manager,10.0,Novacore AI,Finance,"New York, USA",No,Full-time,"Generative AI, LLMs, A/B Testing",5000+,316500.0,38,2025-12-06
JOB05778,ML Engineer I,Entry,0.0,Corelytics,Manufacturing,Remote,Yes,Full-time,"Excel, Tableau, Statistics, Data Visualization, MLOps",51-200,71000.0,135,2026-04-10
JOB05779,VP of Machine Learning,Manager,10.0,Corelytics,Consulting,Remote,Yes,Full-time,"GCP, AWS, LLMs, A/B Testing, Statistics",201-1000,277500.0,70,2026-04-18
JOB05780,Data Engineer,Mid,3.0,Nexora AI,Finance,"Bengaluru, India",No,Contract,"Deep Learning, NLP, Machine Learning, SQL",51-200,50000.0,41,2026-04-23
JOB05781,Senior ML Engineer,Senior,6.0,Orbital Systems,Finance,"London, UK",No,Part-time,"Kubernetes, Computer Vision, GCP, MLOps, LLMs",1001-5000,176000.0,49,2026-06-18
JOB05782,Junior Data Scientist,Entry,0.0,Bluewave Tech,Manufacturing,"Berlin, Germany",No,Full-time,"Statistics, SQL, Data Visualization, Excel",51-200,76500.0,10,2026-06-25
JOB05783,Director of Data Science,Manager,10.0,Zenith Data Group,Gaming,Singapore,Yes,Full-time,"GCP, LLMs, AWS",5000+,293500.0,70,2025-08-03
JOB05784,Data Science Manager,Manager,10.0,Ironpeak Tech,Manufacturing,Singapore,No,Full-time,"A/B Testing, AWS, Statistics",51-200,303000.0,49,2026-04-06
JOB05785,BI Analyst,Entry,0.0,Bluewave Tech,Technology,"Austin, USA",Yes,Contract,"Python, Excel, Statistics",51-200,76000.0,6,2025-09-27
JOB05786,BI Analyst,Entry,0.0,Northstar Labs,Telecommunications,"New York, USA",Yes,Full-time,"Data Visualization, Python, SQL",1001-5000,100000.0,24,2025-12-25
JOB05787,Junior Data Scientist,Entry,0.0,Silverline AI,Manufacturing,"Berlin, Germany",No,Full-time,"Data Visualization, SQL, Statistics, Tableau",201-1000,52500.0,10,2026-02-02
JOB05788,Junior Data Scientist,Entry,0.0,Silverline AI,Education,"London, UK",No,Full-time,"Excel, Data Visualization, SQL, Tableau",1001-5000,63000.0,58,2026-03-11
JOB05789,Staff AI Engineer,Senior,6.0,Nexora AI,Consulting,"Sydney, Australia",No,Full-time,"Machine Learning, Computer Vision, Generative AI, LLMs",1001-5000,151500.0,12,2025-09-15
JOB05790,BI Analyst,Entry,0.0,Horizon Cloud,Automotive,"Bengaluru, India",No,Full-time,"Tableau, Statistics, Data Visualization, SQL",5000+,26000.0,9,2026-06-07
JOB05791,AI Engineer,Mid,3.0,Fusion Analytics,Consulting,"San Francisco, USA",Yes,Contract,"Machine Learning, TensorFlow, Deep Learning, SQL, Spark",51-200,125500.0,27,2025-08-08
JOB05792,Senior Data Scientist,Senior,6.0,Zenith Data Group,E-commerce,"Toronto, Canada",No,Full-time,"MLOps, GCP, Deep Learning, Computer Vision",1001-5000,139000.0,22,2026-05-23
JOB05793,Head of AI,Manager,10.0,Meridian Software,Manufacturing,"Berlin, Germany",Yes,Full-time,"MLOps, A/B Testing, Statistics, AWS, Generative AI",5000+,216500.0,40,2026-03-25
JOB05794,Staff AI Engineer,Senior,6.0,Orbital Systems,Telecommunications,"San Francisco, USA",No,Full-time,"Machine Learning, Deep Learning, Computer Vision, LLMs, Kubernetes",201-1000,216000.0,8,2026-03-09
JOB05795,Lead Data Engineer,Senior,6.0,Quantum Insight,Automotive,"Bengaluru, India",Yes,Full-time,"Machine Learning, Computer Vision, MLOps, Kubernetes",201-1000,83500.0,105,2026-04-26
JOB05797,Data Engineer I,Entry,0.0,DataForge,Consulting,"Berlin, Germany",Yes,Full-time,"SQL, Python, Statistics, Tableau",51-200,66000.0,35,2026-05-04
JOB05798,Analytics Engineer,Mid,3.0,Vertex Analytics,Telecommunications,Remote,Yes,Full-time,"Machine Learning, Power BI, NLP, Python, SQL, R",201-1000,101500.0,85,2025-11-17
JOB05799,Staff AI Engineer,Senior,6.0,Silverline AI,E-commerce,"Dublin, Ireland",No,Full-time,"Azure, Generative AI, AWS, Data Visualization",1-50,154000.0,38,2025-09-11
JOB05800,ML Engineer I,Entry,0.0,Orbital Systems,Gaming,"Sydney, Australia",Yes,Full-time,"Python, Statistics, Tableau, Excel",5000+,76500.0,15,2025-10-08
JOB05801,Senior ML Engineer,Senior,6.0,Fusion Analytics,Education,"Austin, USA",Yes,Full-time,"Deep Learning, Computer Vision, AWS",51-200,162000.0,52,2025-12-23
JOB05803,ML Engineer I,Entry,0.0,Meridian Software,Manufacturing,"Dublin, Ireland",Yes,Full-time,"Data Visualization, SQL, Excel, Tableau, Python",51-200,59500.0,118,2025-11-25
JOB05804,AI Research Assistant,Entry,0.0,DataForge,Telecommunications,"London, UK",No,Full-time,"Excel, SQL, Data Visualization, Statistics, Tableau",1001-5000,79000.0,4,2025-09-08
JOB05805,AI Engineer,Mid,3.0,Quantum Insight,Finance,"San Francisco, USA",Yes,Full-time,"Power BI, SQL, AWS, NLP, Statistics",1001-5000,176500.0,42,2026-06-24
JOB05806,BI Analyst,Entry,0.0,Nexora AI,Telecommunications,Remote,Yes,Full-time,"Excel, Data Visualization, Tableau, SQL, Python",1001-5000,82500.0,28,2025-08-22
JOB05807,Junior Data Scientist,Entry,0.0,Skyline Data Co,Technology,"San Francisco, USA",No,Full-time,"Data Visualization, Python, Excel, SQL, Tableau",1001-5000,113500.0,12,2025-07-11
JOB05808,Data Engineer I,Entry,0.0,Bright Path AI,Manufacturing,"London, UK",No,Full-time,"Excel, SQL, Python, Data Visualization",51-200,71500.0,40,2025-11-16
JOB05809,AI Research Assistant,Entry,0.0,Corelytics,Gaming,"Dublin, Ireland",No,Full-time,"Python, Excel, Statistics",201-1000,73000.0,91,2026-05-11
JOB05810,AI Research Scientist,Senior,6.0,Novacore AI,Finance,"Austin, USA",No,Full-time,"Azure, Deep Learning, Generative AI, LLMs, NLP, Spark",1-50,166000.0,81,2025-07-21
JOB05811,Staff AI Engineer,Senior,6.0,Zenith Data Group,Education,"London, UK",No,Contract,"LLMs, AWS, Machine Learning, GCP",1001-5000,169500.0,119,2025-08-28
JOB05812,Computer Vision Engineer,Mid,3.0,Ironpeak Tech,Healthcare,Remote,Yes,Full-time,"TensorFlow, Deep Learning, Python",201-1000,127000.0,139,2026-03-05
JOB05813,ML Engineer I,Entry,0.0,Silverline AI,Manufacturing,Remote,Yes,Contract,"Tableau, Python, SQL, Excel, Statistics, NLP",1001-5000,69000.0,42,2025-08-17
JOB05814,Data Analyst,Entry,0.0,Vertex Analytics,Automotive,"Toronto, Canada",Yes,Full-time,"Statistics, Tableau, Excel",51-200,75500.0,13,2026-05-24
JOB05815,Principal Data Scientist,Senior,6.0,Zenith Data Group,Telecommunications,"London, UK",No,Full-time,"Deep Learning, Computer Vision, Generative AI, Kubernetes, AWS",1-50,196500.0,45,2025-09-03
JOB05816,Staff AI Engineer,Senior,6.0,Bluewave Tech,Healthcare,"New York, USA",Yes,Full-time,"Azure, NLP, Generative AI, Deep Learning, Power BI",201-1000,236500.0,44,2026-07-02
JOB05818,AI Research Assistant,Entry,0.0,Orbital Systems,Manufacturing,"London, UK",Yes,Contract,"Python, Data Visualization, SQL, Tableau",1001-5000,90000.0,85,2025-11-03
JOB05819,AI Research Scientist,Senior,6.0,Northstar Labs,Gaming,"Bengaluru, India",No,Contract,"Azure, GCP, LLMs",1001-5000,64500.0,91,2026-06-21
JOB05820,Staff AI Engineer,Senior,6.0,Silverline AI,Technology,Singapore,No,Contract,"Azure, Kubernetes, Machine Learning, GCP, R",1-50,189500.0,40,2026-07-07
JOB05821,Principal Data Scientist,Senior,6.0,Quantum Insight,Consulting,Singapore,Yes,Full-time,"Azure, Computer Vision, LLMs, Deep Learning",201-1000,144500.0,35,2026-06-05
JOB05822,AI Engineer,Mid,3.0,Bright Path AI,Finance,"New York, USA",Yes,Contract,"Spark, AWS, Python, SQL",201-1000,159500.0,58,2026-02-01
JOB05823,Director of Data Science,Manager,10.0,Vertex Analytics,Healthcare,Singapore,No,Full-time,"MLOps, GCP, LLMs, AWS, A/B Testing, TensorFlow",5000+,315500.0,33,2026-01-22
JOB05824,ML Engineer I,Entry,0.0,Bright Path AI,Telecommunications,Remote,Yes,Full-time,"Data Visualization, Tableau, SQL, Statistics, Excel, Kubernetes",51-200,82500.0,47,2025-10-30
JOB05825,Director of Data Science,Manager,10.0,Vertex Analytics,Finance,"Austin, USA",No,Full-time,"AWS, LLMs, Generative AI, Statistics, MLOps",201-1000,275000.0,88,2026-06-11
JOB05826,AI Research Assistant,Entry,0.0,Vertex Analytics,Gaming,Remote,Yes,Full-time,"Excel, Tableau, Statistics, SQL, Data Visualization",201-1000,74500.0,44,2025-12-12
JOB05827,ML Engineer I,Entry,0.0,Atlas Intelligence,Finance,"Dublin, Ireland",No,Full-time,"Excel, SQL, Data Visualization, Tableau",51-200,79000.0,18,2026-03-13
JOB05829,Data Scientist,Mid,3.0,Corelytics,E-commerce,"New York, USA",No,Full-time,"Spark, Deep Learning, Python, Machine Learning, MLOps",5000+,141500.0,49,2026-05-19
JOB05830,Machine Learning Engineer,Mid,3.0,Quantum Insight,Finance,"Berlin, Germany",No,Full-time,"Power BI, Spark, NLP",1001-5000,110500.0,57,2026-04-06
JOB05831,Senior ML Engineer,Senior,6.0,Novacore AI,Consulting,"Austin, USA",No,Full-time,"NLP, Machine Learning, Computer Vision, Generative AI, Power BI",5000+,184500.0,54,2025-08-07
JOB05832,VP of Machine Learning,Manager,10.0,Clearline Systems,Technology,"London, UK",No,Full-time,"AWS, Statistics, LLMs, Generative AI",5000+,318500.0,73,2025-11-04
JOB05834,AI Engineer,Mid,3.0,DataForge,Gaming,Singapore,Yes,Full-time,"PyTorch, NLP, AWS, GCP",51-200,125500.0,42,2025-09-09
JOB05835,AI Engineer,Mid,3.0,Atlas Intelligence,Healthcare,Singapore,Yes,Full-time,"PyTorch, Power BI, TensorFlow, Spark, Deep Learning, Python",1001-5000,121500.0,20,2025-07-01
JOB05836,NLP Engineer,Mid,3.0,Zenith Data Group,Gaming,"Bengaluru, India",Yes,Full-time,"PyTorch, Power BI, Python, Deep Learning, Spark",1001-5000,48000.0,90,2025-07-08
JOB05837,NLP Engineer,Mid,3.0,Pulse Robotics,Telecommunications,"Sydney, Australia",Yes,Full-time,"SQL, Deep Learning, PyTorch, Machine Learning",51-200,128000.0,37,2026-03-22
JOB05838,Director of Data Science,Manager,10.0,Silverline AI,Telecommunications,"San Francisco, USA",No,Full-time,"GCP, Statistics, MLOps",5000+,297000.0,59,2026-06-12
JOB05839,Data Science Manager,Manager,10.0,Skyline Data Co,E-commerce,"Berlin, Germany",No,Full-time,"MLOps, GCP, Statistics, LLMs, PyTorch",201-1000,166000.0,26,2025-09-19
JOB05840,Senior ML Engineer,Senior,6.0,Clearline Systems,Technology,"Bengaluru, India",No,Part-time,"AWS, GCP, Deep Learning, Azure, Generative AI",1-50,84500.0,25,2026-05-03
JOB05842,AI Engineer,Mid,3.0,Zenith Data Group,Education,"Sydney, Australia",Yes,Full-time,"Deep Learning, NLP, Power BI, Python, AWS",5000+,107500.0,56,2025-09-09
JOB05843,VP of Machine Learning,Manager,10.0,Quantum Insight,Automotive,"Dublin, Ireland",Yes,Full-time,"AWS, LLMs, A/B Testing, GCP, Generative AI, NLP",1-50,181000.0,119,2026-02-26
JOB05844,VP of Machine Learning,Manager,10.0,Fusion Analytics,Automotive,"Dublin, Ireland",No,Full-time,"AWS, Statistics, MLOps, A/B Testing, GCP",201-1000,290000.0,21,2025-08-30
JOB05846,Director of Data Science,Manager,10.0,Nexora AI,Gaming,"Sydney, Australia",No,Full-time,"MLOps, LLMs, Statistics, Generative AI, A/B Testing",5000+,318000.0,22,2025-07-03
JOB05848,Data Scientist,Mid,3.0,Bright Path AI,Consulting,"Sydney, Australia",No,Full-time,"Deep Learning, Spark, NLP, Python, SQL",5000+,122000.0,103,2025-08-08
JOB05849,BI Analyst,Entry,0.0,Quantum Insight,Automotive,Singapore,No,Full-time,"Tableau, Statistics, Data Visualization, GCP",201-1000,69500.0,24,2025-12-31
JOB05850,AI Research Scientist,Senior,6.0,Quantum Insight,Automotive,"London, UK",Yes,Full-time,"Computer Vision, LLMs, NLP, MLOps, GCP, Python",1-50,179000.0,118,2026-05-31
JOB05852,Data Engineer,Mid,3.0,Skyline Data Co,Healthcare,"Dublin, Ireland",Yes,Contract,"Deep Learning, TensorFlow, Power BI, Spark, PyTorch, Statistics",51-200,93500.0,30,2026-06-18
JOB05853,AI Engineer,Mid,3.0,DataForge,Education,"Bengaluru, India",No,Full-time,"Python, SQL, Spark, NLP",51-200,42500.0,16,2026-02-09
JOB05854,Computer Vision Engineer,Mid,3.0,Vertex Analytics,Automotive,Singapore,No,Contract,"Power BI, SQL, PyTorch, TensorFlow",1001-5000,121500.0,87,2026-05-15
JOB05855,BI Analyst,Entry,0.0,Meridian Software,Gaming,"New York, USA",Yes,Full-time,"Statistics, Python, Data Visualization",1001-5000,85000.0,26,2026-03-03
JOB05856,Principal Data Scientist,Senior,6.0,Horizon Cloud,Healthcare,"New York, USA",Yes,Full-time,"Computer Vision, NLP, MLOps, Machine Learning",1001-5000,215500.0,25,2026-06-17
JOB05857,BI Analyst,Entry,0.0,Clearline Systems,Telecommunications,Singapore,Yes,Contract,"Python, SQL, Tableau",5000+,74000.0,54,2025-11-21
JOB05859,Data Engineer I,Entry,0.0,Ironpeak Tech,E-commerce,Singapore,No,Full-time,"SQL, Python, Tableau, Docker",1001-5000,76500.0,26,2026-04-22
JOB05860,Staff AI Engineer,Senior,6.0,Novacore AI,Automotive,Remote,Yes,Full-time,"AWS, Deep Learning, NLP, Generative AI",5000+,163000.0,12,2026-04-23
JOB05861,Computer Vision Engineer,Mid,3.0,Silverline AI,Healthcare,Remote,Yes,Full-time,"Spark, AWS, TensorFlow, PyTorch",51-200,108500.0,54,2025-10-18
JOB05862,BI Analyst,Entry,0.0,Atlas Intelligence,Education,"Berlin, Germany",No,Full-time,"Data Visualization, Excel, Python",201-1000,48000.0,10,2026-04-30
JOB05863,Analytics Engineer,Mid,3.0,Bluewave Tech,Consulting,"New York, USA",Yes,Full-time,"NLP, AWS, Power BI",1001-5000,116000.0,42,2026-04-09
JOB05864,Data Engineer I,Entry,0.0,Novacore AI,Technology,"Bengaluru, India",No,Part-time,"Python, SQL, Statistics, Excel",1001-5000,31500.0,38,2026-06-27
JOB05865,Data Engineer,Mid,3.0,Bright Path AI,Telecommunications,Singapore,Yes,Full-time,"Deep Learning, NLP, TensorFlow, Power BI, Excel",1001-5000,92000.0,12,2025-08-01
JOB05866,Senior Data Scientist,Senior,6.0,Zenith Data Group,Finance,"Dublin, Ireland",Yes,Full-time,"Kubernetes, Generative AI, AWS, LLMs, Computer Vision, Statistics",1001-5000,170500.0,94,2026-04-02
JOB05867,Junior Data Scientist,Entry,0.0,Pulse Robotics,Gaming,"London, UK",No,Full-time,"Python, Data Visualization, SQL, Statistics, Tableau, Kubernetes",51-200,90500.0,6,2026-03-06
JOB05868,BI Analyst,Entry,0.0,Clearline Systems,Finance,Singapore,No,Full-time,"Tableau, SQL, Data Visualization",1-50,86000.0,74,2025-12-15
JOB05869,AI Engineer,Mid,3.0,Northstar Labs,Manufacturing,"Austin, USA",No,Full-time,"Deep Learning, Machine Learning, NLP, TensorFlow, PyTorch, Python",1001-5000,139500.0,25,2026-05-13
JOB05870,ML Engineer I,Entry,0.0,Pulse Robotics,Consulting,"Berlin, Germany",No,Full-time,"SQL, Statistics, Python",201-1000,53000.0,11,2026-05-31
JOB05871,VP of Machine Learning,Manager,10.0,Horizon Cloud,Consulting,"London, UK",Yes,Full-time,"Generative AI, LLMs, A/B Testing, AWS, TensorFlow",201-1000,268500.0,107,2025-08-12
JOB05872,Junior Data Scientist,Entry,0.0,Meridian Software,Telecommunications,"San Francisco, USA",Yes,Full-time,"Tableau, Excel, SQL, Data Visualization, Statistics",5000+,100500.0,25,2026-05-17
JOB05873,BI Analyst,Entry,0.0,Silverline AI,E-commerce,"Bengaluru, India",Yes,Contract,"Statistics, Excel, Data Visualization, SQL",51-200,39000.0,81,2026-03-16
JOB05874,Data Analyst,Entry,0.0,Corelytics,Telecommunications,"New York, USA",Yes,Full-time,"Python, SQL, Tableau, Statistics, Excel",5000+,95000.0,140,2026-06-17
JOB05875,Senior ML Engineer,Senior,6.0,Zenith Data Group,Education,"Berlin, Germany",No,Full-time,"Deep Learning, LLMs, Kubernetes, Azure, MLOps, AWS",201-1000,170000.0,87,2026-03-12
JOB05876,AI Research Assistant,Entry,0.0,Vertex Analytics,Manufacturing,"Toronto, Canada",No,Full-time,"Data Visualization, Python, SQL, Statistics, Excel, Kubernetes",1-50,75500.0,85,2025-12-08
JOB05877,Senior ML Engineer,Senior,6.0,Novacore AI,Automotive,"Bengaluru, India",Yes,Contract,"MLOps, LLMs, Generative AI, Kubernetes, Computer Vision",5000+,78000.0,104,2026-07-15
JOB05878,Data Engineer I,Entry,0.0,Nexora AI,Technology,Singapore,Yes,Full-time,"Data Visualization, Python, Excel, Statistics, Spark",201-1000,63000.0,16,2025-07-11
JOB05879,VP of Machine Learning,Manager,10.0,Corelytics,Consulting,"London, UK",No,Full-time,"Generative AI, MLOps, A/B Testing, AWS, LLMs, Statistics",5000+,266000.0,107,2025-08-09
JOB05880,ML Engineer I,Entry,0.0,Ironpeak Tech,Education,"Austin, USA",Yes,Full-time,"Tableau, SQL, Statistics, PyTorch",1001-5000,65500.0,64,2026-05-15
JOB05881,AI Engineer,Mid,3.0,Bluewave Tech,Telecommunications,"New York, USA",Yes,Full-time,"Spark, NLP, AWS, SQL",51-200,147000.0,28,2025-12-21
JOB05882,Senior Data Scientist,Senior,6.0,Pulse Robotics,Manufacturing,Singapore,No,Full-time,"Machine Learning, Azure, GCP, MLOps",1001-5000,195000.0,1,2026-07-14
JOB05883,Junior Data Scientist,Entry,0.0,Fusion Analytics,Education,"London, UK",No,Full-time,"Statistics, Data Visualization, Tableau",51-200,87500.0,39,2025-09-03
JOB05884,Machine Learning Engineer,Mid,3.0,Northstar Labs,Consulting,Singapore,No,Full-time,"NLP, SQL, Deep Learning",201-1000,114000.0,42,2025-10-20
JOB05885,Principal Data Scientist,Senior,6.0,Fusion Analytics,Telecommunications,Singapore,No,Full-time,"LLMs, MLOps, Deep Learning",1001-5000,172500.0,50,2025-08-08
JOB05886,Data Analyst,Entry,0.0,Pulse Robotics,Gaming,"Berlin, Germany",No,Full-time,"SQL, Tableau, Excel, Statistics",1001-5000,53000.0,33,2026-03-08
JOB05887,Computer Vision Engineer,Mid,3.0,Bright Path AI,Manufacturing,Remote,Yes,Full-time,"Deep Learning, AWS, Machine Learning, Python, NLP, R",201-1000,121000.0,130,2026-06-03
JOB05888,Data Science Manager,Manager,10.0,Vertex Analytics,Finance,"San Francisco, USA",No,Full-time,"A/B Testing, GCP, Statistics, Kubernetes",51-200,248000.0,17,2026-04-18
JOB05889,Senior Data Scientist,Senior,6.0,Zenith Data Group,Finance,"Sydney, Australia",No,Full-time,"Deep Learning, NLP, Machine Learning",1001-5000,154500.0,59,2026-01-23
JOB05890,AI Research Scientist,Senior,6.0,Fusion Analytics,E-commerce,"London, UK",No,Full-time,"LLMs, Kubernetes, Computer Vision, Azure, Docker",51-200,186500.0,43,2026-02-20
JOB05891,Analytics Engineer,Mid,3.0,Bright Path AI,Healthcare,"San Francisco, USA",No,Contract,"TensorFlow, SQL, NLP",51-200,134000.0,83,2026-05-05
JOB05892,ML Engineer I,Entry,0.0,Bright Path AI,Technology,"Austin, USA",Yes,Contract,"SQL, Statistics, Excel, Python, Tableau, LLMs",51-200,60000.0,39,2025-10-23
JOB05893,AI Engineer,Mid,3.0,Horizon Cloud,Education,"San Francisco, USA",Yes,Full-time,"Spark, Power BI, Deep Learning, Machine Learning, Statistics",201-1000,140500.0,101,2026-06-20
JOB05894,Analytics Engineer,Mid,3.0,Pulse Robotics,Healthcare,"Toronto, Canada",No,Full-time,"SQL, TensorFlow, Python, Machine Learning",5000+,111500.0,37,2026-02-10
JOB05895,Data Engineer I,Entry,0.0,Quantum Insight,Finance,"Toronto, Canada",No,Full-time,"Python, Statistics, Tableau",51-200,61500.0,5,2026-02-09
JOB05896,Senior Data Scientist,Senior,6.0,Orbital Systems,Finance,"Toronto, Canada",No,Full-time,"LLMs, Deep Learning, GCP",1001-5000,161000.0,98,2025-11-11
JOB05897,Lead Data Engineer,Senior,6.0,Atlas Intelligence,Telecommunications,"San Francisco, USA",No,Full-time,"LLMs, Computer Vision, Machine Learning, NLP",201-1000,187000.0,27,2026-04-27
JOB05898,Analytics Engineer,Mid,3.0,Bright Path AI,Gaming,"London, UK",No,Full-time,"NLP, Deep Learning, Power BI, TensorFlow",201-1000,114500.0,42,2026-02-05
JOB05899,Staff AI Engineer,Senior,6.0,Quantum Insight,Telecommunications,"New York, USA",No,Full-time,"Machine Learning, Generative AI, MLOps",51-200,189000.0,33,2026-01-22
JOB05900,Data Science Manager,Manager,10.0,Corelytics,Finance,"Dublin, Ireland",No,Full-time,"AWS, MLOps, A/B Testing, LLMs, GCP",1001-5000,181500.0,5,2025-10-04
JOB05901,BI Analyst,Entry,0.0,Skyline Data Co,Telecommunications,"Berlin, Germany",No,Full-time,"Python, Statistics, SQL, Tableau",201-1000,56500.0,28,2026-01-21
JOB05902,Principal Data Scientist,Senior,6.0,Northstar Labs,Education,"London, UK",No,Full-time,"Kubernetes, LLMs, Machine Learning, Azure, Computer Vision, Statistics",51-200,169500.0,26,2026-01-23
JOB05903,Data Engineer I,Entry,0.0,Fusion Analytics,Telecommunications,"San Francisco, USA",Yes,Full-time,"Statistics, Python, Tableau",201-1000,115000.0,18,2025-07-17
JOB05904,Staff AI Engineer,Senior,6.0,Meridian Software,Healthcare,"London, UK",No,Full-time,"NLP, Deep Learning, Generative AI",51-200,151500.0,16,2025-12-18
JOB05905,NLP Engineer,Mid,3.0,DataForge,Manufacturing,"Berlin, Germany",Yes,Full-time,"NLP, TensorFlow, Python, Tableau",51-200,91000.0,39,2025-08-06
JOB05906,Data Analyst,Entry,0.0,Ironpeak Tech,Finance,"Bengaluru, India",No,Full-time,"Python, Tableau, Excel, Statistics, Data Visualization, TensorFlow",201-1000,39500.0,72,2026-02-19
JOB05907,VP of Machine Learning,Manager,10.0,DataForge,Healthcare,"Dublin, Ireland",Yes,Full-time,"Generative AI, Statistics, GCP",51-200,223500.0,29,2025-11-11
JOB05908,Lead Data Engineer,Senior,6.0,Skyline Data Co,E-commerce,Remote,Yes,Full-time,"Kubernetes, Deep Learning, LLMs, Generative AI",1-50,141000.0,46,2026-04-04
JOB05909,AI Engineer,Mid,3.0,Atlas Intelligence,Telecommunications,Singapore,Yes,Full-time,"SQL, Spark, TensorFlow",5000+,116000.0,62,2026-03-31
JOB05910,Lead Data Engineer,Senior,6.0,Vertex Analytics,Finance,"Austin, USA",No,Full-time,"Machine Learning, NLP, AWS",1-50,163000.0,14,2025-12-31
JOB05911,Machine Learning Engineer,Mid,3.0,Northstar Labs,Manufacturing,"Berlin, Germany",No,Full-time,"Power BI, Python, TensorFlow, AWS, Machine Learning, A/B Testing",51-200,94500.0,13,2025-10-30
JOB05914,Computer Vision Engineer,Mid,3.0,Fusion Analytics,Finance,"Berlin, Germany",No,Contract,"Spark, Python, Machine Learning, Excel",5000+,109500.0,13,2025-10-27
JOB05915,AI Research Assistant,Entry,0.0,Quantum Insight,Finance,Remote,Yes,Full-time,"Python, Statistics, Data Visualization, Docker",201-1000,67500.0,51,2025-10-15
JOB05916,Machine Learning Engineer,Mid,3.0,Clearline Systems,Healthcare,"Sydney, Australia",No,Full-time,"Python, SQL, NLP, Statistics",5000+,96000.0,92,2025-12-22
JOB05918,BI Analyst,Entry,0.0,Bluewave Tech,Gaming,Remote,Yes,Full-time,"Excel, Tableau, Statistics, Python, SQL",201-1000,58500.0,59,2025-07-03
JOB05919,Junior Data Scientist,Entry,0.0,Pulse Robotics,Education,"San Francisco, USA",No,Full-time,"Statistics, Excel, Python",201-1000,106000.0,111,2026-04-12
JOB05920,Machine Learning Engineer,Mid,3.0,Pulse Robotics,Telecommunications,"London, UK",Yes,Full-time,"AWS, Spark, TensorFlow, NLP, Power BI",201-1000,116500.0,32,2026-02-19
JOB05921,AI Research Assistant,Entry,0.0,Novacore AI,Gaming,"Toronto, Canada",Yes,Full-time,"Data Visualization, SQL, Tableau, Excel, Statistics",51-200,68000.0,81,2025-10-07
JOB05922,Junior Data Scientist,Entry,0.0,Pulse Robotics,Automotive,"Sydney, Australia",No,Full-time,"Statistics, Tableau, Python, Excel, SQL",51-200,88000.0,21,2026-03-21
JOB05924,Data Scientist,Mid,3.0,Skyline Data Co,Consulting,"Toronto, Canada",No,Full-time,"NLP, Python, Power BI",51-200,96500.0,41,2026-02-28
JOB05925,Computer Vision Engineer,Mid,3.0,Vertex Analytics,Technology,"Berlin, Germany",Yes,Full-time,"Spark, SQL, Machine Learning, Power BI, Deep Learning",5000+,116500.0,25,2026-03-21
JOB05926,NLP Engineer,Mid,3.0,Atlas Intelligence,Healthcare,"London, UK",No,Full-time,"NLP, AWS, Python, Power BI, Spark",51-200,139000.0,10,2025-07-24
JOB05927,Data Analyst,Entry,0.0,Vertex Analytics,Telecommunications,"Berlin, Germany",No,Full-time,"Python, Data Visualization, Statistics, SQL, Excel",201-1000,49000.0,29,2025-07-13
JOB05928,Computer Vision Engineer,Mid,3.0,Zenith Data Group,Manufacturing,"Dublin, Ireland",Yes,Full-time,"Python, PyTorch, Power BI, Deep Learning",201-1000,109000.0,74,2026-03-28
JOB05929,Data Analyst,Entry,0.0,Ironpeak Tech,Gaming,"Sydney, Australia",No,Full-time,"Statistics, Data Visualization, Python, Tableau, SQL",1-50,90000.0,119,2026-04-02
JOB05930,Analytics Engineer,Mid,3.0,Zenith Data Group,Manufacturing,Singapore,Yes,Full-time,"TensorFlow, PyTorch, Python, A/B Testing",51-200,115500.0,66,2025-12-20
JOB05931,AI Research Assistant,Entry,0.0,Novacore AI,Consulting,Remote,Yes,Full-time,"Tableau, Data Visualization, SQL, Statistics, Python, Airflow",201-1000,53500.0,43,2026-06-16
JOB05932,AI Research Scientist,Senior,6.0,Vertex Analytics,Manufacturing,"London, UK",No,Full-time,"GCP, Deep Learning, Computer Vision, LLMs, Generative AI",1001-5000,197500.0,72,2026-06-17
JOB05933,Data Engineer,Mid,3.0,Atlas Intelligence,Gaming,"Bengaluru, India",No,Full-time,"SQL, TensorFlow, Power BI, PyTorch, Data Visualization",1001-5000,45500.0,89,2025-07-02
JOB05934,AI Engineer,Mid,3.0,Pulse Robotics,Finance,"Sydney, Australia",No,Full-time,"TensorFlow, Deep Learning, Python, PyTorch, Machine Learning, Excel",1001-5000,111500.0,37,2025-11-09
JOB05935,Data Scientist,Mid,3.0,Ironpeak Tech,E-commerce,"San Francisco, USA",Yes,Full-time,"TensorFlow, Python, AWS",1001-5000,133500.0,33,2025-09-01
JOB05936,Staff AI Engineer,Senior,6.0,Orbital Systems,E-commerce,"New York, USA",Yes,Full-time,"AWS, Kubernetes, GCP, NLP, PyTorch",51-200,193500.0,2,2025-11-20
JOB05937,Data Engineer,Mid,3.0,DataForge,Consulting,"Dublin, Ireland",No,Full-time,"Power BI, PyTorch, Python, NLP",51-200,106500.0,50,2026-06-14
JOB05938,Principal Data Scientist,Senior,6.0,Meridian Software,Healthcare,"Berlin, Germany",Yes,Full-time,"NLP, GCP, Kubernetes",1001-5000,131500.0,2,2026-04-03
JOB05939,ML Engineer I,Entry,0.0,Quantum Insight,Finance,"Bengaluru, India",No,Full-time,"Python, SQL, Tableau, Data Visualization",201-1000,32000.0,21,2026-03-26
JOB05940,Staff AI Engineer,Senior,6.0,Zenith Data Group,E-commerce,"Sydney, Australia",No,Full-time,"Azure, MLOps, LLMs, Kubernetes, Generative AI",51-200,193500.0,26,2026-04-05
JOB05941,Lead Data Engineer,Senior,6.0,Nexora AI,Consulting,"Sydney, Australia",No,Contract,"Deep Learning, LLMs, Computer Vision",51-200,208000.0,39,2025-08-18
JOB05942,ML Engineer I,Entry,0.0,Corelytics,Manufacturing,"New York, USA",No,Full-time,"Tableau, Python, SQL, Data Visualization",5000+,80000.0,20,2025-09-20
JOB05943,BI Analyst,Entry,0.0,DataForge,Telecommunications,"Berlin, Germany",No,Full-time,"Excel, Statistics, Python",1-50,76500.0,44,2025-09-11
JOB05944,BI Analyst,Entry,0.0,Clearline Systems,Automotive,Singapore,Yes,Contract,"Statistics, Excel, Tableau, Data Visualization",201-1000,81000.0,22,2025-10-22
JOB05945,Data Analyst,Entry,0.0,Silverline AI,Telecommunications,"Bengaluru, India",Yes,Full-time,"Statistics, Data Visualization, SQL, Excel, Python, Airflow",1-50,34500.0,133,2026-03-14
JOB05946,Head of AI,Manager,10.0,Novacore AI,Consulting,Singapore,No,Full-time,"Generative AI, LLMs, AWS",51-200,307000.0,10,2025-10-17
JOB05947,VP of Machine Learning,Manager,10.0,Ironpeak Tech,Education,"Austin, USA",No,Full-time,"MLOps, LLMs, AWS, GCP",201-1000,238500.0,40,2025-08-16
JOB05948,Head of Analytics,Manager,10.0,Bright Path AI,Telecommunications,"Dublin, Ireland",No,Full-time,"LLMs, GCP, AWS, Generative AI, MLOps",201-1000,266000.0,38,2025-12-02
JOB05949,Head of AI,Manager,10.0,Northstar Labs,Gaming,"Toronto, Canada",Yes,Full-time,"Generative AI, AWS, A/B Testing, Statistics, MLOps",1-50,207500.0,16,2026-05-28
JOB05950,Senior ML Engineer,Senior,6.0,Ironpeak Tech,Consulting,"London, UK",Yes,Contract,"GCP, Generative AI, Azure, LLMs, Computer Vision",5000+,204500.0,88,2026-06-22
JOB05951,Senior Data Scientist,Senior,6.0,Nexora AI,Automotive,"Toronto, Canada",Yes,Full-time,"Kubernetes, Computer Vision, GCP, Generative AI",1001-5000,153000.0,111,2025-08-07
JOB05952,Lead Data Engineer,Senior,6.0,Skyline Data Co,Finance,"London, UK",No,Full-time,"Generative AI, GCP, NLP, Azure",201-1000,158500.0,61,2026-05-17
JOB05953,BI Analyst,Entry,0.0,Novacore AI,Consulting,"London, UK",No,Full-time,"Data Visualization, Statistics, Excel, Tableau",201-1000,76000.0,124,2025-11-30
JOB05954,Principal Data Scientist,Senior,6.0,DataForge,Consulting,"Toronto, Canada",Yes,Full-time,"Deep Learning, Computer Vision, GCP, NLP, Generative AI",201-1000,186500.0,12,2026-01-12
JOB05955,AI Research Scientist,Senior,6.0,Quantum Insight,Technology,"San Francisco, USA",Yes,Full-time,"LLMs, Azure, AWS",201-1000,265500.0,94,2025-09-11
JOB05956,Computer Vision Engineer,Mid,3.0,Meridian Software,Telecommunications,Singapore,No,Full-time,"Deep Learning, PyTorch, AWS, TensorFlow, Power BI",1001-5000,102000.0,66,2026-02-25
JOB05958,Senior ML Engineer,Senior,6.0,DataForge,Finance,"Berlin, Germany",No,Full-time,"Azure, NLP, Deep Learning, TensorFlow",51-200,169500.0,28,2026-05-27
JOB05959,AI Research Assistant,Entry,0.0,Northstar Labs,Education,Singapore,Yes,Full-time,"Excel, SQL, Data Visualization, Statistics, Deep Learning",201-1000,83000.0,58,2026-06-05
JOB05960,Data Scientist,Mid,3.0,Clearline Systems,Finance,"Dublin, Ireland",No,Contract,"Python, PyTorch, Power BI, TensorFlow",201-1000,100000.0,34,2026-01-25
JOB05961,Analytics Engineer,Mid,3.0,Vertex Analytics,Healthcare,"Bengaluru, India",No,Full-time,"TensorFlow, Deep Learning, NLP, Python, SQL",1-50,50000.0,56,2025-07-17
JOB05962,ML Engineer I,Entry,0.0,Ironpeak Tech,Consulting,"Toronto, Canada",No,Full-time,"Data Visualization, Tableau, Statistics, Python",51-200,60500.0,42,2025-09-23
JOB05963,NLP Engineer,Mid,3.0,DataForge,Consulting,"London, UK",Yes,Full-time,"TensorFlow, Spark, AWS, PyTorch, SQL",5000+,112500.0,11,2026-01-21
JOB05964,Data Engineer I,Entry,0.0,Skyline Data Co,Technology,"Toronto, Canada",No,Full-time,"Statistics, Tableau, Python, Data Visualization, SQL",1-50,52500.0,39,2025-09-03
JOB05965,AI Engineer,Mid,3.0,Atlas Intelligence,Telecommunications,Remote,Yes,Contract,"Deep Learning, PyTorch, Machine Learning, Python",1-50,89500.0,9,2026-01-25
JOB05966,Analytics Engineer,Mid,3.0,Corelytics,Technology,"Austin, USA",Yes,Full-time,"Power BI, NLP, Python, SQL",1001-5000,96500.0,5,2025-07-08
JOB05967,NLP Engineer,Mid,3.0,Silverline AI,Healthcare,Remote,Yes,Full-time,"NLP, TensorFlow, AWS",1001-5000,110000.0,76,2026-06-19
JOB05968,BI Analyst,Entry,0.0,Silverline AI,Healthcare,"Toronto, Canada",Yes,Full-time,"Python, Excel, SQL, Kubernetes",1-50,78500.0,36,2026-07-01
JOB05969,Data Engineer,Mid,3.0,Vertex Analytics,Telecommunications,Singapore,No,Full-time,"PyTorch, Deep Learning, AWS, Power BI, TensorFlow",1001-5000,125500.0,17,2026-07-12
JOB05970,Principal Data Scientist,Senior,6.0,Pulse Robotics,Manufacturing,Remote,Yes,Full-time,"NLP, MLOps, Azure, AWS",1001-5000,172000.0,24,2026-03-28
JOB05971,Staff AI Engineer,Senior,6.0,Skyline Data Co,Telecommunications,"Toronto, Canada",No,Part-time,"Generative AI, Computer Vision, LLMs, Machine Learning",1001-5000,169500.0,10,2025-11-28
JOB05972,BI Analyst,Entry,0.0,Skyline Data Co,Technology,"Dublin, Ireland",Yes,Full-time,"Python, Statistics, Data Visualization, Excel",51-200,54000.0,92,2026-02-12
JOB05973,BI Analyst,Entry,0.0,Vertex Analytics,Telecommunications,"New York, USA",No,Full-time,"Tableau, Statistics, Excel, Python",51-200,73000.0,32,2025-07-18
JOB05974,Data Analyst,Entry,0.0,Fusion Analytics,E-commerce,"Toronto, Canada",Yes,Full-time,"Python, Data Visualization, Tableau, Statistics, SQL, Deep Learning",201-1000,61500.0,16,2026-03-31
JOB05975,Head of AI,Manager,10.0,Horizon Cloud,E-commerce,Singapore,Yes,Full-time,"Generative AI, GCP, A/B Testing, Statistics, LLMs, Kubernetes",1001-5000,285500.0,16,2025-11-01
JOB05976,AI Research Assistant,Entry,0.0,Silverline AI,Consulting,Singapore,Yes,Full-time,"Tableau, Statistics, Data Visualization, SQL",201-1000,88500.0,65,2026-06-25
JOB05978,Machine Learning Engineer,Mid,3.0,Skyline Data Co,Education,"Toronto, Canada",Yes,Contract,"Python, Power BI, AWS, Excel",51-200,93000.0,8,2025-10-06
JOB05979,NLP Engineer,Mid,3.0,Nexora AI,Education,"New York, USA",No,Full-time,"NLP, TensorFlow, Python, Power BI, Azure",51-200,157000.0,122,2025-10-04
JOB05980,Analytics Engineer,Mid,3.0,Northstar Labs,Automotive,"Toronto, Canada",Yes,Full-time,"NLP, Python, Machine Learning, AWS, TensorFlow",201-1000,88000.0,55,2026-05-16
JOB05981,Machine Learning Engineer,Mid,3.0,Silverline AI,Healthcare,Remote,Yes,Full-time,"PyTorch, AWS, Python, Power BI, R",1-50,87000.0,17,2026-02-04
JOB05982,Lead Data Engineer,Senior,6.0,Pulse Robotics,Telecommunications,"Dublin, Ireland",No,Full-time,"Kubernetes, Computer Vision, NLP, Generative AI, AWS",1001-5000,166500.0,5,2025-07-12
JOB05983,Machine Learning Engineer,Mid,3.0,Corelytics,Manufacturing,"Austin, USA",No,Full-time,"Power BI, Machine Learning, PyTorch",51-200,97500.0,59,2025-12-29
JOB05984,Data Engineer,Mid,3.0,Vertex Analytics,Finance,"San Francisco, USA",No,Contract,"Python, Deep Learning, Spark, SQL",5000+,156000.0,30,2025-11-21
JOB05985,Data Engineer I,Entry,0.0,Northstar Labs,Gaming,"Dublin, Ireland",Yes,Full-time,"SQL, Data Visualization, Excel, Statistics, TensorFlow",5000+,72000.0,19,2025-10-09
JOB05986,Lead Data Engineer,Senior,6.0,Novacore AI,Telecommunications,"London, UK",Yes,Full-time,"Azure, MLOps, Computer Vision, Kubernetes",1-50,164500.0,44,2025-12-14
JOB05987,Lead Data Engineer,Senior,6.0,Clearline Systems,Finance,"Toronto, Canada",No,Full-time,"Deep Learning, Computer Vision, Generative AI, AWS",1001-5000,146500.0,50,2025-12-29
JOB05988,AI Research Assistant,Entry,0.0,Corelytics,Consulting,"Austin, USA",No,Full-time,"SQL, Tableau, Python, Excel, GCP",51-200,59500.0,8,2026-02-07
JOB05989,Machine Learning Engineer,Mid,3.0,Fusion Analytics,Consulting,"New York, USA",No,Full-time,"PyTorch, AWS, Power BI, Spark, A/B Testing",1001-5000,155000.0,65,2025-11-09
JOB05990,Analytics Engineer,Mid,3.0,Northstar Labs,Gaming,"Berlin, Germany",Yes,Full-time,"SQL, Deep Learning, PyTorch, NLP, AWS, LLMs",201-1000,117000.0,31,2025-08-17
JOB05991,Staff AI Engineer,Senior,6.0,Clearline Systems,Finance,"Berlin, Germany",Yes,Full-time,"MLOps, Machine Learning, Deep Learning, Power BI",201-1000,134500.0,19,2026-03-30
JOB05992,Analytics Engineer,Mid,3.0,Corelytics,Gaming,"Bengaluru, India",Yes,Full-time,"Deep Learning, Power BI, Machine Learning, Docker",1-50,53500.0,135,2026-01-29
JOB05994,AI Research Scientist,Senior,6.0,Novacore AI,Finance,"London, UK",Yes,Contract,"Generative AI, NLP, Computer Vision, Machine Learning",1001-5000,187000.0,21,2026-04-10
JOB05995,Data Scientist,Mid,3.0,Zenith Data Group,Finance,"New York, USA",No,Full-time,"Spark, PyTorch, Deep Learning, Power BI",1001-5000,112500.0,130,2026-02-21
JOB05996,Computer Vision Engineer,Mid,3.0,Orbital Systems,Telecommunications,"Austin, USA",Yes,Full-time,"Deep Learning, AWS, Power BI",201-1000,132000.0,31,2026-06-06
JOB05997,AI Engineer,Mid,3.0,Nexora AI,Gaming,"Berlin, Germany",No,Full-time,"Machine Learning, PyTorch, Python, NLP, SQL",1001-5000,100500.0,46,2026-06-04
JOB05998,Machine Learning Engineer,Mid,3.0,Northstar Labs,Finance,Singapore,Yes,Full-time,"Deep Learning, NLP, TensorFlow, Power BI, Generative AI",51-200,113000.0,40,2025-10-21
JOB05999,Lead Data Engineer,Senior,6.0,Corelytics,Telecommunications,"San Francisco, USA",No,Part-time,"LLMs, Azure, Kubernetes, Tableau",1001-5000,185000.0,40,2026-02-13
JOB06000,Data Scientist,Mid,3.0,Bright Path AI,Gaming,"Toronto, Canada",Yes,Full-time,"AWS, TensorFlow, SQL, PyTorch",1-50,124000.0,17,2025-11-29
